code,name,state,lat,lon,coord,hi,local
AA,Ataria,Uttar Pradesh,27.1727,80.861,osm,,
AABH,Amika Bhawani Halt,Bihar,25.7519,84.9694,osm,,
AADR,Amb Andaura,Himachal Pradesh,31.6703,76.1104,osm,अम्ब अन्दौरा,
AAG,Angar,Maharashtra,17.9284,75.6079,osm,,
AAH,Itehar,Madhya Pradesh,26.5619,78.672,osm,,
AAK,Ankai Kila,Maharashtra,20.1832,74.4369,datameet,,
AAL,Amlai,Madhya Pradesh,23.1731,81.5929,osm,,
AAM,Angadipuram Raiway Station,Kerala,10.9811,76.2081,osm,,
AAP,Ambiapur,Uttar Pradesh,26.5154,79.8269,datameet,,
AAR,Adesar,Gujarat,23.5527,70.9729,osm,,
AAS,Asranada,Rajasthan,26.3974,73.306,osm,,
AAV,Ambav,Gujarat,,,,,
AAY,Aralvaymozhi,Tamil Nadu,8.24836,77.5279,osm,,
AB,Ambur,Tamil Nadu,12.7841,78.7218,osm,आम्बूर,
ABB,Abada,West Bengal,22.5479,88.1995,osm,,
ABD,Ambli Road,Gujarat,23.0535,72.4934,osm,,
ABE,Ambkeshwar,Madhya Pradesh,26.366,77.9726,osm,,
ABEO,Pattaravakkam,Tamil Nadu,13.1145,80.1662,datameet,,
ABFC,Ambari Falakata,West Bengal,26.6411,88.5105,osm,आमबाड़ी फालाकाटा,
ABGT,Arabaghatta,Karnataka,13.8943,76.1383,osm,,ಅರಬಘಟ್ಟ
ABH,Ambarnath,Maharashtra,19.2101,73.1847,osm,अम्बरनाथ,
ABI,Ambaturai,Tamil Nadu,10.2725,77.9243,osm,अम्बात्तुरै,
ABKA,Ambika Kalna,West Bengal,23.2126,88.3539,osm,,
ABKP,Ambikapur,Chhattisgarh,23.1368,83.144,osm,अम्बिकापुर,
ABLE,Ambale,Maharashtra,18.4138,74.187,osm,,
ABO,Asthal Bohar Junction,Haryana,28.8581,76.6291,osm,,
ABP,Akbarpur Junction,Uttar Pradesh,26.4297,82.5393,osm,,
ABR,Abu Road,Rajasthan,24.4813,72.7853,osm,,
ABS,Abohar,Punjab,30.1394,74.1957,datameet,,
ABSA,Ambassa,Tripura,23.9311,91.8611,osm,,
ABU,Ambattur,Tamil Nadu,13.1141,80.1529,osm,,
ABW,Abutara Halt,West Bengal,26.0604,89.5296,osm,आबुतारा हल्ट,আবুতারা হল্ট
ABX,Ambari(Deccan),Maharashtra,19.6886,78.216,osm,,
ABY,Ambivli,Maharashtra,19.2683,73.1723,osm,आम्बीवली,
ABZ,Adgaon Buzurg,Maharashtra,21.1278,76.9437,osm,,
ACAB,A-Cabin Bondamunda,Odisha,22.2397,84.9456,datameet,,
ACCI,Adichunchanagiri,Karnataka,12.9695,76.7584,osm,,
ACG,Achegaon,Maharashtra,20.9732,75.9386,osm,,
ACH,Achalganj,Uttar Pradesh,26.4446,80.5454,datameet,,
ACK,Acharapakkam,Tamil Nadu,12.4071,79.8216,osm,,
ACL,Ancheli,Gujarat,20.8451,72.9454,osm,,
ACLE,Azimganj City,West Bengal,24.2398,88.2553,osm,,
ACN,Adichchanur,Tamil Nadu,12.044,79.1888,osm,,
ACND,Acharya Narendra Dev Nagar,Uttar Pradesh,26.7746,82.157,datameet,,
ACPR,Archipathar,Assam,27.6557,94.7798,osm,,
ACU,Achuara Halt,Bihar,25.4529,85.6573,osm,,
AD,Adoni,Andhra Pradesh,15.6176,77.2747,osm,,
ADB,Adilabad,Telangana,19.6808,78.5361,osm,आदिलाबाद,ఆదిలాబాద్
ADD,Adas Road,Gujarat,22.4869,73.0339,osm,,
ADE,Adari Road,Gujarat,20.9871,70.3307,osm,,
ADF,Adina,West Bengal,25.1146,88.123,osm,,
ADH,Andheri,Maharashtra,19.1197,72.8464,osm,अन्धेरी,अंधेरी
ADHL,Adihalli,Karnataka,13.2961,76.326,osm,,ಆದಿಹಳ್ಳಿ
ADI,Ahmedabad Junction,Gujarat,23.0263,72.601,osm,,
ADIJ,Ahmedabad Jn,Gujarat,23.0257,72.6017,datameet,,
ADL,Andul,West Bengal,22.5757,88.2395,osm,,
ADQ,Adhikari,West Bengal,26.5767,88.1699,osm,,
ADR,Mandi Adampur,Haryana,29.2832,75.4687,osm,,
ADRA,Adra Junction,West Bengal,23.4958,86.6746,osm,,
ADRE,Adra East Cabin,West Bengal,23.4928,86.6929,datameet,,
ADSR,Adsr,Bihar,24.9093,84.1922,datameet,,
ADST,Adisaptagram,West Bengal,22.9549,88.379,osm,,
ADT,Aduturai,Tamil Nadu,11.0091,79.4784,osm,,
ADTL,Adhartal,Madhya Pradesh,23.228,79.9729,osm,,
ADTP,Adityapur,Jharkhand,22.7827,86.159,osm,,
ADVI,Adavali,Maharashtra,16.9215,73.5928,osm,,
ADX,Adapur,Bihar,26.9255,84.9418,osm,,
AE,Amreli,Gujarat,21.6079,71.2281,osm,,
AED,Aulenda,Uttar Pradesh,27.0329,77.6158,osm,,
AEH,Anant Paith,Madhya Pradesh,25.9553,78.2764,osm,,
AEJ,Arnej,Gujarat,22.5814,72.2678,osm,,
AEK,Anekal Road,Karnataka,12.7236,77.7105,osm,,ಆನೇಕಲ್ ರಸ್ತೆ
AEL,Ateli,Haryana,28.1007,76.2535,osm,,
AEP,Amreli Para,Gujarat,21.5892,71.2127,osm,,
AEX,Adderi,Karnataka,14.1428,75.1534,osm,,
AF,Agra Fort,Uttar Pradesh,27.183,78.0187,osm,आगरा किला,
AFK,Angamali (Kaladi),Kerala,10.1838,76.3781,osm,,
AFR,Asafpur,Uttar Pradesh,28.4053,78.9056,osm,,
AG,Aranghata,West Bengal,23.2422,88.6135,osm,,
AGA,Agra City,Uttar Pradesh,27.1941,78.0155,osm,,
AGAE,Agradwip,West Bengal,23.5812,88.2263,osm,,
AGAS,Agas,Gujarat,22.5021,72.8839,osm,,
AGB,Ambagaon,Odisha,19.0616,82.2408,osm,,
AGC,Agra Cantonment,Uttar Pradesh,27.159,77.99,osm,आगरा छावनी,
AGCI,Angadi,Gujarat,22.8076,73.2861,osm,,
AGD,Agasod,Madhya Pradesh,24.234,78.2176,osm,,
AGDL,Agran Dhulgaon,Maharashtra,16.9552,74.9216,osm,,
AGE,Angai,Rajasthan,26.6044,77.4629,osm,,
AGI,Amguri Junction,Assam,26.8129,94.5242,osm,आमगुड़ी जंक्शन,আমগুৰি জংছন
AGL,Amargol,Karnataka,15.4113,75.0982,osm,,ಅಮರಗೋಳ
AGM,Agaram Sibbandi,Tamil Nadu,12.391,79.1023,osm,,
AGMN,Agomoni,Assam,26.2779,89.7659,osm,,
AGN,Amgaon,Maharashtra,21.3615,80.3741,osm,,
AGP,Agarpara,West Bengal,22.6829,88.3854,osm,,
AGQ,Asirgarh Road,Madhya Pradesh,21.3781,76.2675,osm,,
AGR,Amargarh,Madhya Pradesh,23.0627,74.7374,osm,,
AGT,Agthori,Assam,26.1986,91.686,osm,,
AGTL,Agartala,Tripura,23.7929,91.2786,osm,अगरतला,
AGTR,Agauthar Halt,Bihar,26.0085,84.844,osm,,
AGV,Angua,West Bengal,21.8953,87.2708,osm,,
AGY,Agori Khas,Uttar Pradesh,24.597,83.0552,osm,,
AGZ,Amagura,Chhattisgarh,19.0689,82.1477,osm,,
AH,Achhnera Junction,Uttar Pradesh,27.1816,77.7582,osm,,
AHA,Abhaipur,Bihar,25.2157,86.3229,osm,,
AHD,Aherwadi,Maharashtra,17.5045,75.9953,osm,,
AHH,Ahmedgarh,Punjab,30.6835,75.829,osm,,
AHI,Ashti,Maharashtra,17.8453,75.4033,osm,,
AHJU,Ahju,Himachal Pradesh,32.0241,76.7069,osm,आहजु,
AHL,Ajharail,Bihar,25.7816,87.8483,datameet,,
AHLR,Ahalyapur,Uttar Pradesh,26.4684,83.8248,osm,,
AHM,Ahimanpur,Uttar Pradesh,25.2522,82.5116,osm,,
AHMP,Adarsh Manpur,Bihar,25.1335,85.9222,osm,,
AHN,Ahiran,West Bengal,24.5189,88.0416,osm,,
AHO,Adarshnagar,Rajasthan,26.4109,74.6535,osm,,
AHQ,Ahera Halt,Uttar Pradesh,28.9311,77.2776,osm,,
AHU,Ahirauli,Uttar Pradesh,27.3032,83.0399,osm,,
AHZ,Adhinpur,Uttar Pradesh,26.4186,81.7267,osm,,
AI,Adipur Junction,Gujarat,23.0764,70.0782,osm,,
AIA,Ajaraka,Rajasthan,27.9602,76.5638,osm,,
AIG,Algawan,Uttar Pradesh,27.7008,79.9639,osm,,
AIH,Alawalpur Idrispur,Uttar Pradesh,29.0478,77.2712,osm,,
AII,Ajmer Junction,Rajasthan,26.4563,74.6373,osm,अजमेर जंक्शन,
AILM,Ailam,Uttar Pradesh,29.2717,77.2917,osm,,
AIP,Attippattu,Tamil Nadu,13.2608,80.2896,osm,,
AIPP,Attippattu Pudu Nagar,Tamil Nadu,13.2493,80.2996,datameet,,
AIR,Alindra Road,Gujarat,22.452,73.2563,osm,,
AIT,Ait Junction,Uttar Pradesh,25.9029,79.2296,osm,,
AJ,Ajgain,Uttar Pradesh,26.6174,80.6214,osm,,
AJE,Anjar,Gujarat,23.1194,70.0364,osm,,
AJH,Ajhai,Uttar Pradesh,27.6363,77.5581,osm,अझई,
AJI,Anjhi Shahabad,Uttar Pradesh,27.6443,79.9742,osm,,
AJIT,Ajit,Rajasthan,25.8597,72.6775,osm,,
AJJ,Arakkonam Junction,Tamil Nadu,13.0823,79.6685,osm,,
AJJN,Arakkonam Jn North,Tamil Nadu,13.0864,79.6484,datameet,,
AJK,Ajjakollu,Telangana,16.3298,77.8711,osm,,
AJKI,Ajit Kheri,Madhya Pradesh,23.0397,76.0453,osm,,
AJL,Ajitwal,Punjab,30.8083,75.3354,osm,,
AJLE,Azimganj Jn Cabin,West Bengal,24.2383,88.2574,datameet,,
AJM,Adraj Moti,Gujarat,23.2588,72.5656,datameet,,
AJN,Ajnod,Madhya Pradesh,22.9314,75.7384,osm,,
AJNI,Ajni,Maharashtra,21.1269,79.0826,osm,अजनी,
AJP,Ajjampura,Karnataka,13.7311,76.0103,osm,,ಅಜ್ಜಂಪುರ
AJR,Ajaibpur,Uttar Pradesh,28.4723,77.5941,osm,अजायबपुर,
AJRE,Aujari,Assam,26.1448,92.267,osm,,
AJTM,Ajit Gill Matta,Punjab,30.4829,74.8641,osm,,
AJU,Arjuni,Maharashtra,20.8182,80.0231,osm,,
AJUG,Abjuganj,Bihar,25.2424,86.7755,datameet,,
AK,Akola,Maharashtra,20.7228,77.0053,osm,,
AKAH,Aratlakatta,Andhra Pradesh,16.9276,82.1793,osm,,
AKAT,Akkampeta,Andhra Pradesh,13.6488,80.0185,osm,,
AKD,Akodia,Madhya Pradesh,23.3787,76.5994,osm,,
AKE,Akanapet,Telangana,18.1019,78.398,osm,अक्कनपेट,అక్కన్నపేట్
AKI,Adarki,Maharashtra,17.9222,74.1928,osm,,
AKIP,Akaipur,West Bengal,23.0953,88.7174,osm,,
AKJ,Akbarganj,Uttar Pradesh,26.531,81.5037,osm,,
AKK,Akkihebbalu,Karnataka,12.6255,76.3783,osm,,ಅಕ್ಕಿಹೆಬ್ಬಾಳು
AKL,Anakhol,Gujarat,23.2765,72.4101,osm,,
AKLA,Akola Junction,Maharashtra,20.72417,77.00562,osm,,
AKM,Arambakkam,Tamil Nadu,13.5331,80.0747,osm,अरम्बाक्कम,
AKN,Akbarnagar,Bihar,25.2353,86.8354,osm,,
AKNR,Adhyatmik Nagar,Uttar Pradesh,28.6799,77.4997,datameet,,
AKOR,Akalkot Road,Maharashtra,17.4508,76.1385,osm,,
AKOT,Akot,Maharashtra,21.0957,77.0467,osm,,
AKP,Anakapalle,Andhra Pradesh,17.6946,83.0087,osm,,
AKR,Akolner,Maharashtra,18.9839,74.6683,osm,,
AKRA,Akra,West Bengal,22.5147,88.2493,osm,,
AKRD,Akurdi,Maharashtra,18.6486,73.7647,osm,,
AKS,Ankuspur,Uttar Pradesh,25.5713,83.494,osm,,
AKT,Akaltara,Chhattisgarh,22.0292,82.4225,osm,,
AKU,Angalakuduru,Andhra Pradesh,16.2454,80.6093,osm,,
AKV,Ankleshwar Junction,Gujarat,21.6256,73.0011,osm,अंकलेश्वर जंक्शन,
AKVD,Akividu,Andhra Pradesh,16.5828,81.3692,osm,,
AKVU,Ankleshwar Udyog Nagar,Gujarat,21.6334,73.0336,osm,अंकलेश्वर उद्योगनगर,
AKW,Akona,Uttar Pradesh,25.5819,80.1471,osm,,
AKY,Akkurti,Andhra Pradesh,13.7833,79.6691,osm,,
AKZ,Akashi,Jharkhand,23.4048,84.8311,osm,आकाशी,
AL,Attili,Andhra Pradesh,16.6798,81.6162,osm,,
ALAI,Alai,Rajasthan,27.3376,73.5852,osm,,
ALAL,Alal,Punjab,30.3772,75.7319,osm,,
ALB,Alia Bada,Gujarat,22.4471,70.2109,osm,,
ALD,Allahabad Jn,Uttar Pradesh,25.4462,81.8288,datameet,,
ALE,Amleta,Gujarat,21.8379,73.4057,osm,अमलेथा,
ALER,Aler,Telangana,17.6456,79.0489,osm,,
ALGP,Algapur,Assam,24.7519,92.5948,osm,,
ALJ,Aliganj,Uttarakhand,29.1143,78.9198,osm,,
ALJN,Aligarh Junction,Uttar Pradesh,27.8888,78.0747,osm,,
ALK,Alakkudi,Tamil Nadu,10.7773,79.0529,osm,,
ALL,Alal,Punjab,30.3777,75.7207,datameet,,
ALLP,Alappuzha,Kerala,9.48465,76.3223,osm,,
ALM,Alamanda,Andhra Pradesh,18.0121,83.2706,osm,,
ALMR,Alampur,Gujarat,21.9599,71.7111,osm,,
ALMW,Almau,Uttar Pradesh,25.264,82.4755,osm,,
ALN,Alandi,Maharashtra,18.4629,74.0642,osm,,
ALNI,Alniya,Rajasthan,25.0322,75.9091,osm,,
ALNP,Akelahanspur,Uttar Pradesh,28.3322,80.324,osm,,
ALP,Alapakkam,Tamil Nadu,11.6188,79.7276,osm,,ஆலப்பாக்கம்
ALPD,Adalpahari,West Bengal,24.2082,87.7096,osm,,
ALPR,Alampur Road,Telangana,15.8955,78.0468,osm,,
ALS,Amlori Sarsar,Bihar,26.2913,84.3462,osm,,
ALU,Ariyalur,Tamil Nadu,11.1489,79.0686,osm,अरियालुर,
ALUR,Alur,Karnataka,12.9817,76.0004,osm,,ಆಲೂರು
ALV,Anklav,Gujarat,22.393,72.9999,osm,,
ALW,Alwal,Telangana,17.505,78.5147,osm,,
ALY,Allahabad City,Uttar Pradesh,25.4424,81.8297,datameet,,
AMA,Atamanda,Uttar Pradesh,28.5644,79.4635,osm,,
AMB,Ambadala,Odisha,19.8353,83.4572,osm,,
AMBG,Arambag,West Bengal,22.8882,87.7916,osm,,
AMBR,Ambika Rohina,Maharashtra,18.4422,76.9444,osm,,
AMC,Amritapura,Karnataka,14.1393,76.2439,osm,,ಅಮೃತಪುರ
AMD,Amila,Uttar Pradesh,26.1883,83.5228,osm,,
AMDI,Amdi Halt,Maharashtra,21.371,79.2523,osm,,
AME,Amethi,Uttar Pradesh,26.1529,81.8061,osm,,
AMG,Alamnagar,Uttar Pradesh,26.8415,80.8683,osm,आलम नगर,
AMGA,Amronga,Assam,25.982,90.854,osm,,
AMH,Azamgarh,Uttar Pradesh,26.039,83.1617,osm,,
AMI,Amravati,Maharashtra,20.9307,77.7581,osm,,
AMIN,Amin,Haryana,29.9046,76.8996,osm,,
AMJ,Amin Gaon,Assam,,,,,
AML,Amalsad,Gujarat,20.8114,72.956,osm,,
AMLA,Amla Juncion,Madhya Pradesh,21.9195,78.1228,osm,,
AMLI,Amli,Rajasthan,25.8281,76.2859,osm,,
AMLO,Amlo,Jharkhand,23.7689,85.9822,osm,,
AMLP,Amalpur,Gujarat,22.1626,73.5117,osm,,
AMLR,Amalanagar,Kerala,10.5621,76.1722,osm,,അമല നഗർ
AMLX,Amlx,,,,,,
AMM,Adirampattinam,Tamil Nadu,10.332,79.3849,osm,,அதிராம்பட்டினம்
AMNR,Ammanur,Tamil Nadu,10.6309,79.641,osm,,
AMO,Amolwa,Bihar,27.2118,84.478,osm,अमोलवा,
AMOD,Amod,Gujarat,21.9908,72.8655,datameet,,
AMP,Ahmadpur Junction,West Bengal,23.8327,87.6928,osm,अहमदपुर जंक्शन,
AMPA,Ambalappuzha,Kerala,9.38629,76.3627,osm,,അമ്പലപ്പുഴ
AMPL,Ammapali,Bihar,25.2717,87.4592,osm,अम्मापाली,
AMPR,Amarpura Rathan,Rajasthan,29.4419,74.0135,osm,,
AMQ,Ammuguda,Telangana,17.4864,78.5272,osm,,అమ్ముగూడ
AMRI,Anajmandi Rewari,Haryana,28.1837,76.6055,osm,,
AMRO,Amroha,Uttar Pradesh,28.8922,78.4744,osm,अमरोहा,
AMS,Amausi,Uttar Pradesh,26.7743,80.8414,osm,,
AMSA,Ammasandra,Karnataka,13.2649,76.7121,osm,,ಅಮ್ಮಸಂದ್ರ
AMT,Ammapet,Tamil Nadu,10.779,79.3248,osm,,
AMV,Lucknow Alambagh,Uttar Pradesh,26.7945,80.8731,datameet,,
AMVA,Amaravila,Kerala,8.39653,77.1006,osm,,അമരവിള
AMW,Amanwadi,Maharashtra,20.3664,77.0742,osm,,
AMX,Amalakhurd,Madhya Pradesh,21.5098,76.6507,osm,,
AMY,Akathumuri,Kerala,8.70068,76.7585,osm,,
AMZ,Amta,West Bengal,22.5744,88.0189,osm,,
AN,Amalner,Maharashtra,21.0493,75.0573,osm,,
ANA,Aslana,Madhya Pradesh,23.8601,79.3196,osm,,
ANAH,Aunta Halt,Bihar,25.3803,85.9497,osm,,
ANAS,Anas,Gujarat,22.8656,74.4215,osm,अनास,
ANB,Ammanabrolu,Andhra Pradesh,15.5966,80.149,osm,,
ANC,Annechakanahali,Karnataka,12.7399,76.2798,osm,,ಅಣ್ಣೆಚಾಕನಹಳ್ಳಿ
ANCR,Anchuri,West Bengal,23.2839,86.9932,datameet,,
AND,Andampallam,Tamil Nadu,12.0864,79.1694,osm,,
ANDI,Adarsh Nagar,Delhi,28.7144,77.1673,osm,,
ANDN,Anand Nagar Junction,Uttar Pradesh,27.0995,83.2699,osm,आनंद नगर जंक्शन,
ANE,Anantarajupet,Andhra Pradesh,13.9998,79.3027,osm,,
ANF,Anandapuram,Karnataka,14.0747,75.2099,osm,,ಆನಂದಪುರ
ANG,Ahmadnagar,Maharashtra,19.0743,74.722,osm,,
ANGL,Angul,Odisha,20.8603,85.1021,osm,,
ANGM,Aungari Dham,Bihar,25.1913,85.2263,osm,,
ANGR,Angadgeri,Karnataka,16.4515,75.8459,osm,,ಅಂಗಡಗೇರಿ
ANH,Ankorha,Bihar,24.7609,84.1698,osm,,
ANI,Ajanti,Madhya Pradesh,21.8949,76.2862,osm,,
ANJ,Anjangaon,Maharashtra,21.1632,77.3188,osm,,
ANJE,Angarpathra Halt,Jharkhand,23.7959,86.3112,osm,,
ANK,Ankai,Maharashtra,20.151,74.4698,datameet,,
ANKI,Anakhi,Gujarat,22.0751,72.8541,osm,अणखी,અણખી
ANKL,Ankola,Karnataka,14.6454,74.3319,osm,,ಅಂಕೋಲಾ
ANM,Anamalai Road,Tamil Nadu,10.6247,76.9351,osm,,ஆனைமலை ரோடு
ANMD,Arang Mahanadi,Chhattisgarh,21.1896,81.9555,osm,आरंग महानदी,
ANND,Anand Junction,Gujarat,22.5617,72.966,osm,,
ANNR,Annanur,Tamil Nadu,13.1164,80.1269,osm,,
ANO,Anjani,Maharashtra,17.6211,73.3997,osm,,
ANP,Anandtandavpur,Tamil Nadu,11.1447,79.6588,osm,,
ANPM,Anupalem,Andhra Pradesh,16.4695,79.9537,osm,,
ANPR,Anpara,Uttar Pradesh,24.2169,82.7661,osm,,
ANQ,Amnapur,Maharashtra,17.0464,74.4642,osm,,
ANR,Anara,West Bengal,23.4817,86.5606,osm,,
ANSB,Anandpur Sahib,Punjab,31.23,76.5006,osm,आनंदपुर साहिब,
ANT,Anantnag,Jammu and Kashmir,33.7386,75.1074,osm,,
ANTU,Antu,Uttar Pradesh,26.0552,81.8978,datameet,,
ANU,Anangur,Tamil Nadu,11.3984,77.821,osm,,
ANV,Annavaram,Andhra Pradesh,17.2692,82.4194,osm,,
ANVR,Anand Vihar,Delhi,28.6498,77.3145,osm,,
ANVT,Anand Vihar Terminal,Delhi,28.6488,77.3155,osm,,
ANW,Anaval,Gujarat,20.8431,73.2678,osm,अनावल,અનાવલ
ANY,Arumuganeri,Tamil Nadu,8.57945,78.092,osm,,
AO,Aonla,Uttar Pradesh,28.2959,79.1689,osm,,
AON,Araon,Uttar Pradesh,27.1143,78.6923,datameet,,
AONI,Amoni,Assam,26.4483,92.9198,osm,,
AOR,Argora,Jharkhand,23.3473,85.315,osm,अरगोड़ा,
AP,Ashokapuram,Karnataka,12.2741,76.636,osm,,ಅಶೋಕಪುರಂ
APA,Amarpura,Rajasthan,26.1142,74.2567,osm,,
APB,Anuppambattu,Tamil Nadu,13.3042,80.2309,osm,,
APCH,Alipurduar College,West Bengal,26.5017,89.5275,datameet,,
APD,Alipur Duar,West Bengal,26.4789,89.521,osm,अलीपुर द्वार,আলিপুরদুয়ার
APDC,Alipur Duar Court,West Bengal,26.5016,89.5279,osm,अलीपुर द्वार कोर्ट,আলিপুরদুয়ার কোর্ট
APDJ,Alipur Duar Junction,West Bengal,26.5233,89.5337,osm,अलीपुरद्वार जंक्शन,আলিপুরদুয়ার জংশন
APE,Andanapettai,Tamil Nadu,10.7536,79.8216,osm,,அந்தனபேட்டை
APG,Anupganj,Uttar Pradesh,26.7615,81.1033,osm,,
APH,Anupgarh,Rajasthan,29.1967,73.2046,osm,,
API,Akkaraipatti,Tamil Nadu,10.3998,77.9226,osm,अक्करईपट्टी,
APJ,Amarpur Jorasi,Haryana,28.0096,76.0551,osm,,
APK,Aruppukkottai,Tamil Nadu,9.52463,78.1029,osm,,
APL,Appikatla,Andhra Pradesh,15.9706,80.5143,osm,,
APN,Ayodhyapattanam,Tamil Nadu,11.6716,78.2342,osm,,
APP,Ambapendarpur Halt,Bihar,25.2647,85.5301,osm,,
APQ,Aditpara,Gujarat,21.6699,69.673,osm,,
APR,Anuppur Junction,Madhya Pradesh,23.1179,81.6965,osm,,
APRD,Ashapurna Devi,West Bengal,21.7216,87.6326,osm,,
APRH,Alehpur Halt,Bihar,26.2095,84.789,osm,,
APT,Anaparti,Andhra Pradesh,16.9362,81.9538,osm,,
APTA,Apta,Maharashtra,18.8637,73.1533,osm,,
APU,Anipur,Assam,24.5497,92.4283,osm,अनिपुर,
AQG,Ashapura Gomat,Rajasthan,26.9506,71.8931,osm,,
AQX,Aqx,,,,,,
ARA,Ara Junction,Bihar,25.5485,84.6616,osm,,
ARAG,Arag,Maharashtra,16.8225,74.7883,osm,,
ARCL,Arunachal Junction,Assam,24.8558,92.743,osm,अरुणाचल जंक्शन,
ARD,Amarda Road,Odisha,21.7339,87.1024,osm,,
ARE,Arnetha,Rajasthan,25.3899,76.0186,osm,,
ARG,Angar Ghat,Bihar,25.7934,85.9098,osm,,
ARGD,Arigada,Jharkhand,23.6443,85.468,osm,अरगडा,
ARGL,Argul,Odisha,20.1242,85.6706,osm,,
ARGP,Aralaguppe,Karnataka,13.2532,76.6135,osm,,ಅರಳಗುಪ್ಪೆ
ARH,Amhera,Uttar Pradesh,29.2622,78.2858,datameet,,
ARI,Antri,Madhya Pradesh,26.0356,78.227,osm,आंतरी,
ARJ,Aunrihar Junction,Uttar Pradesh,25.5451,83.1876,osm,,
ARK,Araku,Andhra Pradesh,18.3329,82.8653,osm,,
ARKA,Arkha,Uttar Pradesh,25.8875,81.3137,osm,,
ARL,Aroul,Uttar Pradesh,26.9206,80.019,osm,,
ARMU,Armur,Telangana,18.7808,78.3112,osm,,
ARN,Arand,Chhattisgarh,21.1025,82.181,osm,अरंड,
ARNA,Arniya,Rajasthan,27.0106,76.5177,osm,,
ARNB,Amarun,,,,,,
ARNG,Arunnagar,Maharashtra,20.7085,79.979,osm,,
ARNH,Arjunahalli,Karnataka,12.5284,76.3829,osm,,ಅರ್ಜುನಹಳ್ಳಿ
AROR,Aroor,Kerala,9.86692,76.2996,osm,,
ARP,Atrampur,Uttar Pradesh,25.5723,81.746,osm,,
ARPL,Arepalli,Telangana,16.2665,77.8592,osm,,
ARQ,Araria Court,Bihar,26.1148,87.4473,osm,अररिया कोर्,
ARR,Arariya,Bihar,26.1364,87.412,osm,अररिया,
ARS,Arasur,Tamil Nadu,11.2705,79.7247,datameet,,
ARU,Arasalu,Karnataka,13.9986,75.3128,osm,,ಅರಸಾಳು
ARV,Arni Road,Tamil Nadu,12.6321,79.2093,osm,,
ARVI,Arvi,Maharashtra,20.9929,78.2233,osm,,
ARW,Ahraura Road,Uttar Pradesh,25.1966,83.0193,osm,,
ARX,Areli,Uttar Pradesh,28.019,79.8856,osm,अरेली,
AS,Arjansar,Rajasthan,28.9319,73.8718,osm,,
ASAF,Asifabad Road,Telangana,19.2572,79.4167,osm,,
ASAN,Asan,Haryana,29.4014,76.8694,osm,,
ASAR,Asara,Uttar Pradesh,29.2494,77.2915,osm,,
ASB,Asanboni,Jharkhand,22.7054,86.3214,osm,,
ASCE,Athsarai,Uttar Pradesh,25.6789,81.2622,osm,,
ASD,Ambasamudram,Tamil Nadu,8.70825,77.4383,osm,,
ASE,Asaudah,Haryana,28.7368,76.8597,osm,आसौदा,
ASH,Aishbagh,Uttar Pradesh,26.8374,80.9098,osm,ऐशबाग,
ASI,Arseni,Uttar Pradesh,27.2431,80.3939,datameet,,
ASJP,Amar Saheed Jagdev P Halt,Bihar,25.5601,84.4097,datameet,,
ASK,Arsikere Junction,Karnataka,13.3138,76.2532,osm,,ಅರಸೀಕೆರೆ ಜಂಕ್ಷನ್
ASKN,Ashok Nagar,Madhya Pradesh,24.5792,77.728,osm,,
ASKR,Ashoknagar Road,West Bengal,22.8268,88.6286,osm,,
ASL,Aslaoda,Madhya Pradesh,23.2309,75.608,osm,,
ASLU,Aslu,Rajasthan,28.3685,75.0752,osm,,
ASM,Asarma,Gujarat,21.4589,73.0644,osm,,
ASN,Asansol Junction,West Bengal,23.6913,86.9748,osm,,
ASNE,Asansol East,West Bengal,23.6864,86.9912,datameet,,
ASO,Asangaon,Maharashtra,19.4398,73.308,osm,आसनगांव,
ASP,Aspari,Andhra Pradesh,15.4558,77.3562,osm,,
ASR,Amritsar Junction,Punjab,31.6332,74.8671,osm,,
ASSH,Aishbagh,Uttar Pradesh,26.8361,80.9086,datameet,,
AST,Asaoti,Haryana,28.2532,77.3236,osm,,
ASTG,Ashtegaon,Maharashtra,21.2974,77.9347,osm,,
ASV,Asarva,Gujarat,23.0441,72.6132,osm,,
AT,Asnoti,Karnataka,14.8763,74.1476,osm,,ಅಸ್ನೋತಿ
ATA,Ata,Uttar Pradesh,26.0444,79.5987,osm,,
ATB,Alattambadi,Tamil Nadu,10.6052,79.6402,osm,,
ATC,Arts College,Telangana,17.418,78.52,osm,,
ATDA,Atladara,Gujarat,22.2752,73.1535,osm,अटलादरा,અટલાદરા
ATE,Atarra,Uttar Pradesh,25.2907,80.577,osm,,
ATG,Atgaon,Maharashtra,19.5035,73.3283,osm,आटगांव,
ATH,Antah,Rajasthan,25.1608,76.3071,osm,,
ATKS,Atwa Kursath,Uttar Pradesh,27.1346,80.2672,datameet,,
ATL,Athmal Gola,Bihar,25.4535,85.622,osm,,
ATM,Altagram,West Bengal,26.6106,88.9432,osm,,
ATMO,Aithal,Uttarakhand,29.8081,78.0439,osm,,
ATNR,Awatar Nagar,Bihar,25.765,84.9565,osm,,
ATP,Anantapur,Andhra Pradesh,14.6863,77.5952,osm,अनन्तपुर,
ATPA,Awantipura,Jammu and Kashmir,33.888,74.9919,osm,,
ATQ,Arantangi,Tamil Nadu,10.1721,79.0033,osm,,அறந்தாங்கி
ATR,Attar,Madhya Pradesh,21.9985,76.2053,osm,,
ATRR,Atraura Halt,Uttar Pradesh,25.3217,82.2991,osm,,
ATRU,Atru,Rajasthan,24.8821,76.6701,osm,,
ATS,Attabira,Odisha,21.388,83.7929,osm,अताबिरा,ଅତାବିରା
ATT,Attari,Punjab,31.5946,74.6066,osm,अटारी,ਅੱਟਾਰੀ
ATU,Attur,Tamil Nadu,11.5952,78.5935,osm,,
ATUL,Atul,Gujarat,20.5473,72.9278,osm,अतुल,
ATW,Atwa Muthia Halt,Uttar Pradesh,27.274,80.4155,datameet,,
ATX,Alinagar Tola,Bihar,,,,,
AUB,Aluabari Road Junction (Islampur),West Bengal,26.269,88.1852,osm,अलुआबाड़ी रोड जं.,
AUBR,Anugraha Narayan Road,Bihar,24.8558,84.3297,osm,,
AUI,Aurahi,Bihar,25.823,87.1351,osm,,
AUL,Agsauli,Uttar Pradesh,27.7178,78.477,osm,,
AUN,Aurang Nagar,Haryana,29.0325,75.9796,osm,,
AUNG,Aung,Uttar Pradesh,26.1615,80.5467,osm,,
AUR,Atrauli Road,Uttar Pradesh,28.0959,78.2193,osm,,
AUS,Anupshahr,Rajasthan,28.9475,75.2123,osm,,
AUWA,Auwa,Rajasthan,25.6607,73.5615,osm,,
AV,Asvali,Maharashtra,19.8205,73.7176,osm,,
AVC,Amaravathi Colony Junction,Karnataka,14.499,75.8521,osm,,
AVD,Avadi,Tamil Nadu,13.1183,80.1015,osm,आवडि,
AVH,Avidha,Gujarat,21.7498,73.1925,osm,अविधा,
AVK,Aruvankadu,Tamil Nadu,11.3595,76.7696,osm,,அருவங்காடு
AVL,Amritvel,Gujarat,21.0764,71.6612,osm,,
AVLI,Aravalli,Andhra Pradesh,16.62,81.5988,osm,,
AVN,Anavardikhanpettai,Tamil Nadu,13.0508,79.5672,osm,,
AVP,Abhanpur Junction,Chhattisgarh,21.052,81.7455,osm,अभनपुर जंक्शन,
AVRD,Aravali Road,Maharashtra,17.3167,73.5381,osm,,
AVS,Auvaneeswaram,Kerala,9.03523,76.8521,osm,,ആവണീശ്വരം
AVT,Avatihalli,Karnataka,13.2989,77.7263,osm,,ಅವತಿಹಳ್ಳಿ
AWG,Awa Garh,Uttar Pradesh,27.4642,78.4734,datameet,,
AWH,Alewahi,Maharashtra,20.3644,79.7036,osm,,
AWL,Alawalpur,Punjab,31.4255,75.6429,osm,,
AWM,Aswapuram,Telangana,17.832,80.8044,osm,,
AWP,Aghwanpur,Uttar Pradesh,28.9395,78.7029,datameet,,
AWPR,Awapur,Bihar,26.5089,85.6529,datameet,,
AWR,Alwar Junction,Rajasthan,27.5605,76.6214,osm,,
AWS,Awasani,Bihar,27.1626,84.0527,osm,,
AWT,Alwar Tirunagari,Tamil Nadu,8.60158,77.9428,osm,,
AWY,Aluva,Kerala,10.1082,76.3567,osm,,
AXA,Amarsar,Gujarat,22.5861,70.9166,osm,,
AXK,Ashokhar,Madhya Pradesh,26.5464,78.6059,osm,,
AXR,Alluru Road,Andhra Pradesh,14.7105,79.9888,osm,,
AY,Ayodhya Dham Junction,Uttar Pradesh,26.7879,82.201,osm,अयोध्या धाम जंक्शन,
AYB,Aliyabad,Karnataka,16.8783,75.7583,datameet,,
AYC,Ayodhya Cantt,Uttar Pradesh,26.76899,82.13580,osm,,
AYD,Ayandur,Tamil Nadu,11.9673,79.3414,osm,,
AYI,Ayingudi,Tamil Nadu,10.2171,79.0921,osm,,
AYM,Adiyakkamangalam,Tamil Nadu,10.7574,79.6817,osm,,
AYN,Aiyanapuram,Tamil Nadu,10.7879,78.9388,osm,,
AYR,Ayyalur,Tamil Nadu,10.4864,78.1593,osm,अय्यलुर,
AYRN,Akshaywat Rai Nagar,Bihar,25.6887,85.3141,osm,,
AYU,Abhayapuri,Assam,26.3569,90.6422,osm,अभयापुरी,
AZ,Azimganj Junction,West Bengal,24.23,88.2599,osm,,
AZA,Azara,Assam,26.1021,91.6166,osm,आजरा,
AZK,Azhwarkurichi,Tamil Nadu,8.78758,77.3767,osm,,
AZP,Ayyampet,Tamil Nadu,10.8968,79.2074,osm,,
AZR,Azamnagar Road,Bihar,25.556,87.8527,osm,आज़मनगर रोड,
BA,Bandra,Maharashtra,19.055,72.8402,osm,बांद्रा,वांद्रे
BAA,Barala,West Bengal,24.266,88.1617,osm,,
BAAR,Bandar,West Bengal,22.053,88.0885,osm,,
BAB,Babina,Uttar Pradesh,25.2393,78.4536,osm,बबीना,
BABR,Balanagar,Telangana,16.948,78.1895,osm,,
BAC,Bargachia,West Bengal,22.6668,88.1381,osm,,
BAD,Baad,Uttar Pradesh,27.3971,77.6882,osm,,
BADK,Barka,Uttar Pradesh,29.0729,77.2739,osm,,
BADR,Bhader,Gujarat,21.365,70.9289,osm,,
BAE,Baliakheri,Uttar Pradesh,29.9284,77.6336,osm,,
BAF,Bap,Rajasthan,27.3788,72.3855,osm,,
BAGA,Bhagega,Rajasthan,27.6772,75.7211,osm,,
BAGD,Bagwada,Gujarat,20.4339,72.9162,osm,,
BAGJ,Barharganj,Uttar Pradesh,26.9212,83.9197,osm,बड़हड़गंज,
BAGL,Baragopal,Bihar,25.7653,84.9082,osm,,
BAH,Bhabhar,Gujarat,24.0651,71.6155,osm,,
BAHI,Balenahalli,Karnataka,14.2445,76.5546,osm,,ಬಾಲೇನಹಳ್ಳಿ
BAHL,Banihal,Jammu and Kashmir,33.4508,75.1891,osm,,
BAHN,Babhabgaon Halt,Bihar,25.4651,87.8169,osm,बाभाबगाव हॉल्ट,
BAHP,Band Hamirpur,Uttar Pradesh,26.3298,80.7444,datameet,,
BAHW,Bahir Khanda,West Bengal,22.8533,88.0682,osm,,
BAI,Bassi,Rajasthan,26.8411,76.0477,osm,,
BAJ,Bhalej,Gujarat,22.6355,73.0385,osm,,
BAJE,Bajakere,Karnataka,12.7207,75.5098,osm,,ಬಜಕೆರೆ
BAJN,Bajana,Gujarat,23.1042,71.7769,osm,,
BAK,Bhan Kari,Rajasthan,26.9624,76.4094,osm,,
BAKA,Banka,Bihar,24.8668,86.9126,osm,,
BAKL,Bakal,Chhattisgarh,21.1241,80.9421,osm,,
BAKT,Barhara Kothi,Bihar,25.7769,87.0963,osm,,
BAL,Budalur,Tamil Nadu,10.7829,78.981,osm,,
BALE,Bale,Maharashtra,17.6763,75.8456,osm,,
BALI,Bhaili,Gujarat,22.2657,73.1307,osm,भाईली,ભાઈલી
BALR,Baitalpur,Uttar Pradesh,26.5523,83.738,osm,,
BALU,Balugaon,Odisha,19.748,85.2015,osm,,
BAM,Brahmapur,Odisha,19.2967,84.7974,osm,,ବ୍ରହ୍ମପୁର ରେଳ ଷ୍ଟେସନ
BAMA,Birambad,Rajasthan,26.9247,77.3211,osm,,
BAMR,Bamur,Odisha,21.0067,84.4741,osm,,
BAND,Banaswadi,Karnataka,13.0058,77.6281,osm,बानसवाड़ी,
BANE,Basni,Rajasthan,26.223,73.0108,osm,,
BANI,Bani,Uttar Pradesh,26.2332,81.611,osm,,
BANL,Bhatangali,Maharashtra,18.4459,76.6786,osm,,
BANO,Bano,Jharkhand,22.6648,84.9026,osm,,
BANR,Bhaner,Gujarat,22.8792,72.9756,datameet,,
BAO,Banmor,Madhya Pradesh,26.3555,78.0986,osm,,
BAOL,Baoli,Uttar Pradesh,29.1403,77.2782,osm,,
BAP,Belapur,Maharashtra,19.6198,74.6599,osm,,
BAPN,Baraipura Halt,Bihar,25.7394,86.1373,datameet,,
BAPR,Ballupur,Uttar Pradesh,27.5872,79.1417,osm,,
BAQ,Ganj Basoda,Madhya Pradesh,23.8459,77.9446,osm,,
BAR,Bar,Rajasthan,26.0641,74.1111,osm,,
BARA,Bilara,Rajasthan,26.1862,73.7,osm,,
BARD,Duvri Kalan,Madhya Pradesh,23.9928,81.5293,osm,,
BARH,Barh,Bihar,25.4618,85.7093,osm,,
BARI,Bari,Rajasthan,26.6499,77.6176,osm,,
BARJ,Bharatgarh,Punjab,31.1106,76.5929,osm,,
BARL,Baral,Uttar Pradesh,28.496,77.8099,osm,,
BARN,Baranagar Road,West Bengal,22.6535,88.3789,osm,,
BARS,Barsana,Rajasthan,27.4419,77.1468,osm,,
BARU,Baharu,West Bengal,22.2047,88.4442,osm,,বহরু
BASA,Banosa,Maharashtra,20.9221,77.3261,osm,,
BASN,Bhainswan,Haryana,29.0953,76.6801,osm,,
BASR,Batesar,Uttar Pradesh,26.908,78.5589,osm,,
BAT,Batala Junction,Punjab,31.8214,75.1946,osm,,
BATL,Baihatola,Madhya Pradesh,23.2294,82.0506,osm,,
BATM,Batala Sugar Mills,Punjab,31.8593,75.2309,osm,,
BATS,Bhatsar,Gujarat,23.6376,72.0646,osm,,
BAU,Burhanpur,Madhya Pradesh,21.3348,76.1998,osm,बुरहानपुर,
BAV,Baruva,Andhra Pradesh,18.9011,84.5545,osm,,
BAW,Chikkabanavara,Karnataka,13.0747,77.5056,osm,चिक्कबाणवार,ಚಿಕ್ಕ ಬಾಣವಾರ
BAWA,Balwara,Rajasthan,25.5015,72.5545,osm,,
BAWD,Bhadwad,Maharashtra,21.3248,74.1036,osm,,
BAY,Ballari Junction,Karnataka,15.1455,76.9236,osm,,ಬಳ್ಳಾರಿ ಜಂಕ್ಷನ್
BAYD,Bayad,Gujarat,23.222,73.2076,osm,,
BAZ,Baran,Rajasthan,25.0953,76.5071,osm,,
BBA,Babrala,Uttar Pradesh,28.2666,78.4035,osm,,
BBAE,Baidyabati,West Bengal,22.7949,88.3318,osm,,
BBAI,Bhadbhunja,Gujarat,21.1627,73.665,osm,,
BBAR,Bara,Madhya Pradesh,23.9777,81.1168,osm,,
BBC,Bhachhbar,Rajasthan,25.7331,71.0013,osm,,
BBCE,Bulbulchandi,West Bengal,24.9711,88.2431,osm,,
BBD,Bablad,Karnataka,17.3368,76.7793,osm,,
BBDA,Barbenda,West Bengal,23.421,86.1189,osm,,
BBDB,BBD Bagh,West Bengal,22.5768,88.3466,osm,,
BBDE,Babarpur,Haryana,29.45,76.9666,osm,,
BBE,Baghi Bardiha,Bihar,24.9494,85.623,osm,,
BBGN,Barua Bamungaon,Assam,26.6691,93.9839,osm,बरुवा बामुन गाँव,বৰুৱা বামুন গাঁও
BBHL,Bela Bela,Uttar Pradesh,26.1372,81.2488,datameet,,
BBHT,Barabar Halt,Bihar,25.0559,84.9744,datameet,,
BBI,Bara Bani,,,,,,
BBJ,Babaganj,Uttar Pradesh,27.9608,81.5662,osm,बाबागंज,
BBK,Barabanki Junction,Uttar Pradesh,26.934,81.1787,osm,,
BBKR,Baba Bakala Raiya,Punjab,31.5413,75.2396,osm,,
BBL,Balrai,Uttar Pradesh,26.9208,78.824,osm,,
BBLA,Bhyabla Halt,West Bengal,22.6553,88.8538,osm,,
BBLK,Baba Laxman Daspuri,Uttar Pradesh,27.3163,79.3632,osm,,
BBM,Barabhum,West Bengal,23.0935,86.2119,osm,,
BBMN,Bari Brahman,Jammu and Kashmir,32.6386,74.9164,osm,,
BBN,Barbil,Odisha,22.1049,85.369,osm,बड़बिल,ବଡ଼ବିଲ
BBO,Babugarh,Uttar Pradesh,28.7475,77.857,osm,,
BBPM,BaIabhadrapuram,Andhra Pradesh,16.9665,82.0008,osm,,
BBPR,Babupur,Uttar Pradesh,27.35,81.0703,datameet,,
BBQ,Basin Bridge Jn,Tamil Nadu,13.1024,80.2712,datameet,,
BBR,Bagh Bazar,West Bengal,22.6051,88.3653,datameet,,
BBRA,Bbra,Andhra Pradesh,16.5491,81.5328,datameet,,
BBRM,Baba Bhagwan Ram Halt,Uttar Pradesh,25.3159,83.0384,datameet,,
BBS,Bhubaneswar,Odisha,20.2668,85.8436,osm,भुवनेश्वर,
BBSL,Baba Sodhal Nagar,Punjab,31.3514,75.5667,osm,,
BBSN,Bhubaneswar New,Odisha,20.3815,85.8354,osm,,
BBT,Birati,West Bengal,22.6643,88.4275,osm,,
BBTR,Barbatpur,Madhya Pradesh,22.1969,77.9197,osm,,
BBU,Bhabua Road,Bihar,25.1725,83.6198,osm,,
BBV,Babhulgaon,Maharashtra,17.7627,75.3749,osm,,
BBW,Bodarwar,Uttar Pradesh,26.878,83.6382,osm,,
BBY,Bhadroli,Madhya Pradesh,26.3012,78.1809,osm,,
BC,Bareilly City,Uttar Pradesh,28.3562,79.4032,osm,,
BCA,Bachwara Junction,Bihar,25.5837,85.8987,osm,,
BCB,Bhowrah,Jharkhand,23.6699,86.4169,osm,,
BCD,Bansdih Road,Uttar Pradesh,25.8114,84.2148,osm,,
BCF,Bankapasi,West Bengal,23.5704,88.0372,osm,,
BCGM,Bainchigram,West Bengal,23.1068,88.2157,osm,,
BCH,Bercha,Madhya Pradesh,23.2836,76.3354,osm,,
BCHL,Bacheli,Chhattisgarh,18.7039,81.2387,osm,,
BCHN,Bochasan Junction,Gujarat,22.4019,72.8486,osm,,
BCHR,Bachar,Gujarat,21.952,73.164,osm,बचार,બચાર
BCJ,Bagahabishunpur,Bihar,24.8231,84.2134,osm,,
BCK,Balichak,West Bengal,22.3577,87.5529,osm,,
BCL,Mumbai Centr,,,,,,
BCM,Buranpudi,Bihar,,,,,
BCN,Bachhrawan,Uttar Pradesh,26.4766,81.105,osm,,
BCOB,Bhachau,Gujarat,23.3041,70.3507,osm,,
BCP,Bichpuri,Uttar Pradesh,27.1765,77.9146,osm,बिचपुरी,
BCPR,Bachharpur Halt,Bihar,26.4946,85.6625,datameet,,
BCQ,Barachak,West Bengal,23.7072,86.9284,osm,,
BCRD,Barchi Road,Madhya Pradesh,21.9525,78.312,osm,,
BCT,Mumbai Central,Maharashtra,18.9707,72.8194,datameet,,
BCU,Bhucho,Punjab,30.2101,75.0953,osm,भूचो मंडी,
BCW,Bhawi,Rajasthan,26.2255,73.617,osm,,
BCY,Varanasi City,Uttar Pradesh,25.3343,83.0143,osm,,
BCYN,Budhdevchak Y Nagar,Bihar,25.4972,85.3282,osm,,
BD,Badnera Junction,Maharashtra,20.8571,77.7322,osm,,
BDA,Vadodara C Cabin,Gujarat,22.3184,73.1778,datameet,,
BDAG,Bonidanga,Jharkhand,24.8236,87.8099,osm,,
BDB,Vrindavan,Uttar Pradesh,27.5763,77.6942,osm,,
BDBA,Badabandha,Odisha,20.2771,86.5204,osm,,
BDBG,Badhai Balamgarh,Punjab,30.4534,74.4231,osm,,
BDBP,Basudebpur,West Bengal,24.6359,87.981,osm,,
BDBS,Bindubasini Hal,West Bengal,24.7929,87.8593,datameet,,
BDC,Bandel Junction,West Bengal,22.9237,88.3783,osm,,
BDCR,Bhadrachalam Road,Telangana,17.5513,80.6145,osm,,భద్రాచలం రోడ్
BDDR,Badodar,Gujarat,21.3457,70.2806,osm,,
BDE,Bodeli,Gujarat,22.2698,73.7161,osm,बोडेली,બોડેલી
BDGM,Badgam station,Jammu and Kashmir,34.0385,74.736,osm,बडगाम,
BDGP,Badanaguppe,Karnataka,11.9961,76.8588,osm,,ಬದನಗುಪ್ಪೆ
BDH,Bhedia,West Bengal,23.59,87.7114,osm,,
BDHA,Badhada,Gujarat,21.2699,71.3371,osm,,
BDHL,Badhal,Rajasthan,27.2514,75.4509,osm,,
BDHN,Bodhan,Telangana,18.646,77.8884,osm,,
BDHP,Bhudpur,Uttar Pradesh,29.2174,77.291,osm,,
BDHT,Bardi Halt,Madhya Pradesh,21.6212,78.8224,osm,,
BDHY,Budhi,Jammu and Kashmir,32.4406,75.4354,osm,,
BDI,Bhadli,Maharashtra,21.0232,75.6752,osm,,
BDIN,Bhadaiyan,Uttar Pradesh,26.1711,82.1692,osm,,
BDJ,Vadakara,Kerala,11.5939,75.587,osm,,വടകര റെയിൽവേ സ്റ്റേഷൻ
BDJR,Bhadora Jagir,Madhya Pradesh,24.7881,77.4125,osm,,
BDK,Bedag,Maharashtra,16.8227,74.728,osm,,
BDKE,Bhadsivni,Maharashtra,20.551,77.4527,osm,,
BDKN,Bandhua Kalan,Uttar Pradesh,26.2729,81.9958,osm,,
BDKT,Badakhandeita,Odisha,20.3658,86.0839,osm,,
BDL,Vindhyachal Railroad Station,Uttar Pradesh,25.1602,82.5025,osm,,
BDLC,Bonidanga Link Cabin,Jharkhand,24.8222,87.7983,datameet,,
BDLN,Bordoloni,Assam,27.4234,94.438,osm,,
BDM,Badami,Karnataka,15.9589,75.6767,datameet,,
BDMA,Budhma Station,Bihar,25.901,86.8646,osm,,
BDME,Baidyanathdham,Jharkhand,24.489,86.6927,osm,,
BDMJ,Bhodwal Majri,Haryana,29.1852,77.0084,osm,,
BDN,Bhadan,Uttar Pradesh,26.9794,78.7376,osm,,
BDNP,Bidanpur,Uttar Pradesh,25.5851,81.4421,osm,,
BDO,Bahalda Road,Odisha,22.4417,86.1643,osm,,
BDPA,Badalpur,West Bengal,21.7092,87.6148,osm,,
BDPG,Bada Padagaon,Odisha,20.5705,85.8736,osm,,
BDPK,Budhapank,Odisha,20.8527,85.256,osm,,
BDPL,Bandarupalli,Andhra Pradesh,16.3653,80.3627,osm,,
BDPR,Brindabanpur,West Bengal,23.3076,87.2801,osm,,
BDQ,Budora,Jharkhand,23.779,86.236,osm,,
BDRI,Bhadrauli,Uttar Pradesh,26.8942,78.4821,osm,,
BDRL,Byadarahalli,Karnataka,12.502,76.7522,osm,,ಬ್ಯಾಡರಹಳ್ಳಿ
BDRN,Bhadran,Gujarat,22.3569,72.8915,osm,,
BDS,Baradighi,West Bengal,26.7974,88.7401,osm,,
BDSW,Budh Singhwala,Rajasthan,29.8323,74.2223,osm,,
BDT,Bordubi Road,Assam,27.3992,95.3146,osm,,
BDTS,Mumbai Bandra Terminus,Maharashtra,19.0619,72.8405,datameet,,
BDU,Badnapur,Maharashtra,19.874,75.7225,datameet,,
BDUA,Basudeopur Chandail Halt,Bihar,25.6481,85.5422,osm,,
BDV,Badanavalu,Karnataka,12.0756,76.749,datameet,,
BDVL,Budvel,Telangana,17.3099,78.425,osm,,
BDVR,Boddavara,Andhra Pradesh,18.1752,83.1133,osm,,
BDVT,Bhadravati,Karnataka,13.8426,75.7035,osm,,ಭದ್ರಾವತಿ
BDW,Bandanwara,Rajasthan,26.1232,74.6912,osm,,
BDWA,Badhwabara,Madhya Pradesh,23.2946,81.2869,osm,,
BDWD,Bodwad,Maharashtra,20.9035,76.0174,osm,,
BDWL,Biradhwal,Rajasthan,29.1745,73.8966,osm,,
BDWS,Badarwas,Madhya Pradesh,24.9836,77.5623,osm,,
BDX,Bdx,,,,,,
BDXT,Basai Dhankot,Haryana,28.4646,76.9828,osm,,
BDXX,Bade Arapur,Chhattisgarh,19.0129,81.8293,osm,,
BDY,Buddireddippatti,Tamil Nadu,12.0463,78.3137,osm,,
BDYD,Bdyd,,,,,,
BDYK,Bindayaka,Rajasthan,26.9236,75.6516,osm,,
BDYP,Bidyadharpur,West Bengal,22.4247,88.454,osm,,
BDYR,Bidyadabri,Assam,26.2114,89.7823,osm,,
BDZ,Badkulla,West Bengal,23.3055,88.5261,osm,,
BE,Bareilly Junction,Uttar Pradesh,28.3381,79.4103,osm,बरेली जंक्शन,
BEA,Bihiya,Bihar,25.5586,84.4489,osm,,
BEAS,Beas Junction,Punjab,31.5203,75.2913,osm,ब्यास जंक्शन,
BEB,Beldanga,West Bengal,23.9333,88.2431,osm,,
BEC,Berach Jn Cabin,Rajasthan,24.8964,74.6152,datameet,,
BECN,Bikaner East,Rajasthan,27.9731,73.3696,osm,,
BED,Baseri,Rajasthan,26.7486,77.5434,osm,,
BEDM,Bedham,Rajasthan,27.4539,77.2095,osm,,
BEE,Bebejia,Assam,26.2985,92.6271,osm,,
BEF,Bhupdeopur,Chhattisgarh,21.9748,83.2592,osm,,
BEG,Behtagokul,Uttar Pradesh,27.5304,80.0549,osm,,
BEH,Bagdihi,Odisha,21.9513,84.1868,osm,,
BEHJ,Vehaj,Rajasthan,27.4825,77.3874,osm,,
BEHR,Beohari,Madhya Pradesh,24.0005,81.38,osm,,
BEHS,Bihar Sharif Junction,Bihar,25.2033,85.5395,osm,बिहारशरीफ़,
BEHT,Bihat Halt,Bihar,25.4498,86.0335,osm,,
BEI,Shimoga Bidare,Karnataka,13.9038,75.6407,osm,,
BEJ,Beniganj,Uttar Pradesh,27.2999,80.4406,datameet,,
BEK,Bundki,Uttar Pradesh,29.5226,78.3933,osm,,
BELA,Bela,Bihar,24.9798,84.9817,osm,,
BELD,Belkhera,Madhya Pradesh,22.9826,79.3017,osm,,
BELG,Belg,,,,,,
BELT,Bela,Bihar,25.0383,86.9986,osm,,
BEM,Budaun,Uttar Pradesh,28.0286,79.137,osm,,
BEML,BEML Nagar,Karnataka,12.9787,78.2418,osm,,ಬೆಮಲ್ ನಗರ
BENL,Benal,Karnataka,16.3847,75.8816,osm,,ಬೇನಾಳ
BEO,Birohe,Uttar Pradesh,25.1724,82.4569,osm,,
BEP,Bheerpur,Uttar Pradesh,25.265,81.9892,osm,,
BEPR,CBD Belapur,Maharashtra,19.019,73.0391,osm,,
BEQ,Belur,West Bengal,22.6357,88.3398,osm,,
BER,Beawar,Rajasthan,26.1071,74.3128,osm,,
BERO,Bero,West Bengal,23.5483,86.7269,osm,,
BES,Bes,Jharkhand,23.9056,85.3243,osm,बेस,
BET,Bareth,Madhya Pradesh,23.9144,77.9998,osm,,
BETI,Bhetasi,Gujarat,22.422,73.0325,osm,,
BEU,Bisheshwarganj,Uttar Pradesh,27.343,81.8322,osm,,
BEW,Betawad,Maharashtra,21.15,74.8864,osm,,
BEX,Belboni,West Bengal,23.2766,87.152,osm,,
BEY,Bugganpalle Cement Nagar,Andhra Pradesh,15.4867,78.1953,osm,,
BF,Bagetar,Assam,,,,,
BFD,Borhat,Assam,27.1638,95.2772,osm,,
BFE,Bahawalbas,Punjab,30.1466,74.2763,osm,,
BFF,Barabhati,Maharashtra,20.8621,80.0611,osm,,
BFG,Bagthar,Rajasthan,26.7962,77.5223,osm,,
BFJ,Bhoras Budrukh,Maharashtra,20.5209,75.0131,osm,,
BFM,Bhalui,Bihar,25.0734,86.1732,osm,,
BFN,Bugana,Haryana,29.2801,75.8396,osm,,
BFP,Bilochpura,Uttar Pradesh,27.2019,77.9868,osm,,
BFPA,Bhopatpur,Uttar Pradesh,28.4517,79.8123,osm,भोपतपुर,
BFQ,Bendi,Jharkhand,23.7567,84.4262,osm,बेन्दि,
BFR,Bekal Fort,Kerala,12.3869,75.043,osm,बेकल फ़ोर्ट,പള്ളിക്കര
BFT,Bhabta,West Bengal,23.987,88.2416,osm,,
BFV,Bahelia Buzurg,Uttar Pradesh,28.0378,80.5334,osm,,
BFW,Byatrayanahalli,Karnataka,12.9955,78.0175,osm,,
BFX,Baghi Ghauspur,Bihar,25.0487,85.6795,osm,,
BFY,Bhesana,Rajasthan,25.8239,73.7172,osm,,
BFZ,Bhandartikuri,West Bengal,23.4329,88.33,osm,,
BG,Bhongir,Telangana,17.524,78.8984,osm,भुवनगिरि,
BGA,Bagalia,West Bengal,23.447,86.5189,osm,,
BGAE,Balagarh,West Bengal,23.1221,88.453,osm,,
BGAN,Bangain,Uttar Pradesh,27.2721,81.8784,osm,,
BGAR,Bangari,Bihar,26.5381,84.9213,datameet,,
BGB,Komagata Maru Budge Budge,West Bengal,22.4929,88.1949,osm,,
BGBR,Bagbahra,Chhattisgarh,21.0465,82.3838,osm,बागबाहरा,
BGD,Baragudha,Haryana,29.6975,75.0018,osm,,
BGDA,Bogada,Odisha,20.2787,86.5882,datameet,,
BGDI,Bagadia,Odisha,20.2788,86.5862,osm,,
BGDS,Bhagwanpur Desu,Bihar,25.8257,85.8474,osm,,
BGF,Bagila,West Bengal,23.1583,88.126,osm,,
BGG,Banta Raghunathgarh,Rajasthan,25.6022,73.5275,osm,,
BGH,Baghauli,Uttar Pradesh,27.228,80.2964,osm,बघौली,
BGHI,Baghai Road,Madhya Pradesh,24.5508,81.0517,osm,,
BGHU,Borra Guhalu,Andhra Pradesh,18.2749,83.0402,osm,,
BGJT,Baghajatin,West Bengal,22.4827,88.3867,osm,,বাঘাযতীন
BGK,Bagalkot,Karnataka,16.1793,75.6999,osm,,ಬಾಗಲಕೋಟೆ
BGKA,Bangurkela,Odisha,22.2868,84.9712,osm,,
BGKT,Bhagat Ki Kothi,Rajasthan,26.2508,73.0145,osm,,
BGL,Bagula,West Bengal,23.335,88.6458,osm,,
BGLI,Bargolai,Assam,27.2859,95.7076,osm,बरगोलाई,
BGM,Belagavi,Karnataka,15.8491,74.5089,osm,,ಬೆಳಗಾವಿ
BGMR,Bagumra,Gujarat,21.1489,72.9977,osm,,
BGMU,Bangarmau,Uttar Pradesh,26.8923,80.2216,osm,,
BGN,Borgaon,Maharashtra,20.7284,77.1813,osm,,
BGNA,Balgona,West Bengal,23.4581,87.9504,osm,,
BGND,Baginadi,Assam,27.3992,94.1825,osm,,
BGNP,Banaganapalli,Andhra Pradesh,15.3223,78.2507,osm,,
BGNR,B.G Nagar,Karnataka,12.9683,76.7331,osm,,
BGO,Bogri Road,West Bengal,22.882,87.3261,osm,,
BGP,Bhagalpur Junction,Bihar,25.2414,86.9728,osm,भागलपुर जंक्शन,
BGPA,Bageshapura,Karnataka,13.1432,76.2293,osm,,ಬಾಗೇಶಪುರ
BGPL,Baghuapal,Odisha,21.0421,86.0129,osm,,
BGPR,Bhagwanpura,Rajasthan,25.4081,73.3545,osm,,
BGQ,Bhongaon,Uttar Pradesh,27.2592,79.1665,osm,,
BGR,Bhagdara,Maharashtra,20.7367,75.7506,osm,,
BGRA,Baghnapara,West Bengal,23.2422,88.329,osm,,
BGRD,Beliaghata Road,West Bengal,22.6748,88.6077,osm,,
BGRM,Biggabas Ramsara,Rajasthan,28.0476,74.2045,osm,,
BGRR,Bagarpur Halt,Uttar Pradesh,29.0791,78.278,datameet,,
BGS,Begu Sarai,Bihar,25.4251,86.1345,osm,बेगूसराय,
BGSF,Bisugir Sharif,Telangana,18.3474,79.4833,osm,,
BGTA,Bagratawa,Madhya Pradesh,22.632,77.9945,osm,,
BGTN,Bhagtanwala,Punjab,31.6089,74.8643,osm,,
BGU,Bairagnia,Bihar,26.7374,85.2759,osm,,
BGUA,Baiguda,Odisha,18.8272,82.9657,osm,,
BGV,Balegundi,Karnataka,14.1572,75.1082,osm,,
BGVN,Bhigwan,Maharashtra,18.3173,74.7746,osm,,
BGW,Begdewadi,Maharashtra,18.7012,73.709,datameet,,
BGWD,Bagewadi,Karnataka,16.3075,74.7535,osm,,ಬಾಗೆವಾಡಿ
BGWI,Begdewadi,Maharashtra,18.7009,73.708,osm,बेगड़ेवाड़ी,
BGX,Bagri Sajjanpur,Rajasthan,25.9185,73.8246,osm,,
BGY,Bangriposi,Odisha,22.1465,86.5401,osm,,
BGZ,Bahadurgarh,Haryana,28.7012,76.9304,osm,बहादुरगढ़,
BH,Bharuch Junction,Gujarat,21.7035,72.9993,osm,भरूच जंक्शन,
BHA,Bhandai Junction,Uttar Pradesh,27.0687,77.9666,osm,,
BHAD,Barhapur Halt,Bihar,25.4274,85.8602,datameet,,
BHAL,Bhatiel,Gujarat,22.4842,72.8547,osm,,
BHAN,Bhoyani,Gujarat,23.3611,72.2343,osm,,
BHAS,Bhojaras,Rajasthan,25.7889,74.6345,osm,,
BHAT,Bhatpura,Madhya Pradesh,26.3274,77.6763,osm,,
BHAU,Bhalua,Bihar,24.6789,86.6901,osm,,
BHAW,Block Hut A (bha),Uttar Pradesh,26.8022,80.9806,datameet,,
BHB,Badla Ghat,Bihar,25.5532,86.5868,osm,,
BHBK,Bodhadi Bujrug,Maharashtra,19.4958,78.1947,osm,,
BHBR,Bathua Bazar,Bihar,26.4972,84.2324,osm,,
BHBT,Block Hut Basantar,Jammu and Kashmir,32.5582,75.0683,osm,,
BHBV,Block Hut B,Uttar Pradesh,25.2749,83.1022,datameet,,
BHC,Bhadrak Junction,Odisha,21.0909,86.5165,osm,,
BHCH,Block Cabin Chakki Bank,Punjab,32.242,75.6511,datameet,,
BHCL,Bahora Chandil Halt,Uttar Pradesh,25.3662,83.4954,osm,,
BHD,Badli,Delhi,28.7465,77.1375,osm,बादली,
BHDH,Bahadurpur,Uttar Pradesh,27.9446,79.7972,osm,,
BHDR,Bhadri,Uttar Pradesh,25.6771,81.5679,osm,,
BHET,Bhestan,Gujarat,21.1226,72.863,osm,,
BHG,Bhaton-Ki-Gali,Rajasthan,27.1037,75.7133,osm,,
BHGH,Bhairgachhi,West Bengal,23.2748,88.634,datameet,,
BHGJ,Bihariganj,Bihar,25.732,86.9924,osm,बिहारीगंज,
BHGN,Bhilgaon,Assam,26.3418,93.922,osm,भिलगांव,বিলগাঁও
BHGP,Bhagirathpur,Uttar Pradesh,27.3266,83.3877,datameet,,
BHHT,Barhara,Bihar,26.4414,86.3653,osm,बरहारा हॉल्ट,
BHHZ,Behta Hazipur,Uttar Pradesh,28.7202,77.3037,osm,,
BHI,Baheri,Uttar Pradesh,28.7781,79.5005,osm,बहेरी,
BHJ,Barhaj Bazar,Uttar Pradesh,26.2839,83.7309,osm,,
BHJA,Bheja,Odisha,18.4728,82.6853,osm,,
BHK,Badhari Kalan,Uttar Pradesh,27.7963,78.7371,osm,,
BHKA,Bahira Kalibari,West Bengal,22.686,88.5649,osm,,
BHKD,Bhurkunda,Jharkhand,23.6372,85.3722,osm,,
BHKH,Baghoi Kusa,Bihar,24.8403,84.4603,osm,,
BHKL,Bhakrauli,Uttar Pradesh,28.3085,78.4747,datameet,,
BHL,Bhilwara,Rajasthan,25.3452,74.6315,osm,भीलवाड़ा,
BHLA,Behula,West Bengal,23.1807,88.4289,osm,,
BHLE,Barahat Junction,Bihar,24.9204,87.0104,osm,,
BHLI,Bohali,Maharashtra,17.5889,75.2745,osm,,
BHLK,Bhalki,Karnataka,18.0471,77.2281,osm,,ಭಾಲ್ಕಿ
BHLP,Bhulanpur,Uttar Pradesh,25.2874,82.9566,osm,,
BHM,Bahram,Punjab,31.1959,75.9016,osm,,
BHMA,Baghmara Halt,Bihar,25.3655,87.6175,datameet,,
BHME,Bhandaridah,Jharkhand,23.7566,86.0553,osm,,
BHMW,Bhambewa,Haryana,29.2391,76.5507,osm,,
BHN,Bhuli,Jharkhand,23.8019,86.3947,osm,,
BHNA,Bhayna,West Bengal,23.312,88.6414,osm,,
BHNE,Bhone,Maharashtra,21.0181,75.2232,osm,,
BHNG,Bhalukpong,Assam,27.0006,92.645,osm,,
BHNP,Bishanpur Halt,Bihar,25.6146,87.7425,osm,,
BHNS,Bhansi,Chhattisgarh,18.7769,81.2651,osm,,
BHOI,Dhandarikalan Block Hut,Punjab,30.8947,75.8719,datameet,,
BHOJ,Bhoj Padra,Gujarat,22.1826,73.0052,osm,भोज पादरा,ભોજ પાદરા
BHP,Bolpur Shantiniketan,West Bengal,23.658,87.6988,osm,,
BHPA,Bahirpuya Halt,West Bengal,22.2299,88.3491,osm,,
BHR,Bhadreshwar,West Bengal,22.8282,88.3415,osm,भद्रेश्वर,
BHRB,Bairabi,Mizoram,24.196,92.5413,osm,बइरबी,
BHRD,Baghara Road,,,,,,
BHRH,Bhuyar,Maharashtra,20.7142,79.5791,osm,,
BHRJ,Bechraji,Gujarat,23.5033,72.0466,osm,,
BHRL,Bharoli Junction,Punjab,32.2715,75.6164,osm,,
BHRM,Bishramganj,Tripura,23.5984,91.3592,osm,,
BHS,Vidisha,Madhya Pradesh,23.5226,77.8148,osm,,
BHSA,Bhisa Halt,Bihar,26.5762,85.5347,osm,,
BHT,Bhattu,Haryana,29.3867,75.3401,osm,,
BHTA,Bhatiya,Gujarat,22.0885,69.2801,osm,,
BHTH,Bharopatti Station,Bihar,25.8965,86.8952,osm,,
BHTK,Bhanwar Tonk,Chhattisgarh,22.6083,81.8972,osm,,
BHTL,Bhatel,Gujarat,22.164,69.4935,osm,,
BHTN,Bhitoni,Madhya Pradesh,23.1422,79.6733,osm,,
BHTR,Bhatpar Rani,Uttar Pradesh,26.3098,84.0323,osm,,
BHTS,Bhatasa,Uttar Pradesh,27.504,79.3849,osm,,
BHU,Bhandu Motidau,Gujarat,23.6918,72.3907,osm,,
BHUA,Bhua,Uttar Pradesh,25.9445,79.35,osm,,
BHUJ,Bhuj,Gujarat,23.2658,69.6784,osm,,
BHV,Bhoma,Madhya Pradesh,22.1714,79.6895,osm,,
BHW,Barharwa Junction,Jharkhand,24.8586,87.7745,osm,बड़हरवा जंक्शन,
BHWA,Bechhiwara,Rajasthan,23.7879,73.5352,osm,,
BHWR,Bhitiharwa Ashram,Bihar,27.2445,84.484,osm,भितिहरवा आश्रम,
BHX,Bulluana,Punjab,30.218,74.7829,osm,,
BHY,Bhayavadar,Gujarat,21.8479,70.2363,osm,,
BHZ,Bihara,Assam,24.9529,92.6448,osm,बिहारा,বিহারা
BI,Bari Sadri,Rajasthan,24.4115,74.469,osm,,
BIA,Bhilai,Chhattisgarh,21.2029,81.4211,osm,भिलाई,
BIB,Birpur,Madhya Pradesh,26.1345,77.137,osm,,
BIC,Bichia,Uttar Pradesh,28.3062,81.1541,osm,बिछिया,
BICI,Barki Chapi,Jharkhand,23.5512,84.7344,osm,बड़कीचांपी,
BID,Bidadi,Karnataka,12.8006,77.3902,osm,,ಬಿಡದಿ
BIDD,Bidiyad,Rajasthan,26.9809,74.7037,osm,,
BIDR,Bidar,Karnataka,17.9119,77.5154,osm,बीदर,ಬೀದರ
BIE,Bhistenhatti,Karnataka,15.4136,74.7058,datameet,,
BIF,Bhaironpur,Madhya Pradesh,22.4405,77.419,osm,,
BIG,Belgahna,Chhattisgarh,22.4312,82.0324,osm,,
BIGA,Bigga,Rajasthan,28.0512,74.146,osm,,
BIGH,Bagrigram Halt,Bihar,25.3913,86.9852,datameet,,
BII,Boridra,Gujarat,21.6664,73.0885,osm,बोरीद्रा,
BIJ,Birnagar,West Bengal,23.2362,88.5517,osm,,
BIJR,Bijoor,Karnataka,13.822,74.6426,osm,बिजूर,ಬಿಜೂರು
BIK,Bhira Kheri,Uttar Pradesh,28.3356,80.4873,osm,भिरा खेरी,
BILA,Bheslana,Rajasthan,27.0655,75.3041,osm,,
BILD,Bildi,Madhya Pradesh,23.2251,74.9182,osm,,
BILK,Bilkha,Gujarat,21.4434,70.5997,osm,,
BILP,Bhilupur,Gujarat,22.1945,73.3291,osm,भीलपुर,ભીલપુર
BIM,Bilimora Junction,Gujarat,20.7666,72.97,osm,बिलीमोरा जंक्शन,બીલીમોરા જંકશન
BIML,Bhimal,Rajasthan,24.7525,73.9225,osm,,
BINA,Bina Junction,Madhya Pradesh,24.1712,78.1852,osm,,
BINR,Brij Nagar,Rajasthan,27.4392,77.09,osm,,
BIO,Bordi,Gujarat,22.8668,74.3481,osm,,
BIP,Bahilpurwa,Uttar Pradesh,25.1353,80.9977,osm,,
BIPR,Bheempura,Rajasthan,25.1207,72.3848,osm,,
BIQ,Bansi Paharpur,Rajasthan,26.9346,77.4823,osm,,
BIR,Bir,Madhya Pradesh,22.0529,76.5472,osm,,
BIRA,Bira,,,,,,
BIRD,Bhivandi Road,Maharashtra,19.2689,73.0463,osm,भिवंडी रोड,भिवंडी रोड
BIRL,Biraul,Bihar,25.9385,86.2332,osm,,
BIRP,Birarajpur,Jharkhand,22.8233,86.0654,osm,,
BIS,Biswa Bridge,Maharashtra,20.8854,76.339,osm,,
BISH,Bishengarh,Rajasthan,25.4483,72.5749,osm,,
BIV,Bamhani Banjar,Madhya Pradesh,22.4782,80.3627,osm,,
BIWK,Bisalwas Kalan,Madhya Pradesh,24.4977,74.784,osm,,
BIX,Bhind,Madhya Pradesh,26.5885,78.7772,osm,,
BIY,Bardoli,Gujarat,21.1338,73.1054,osm,,
BIZ,Baihata,Assam,26.3418,91.6892,osm,,
BJ,Bahjoi,Uttar Pradesh,28.4007,78.6302,osm,,
BJA,Bijrotha,Uttar Pradesh,24.9466,78.4212,osm,,
BJBA,Bijbiara,Jammu and Kashmir,33.7895,75.0757,osm,,
BJD,Barejadi Nandej,Gujarat,22.8954,72.6771,osm,,
BJE,Bhojudih Junction,Jharkhand,23.6417,86.4474,osm,,
BJF,Bijni,Assam,26.4974,90.7075,osm,बिजनी,
BJG,Bajrangarh,Madhya Pradesh,22.988,74.6438,osm,,
BJI,Bijauli,Uttar Pradesh,25.3762,78.5175,osm,,
BJIH,Bijuli,Bihar,26.1869,85.9796,osm,,
BJK,Bijora,Rajasthan,25.1448,76.3954,osm,,
BJKN,Bajekan,Haryana,29.5236,75.0967,osm,,
BJL,Brahmajan,Assam,26.8531,93.5428,osm,,
BJLP,Barai Jalalpur,Uttar Pradesh,27.451,80.7986,osm,,
BJM,Bhagavathipuram,Tamil Nadu,9.01688,77.1968,osm,,
BJMA,Burj Mohar,Punjab,30.1853,74.2035,osm,,
BJMD,Bara Jamda,Jharkhand,22.165,85.4093,osm,बड़ा जामदा,
BJMR,Baijnath Mandir,Himachal Pradesh,32.0454,76.6444,osm,,
BJN,Bejnal,Rajasthan,24.9669,73.9119,osm,,
BJNR,Bijainagar,Rajasthan,25.9293,74.6523,osm,,
BJO,Bijnor,Uttar Pradesh,29.3857,78.1468,osm,,
BJP,Vijayapura,Karnataka,16.8304,75.7395,osm,विजयपुर,ವಿಜಾಪುರ
BJPL,Baijnath Paprola,Himachal Pradesh,32.0511,76.6351,osm,बैजनाथ पपरोला,
BJPR,Bijaipur Road,Madhya Pradesh,26.1883,77.293,osm,,
BJQ,Baghora,Madhya Pradesh,24.1363,78.2605,osm,,
BJR,Barrajpur,Uttar Pradesh,26.6859,80.139,osm,,
BJRA,Bhajera,Rajasthan,27.1169,76.739,osm,,
BJRI,Bijuri,Madhya Pradesh,23.2512,82.1196,osm,,
BJT,Bajpatti,Bihar,26.5432,85.6265,osm,,
BJU,Barauni Junction,Bihar,25.463,85.9879,osm,,
BJUD,Bajud,Gujarat,21.736,71.8292,osm,,
BJUP,Bjup,,,,,,
BJV,Bijauria,Uttar Pradesh,28.5608,79.6177,osm,,
BJW,Bajva,Gujarat,22.3668,73.1438,osm,,
BJWS,Bojawas,Haryana,28.2951,76.2133,osm,,
BJY,Bangalbaree,West Bengal,25.627,88.23,osm,बंगालबाड़ी,বাঙ্গালবাড়ি
BK,Bakra Road,Rajasthan,25.2137,72.4887,osm,,
BKA,Barkhera,Madhya Pradesh,22.9169,77.65,osm,,
BKAC,Barkakana Avoiding Cabin,Jharkhand,23.6405,85.4636,datameet,,
BKC,Bhikamkor,Rajasthan,26.8058,72.7884,osm,,
BKCA,Bokaro Steel City A Cabin,Jharkhand,23.6495,86.0877,datameet,,
BKD,Bhankoda,Gujarat,23.2704,72.1284,osm,,
BKDE,Budhakhera,Haryana,29.3782,76.5563,osm,,
BKDR,Begun Kudar,West Bengal,23.3874,86.0218,osm,,
BKF,Bhikhna Thori,Bihar,27.3331,84.6145,osm,भिखना ठोरी,
BKG,Banka Ghat,Bihar,25.5473,85.2734,osm,,
BKH,Bankhedi,Madhya Pradesh,22.7747,78.5334,osm,,
BKHR,Bakhri,Bihar,25.5005,87.3109,osm,,
BKI,Bandikui Junction,Rajasthan,27.04,76.5667,osm,,
BKIT,Binkadakatti,Karnataka,15.4367,75.5961,osm,,ಬಿಂಕದಕಟ್ಟ
BKJ,Barkur,Karnataka,13.477,74.7599,osm,बारकुर,ಬಾರ್ಕೂರು
BKKA,Bhukarka,Rajasthan,29.2375,74.7511,osm,,
BKKI,Bakarkudi,Jharkhand,23.0975,85.9637,osm,बकरकुड़ी,
BKKS,Bakkas,Uttar Pradesh,26.7712,81.0246,osm,,
BKL,Bonakalu,Telangana,17.0294,80.2634,osm,,బోనకల్లు
BKLA,Bakulha,Uttar Pradesh,25.7979,84.5426,osm,,
BKLE,Bakudi,Jharkhand,24.9264,87.7807,osm,,
BKN,Bikaner Junction,Rajasthan,28.0152,73.3156,osm,,
BKNA,Bakaina Halt,Uttar Pradesh,29.0358,78.2747,datameet,,
BKNG,Bhaktinagar,Gujarat,22.2818,70.7931,osm,,
BKNM,Banka Nayabaz,West Bengal,22.5954,88.2776,osm,,
BKNO,Biknaph,,,,,,
BKO,Bindki Road,Uttar Pradesh,26.1165,80.5808,osm,,
BKP,Bakhtiyarpur Junction,Bihar,25.4561,85.5308,osm,,
BKPR,Bakaspur,Jharkhand,22.9795,84.9538,osm,,
BKPT,Bhakarapeta,Andhra Pradesh,14.4092,78.97,osm,,
BKRD,Bhaluka Road,West Bengal,25.3315,87.9227,osm,भालुका रोड,ভালুকা রোড
BKRH,Brij Kishor Halt,Bihar,26.3137,84.6946,osm,,
BKRL,Bakrol,Gujarat,22.5879,73.419,osm,,
BKRO,Bokaro Thermal,Jharkhand,23.7867,85.8798,osm,,
BKS,Balikotia,Assam,26.4681,92.5696,osm,,
BKSA,Bakhsha,Uttar Pradesh,25.786,82.5693,osm,,
BKSC,Bokaro Steel City,Jharkhand,23.658,86.0839,osm,,
BKSL,Bikramshila,Bihar,25.2996,87.2999,osm,बिक्रमशिला,
BKSN,Chas Road,Jharkhand,23.6888,86.2134,osm,,
BKT,Bakshi Ka Talab,Uttar Pradesh,26.9868,80.9217,osm,,
BKTB,Bindukuri,Assam,26.7086,92.7344,osm,बिन्दुकुरि,
BKTH,Baikunth,Chhattisgarh,21.4977,81.7801,osm,,
BKTL,Baktal,Madhya Pradesh,23.2515,77.0128,osm,,
BKTS,Bakothikhas,Uttar Pradesh,26.8781,80.0378,datameet,,
BKTW,Baikunth,Chhattisgarh,21.4897,81.778,datameet,,
BKU,Bhiknur,Telangana,18.1641,78.3987,osm,,
BKWA,Bakayanwala,Punjab,30.1425,73.9878,osm,,
BL,Valsad,Gujarat,20.6082,72.9335,osm,वलसाड,
BLA,Bajalta,Jammu and Kashmir,32.7621,74.9521,osm,,
BLAE,Balarambati,West Bengal,22.8081,88.2117,osm,,
BLAX,Barlai,Madhya Pradesh,22.894,75.9621,osm,,
BLC,Bolda,Maharashtra,19.5517,77.2732,osm,,
BLCA,Block Hut Beas,Punjab,32.1014,75.6145,datameet,,
BLD,Bhilad,Gujarat,20.2755,72.8873,osm,,
BLDA,Belda,West Bengal,22.0711,87.3366,osm,,
BLDI,Bhildi Junction,Gujarat,24.1944,72.0093,osm,,
BLDK,Balauda Takun,Madhya Pradesh,22.8738,75.7564,osm,,
BLDL,Balle Da Pir Larth,Himachal Pradesh,32.216,75.9329,osm,,
BLF,Balajan,Assam,26.0957,89.8874,datameet,,
BLG,Bilhar Ghat,Uttar Pradesh,26.6813,82.269,osm,,
BLGA,Belagula,Karnataka,12.3861,76.5888,osm,,ಬೆಳಗುಳ
BLGH,Bishalgarh,Tripura,23.6767,91.2728,osm,,
BLGR,Balangir Junction,Odisha,20.6892,83.4943,osm,,
BLGT,Balurghat,West Bengal,25.2329,88.7581,osm,,
BLH,Belgharia,West Bengal,22.6614,88.3892,osm,,
BLHI,Bisale Halli,Karnataka,13.4814,75.9671,osm,बिसलेहल्लि,
BLHR,Balahapur,Bihar,25.1055,86.1558,osm,,
BLJA,Bhalojala,Punjab,31.4866,75.2395,osm,,
BLK,Belakoba,West Bengal,26.5914,88.5854,osm,बेलाकोबा,
BLKR,Ballekere,Karnataka,13.4992,76.0254,osm,,ಬಳ್ಳೇಕೆರೆ
BLL,Bantanahal,Andhra Pradesh,15.1631,77.2758,osm,,
BLLI,Balli,Goa,15.1518,74.0212,osm,बाल्ली,
BLLT,Balupete,Karnataka,12.9581,75.8833,osm,,
BLM,Balamau Junction,Uttar Pradesh,27.1681,80.3519,osm,बालामऊ जंक्शन,
BLME,Bholldih,Jharkhand,23.8984,86.117,osm,,
BLMK,Bhalumaska,Odisha,19.3277,83.294,osm,,
BLMR,Bhalukmara,Assam,26.6695,94.1239,osm,,
BLN,Ballygunge Junction,West Bengal,22.5193,88.372,osm,,
BLND,Bolinna Doaba,Punjab,31.3421,75.6563,osm,,
BLNG,Barlanga,Jharkhand,23.4445,85.8393,osm,,
BLNI,Bhalwani,Maharashtra,18.2107,75.2072,osm,,
BLNK,Belanki,Maharashtra,16.8519,74.8703,osm,,
BLNR,Birlanagar,Madhya Pradesh,26.2381,78.1954,osm,,
BLO,Bhulon,Rajasthan,24.643,76.954,osm,,
BLP,Balrampur,Uttar Pradesh,27.4156,82.161,osm,बलरामपुर,
BLPE,Balapalle,Andhra Pradesh,13.8116,79.4065,osm,,
BLPR,Badulipar,Assam,26.647,93.8748,osm,बदुलिपार,বদুলিপাৰ
BLPU,Bilpur,Uttar Pradesh,28.0811,79.627,osm,बिलपुर,
BLQR,Bilaspur Road,Uttar Pradesh,28.8651,79.2538,osm,,
BLR,Balganur,Karnataka,15.5947,75.6028,osm,,ಬಳಗಾನೂರ
BLRD,Bala road,Gujarat,22.798,71.6975,osm,,
BLRE,Belsiri Halt,Assam,26.8003,92.5148,osm,,
BLRG,Balasiring,Jharkhand,23.2686,85.281,osm,,
BLRI,Belari Halt,Bihar,25.8168,85.8022,osm,,
BLRR,Belandur Road,Karnataka,12.9386,77.7071,osm,,ಬೆಳಂದೂರು ರಸ್ತೆ
BLS,Balasore,Odisha,21.5006,86.9199,osm,,ବଳାସରେ ରାଇଲବଏ ଷ୍ଟେସନ
BLSA,Bolsa,Maharashtra,19.0018,77.7035,osm,,
BLSD,Balsamand,Rajasthan,27.5812,74.4736,osm,,
BLSN,Belsonda,Chhattisgarh,21.1544,82.0355,osm,बेलसोंडा,
BLSR,Belasar,Rajasthan,27.9955,73.6539,osm,,
BLT,Balotra,Rajasthan,25.8301,72.2471,osm,,
BLTR,Belthara Road,Uttar Pradesh,26.1208,83.8413,osm,,
BLU,Bilhaur,Uttar Pradesh,26.8397,80.0606,osm,,
BLV,Bhelwa,Bihar,26.9955,84.7715,osm,,
BLW,Balawali,Uttar Pradesh,29.6282,78.1115,osm,,
BLWD,Bolwad,Maharashtra,16.8166,74.685,osm,,
BLWR,Bileshwar,Gujarat,22.3824,70.831,osm,,
BLX,Bolai,Madhya Pradesh,23.3616,76.487,osm,,
BLY,Bally,West Bengal,22.6551,88.3403,osm,,
BLYC,Blyc,,,,,,
BLYG,Bally Ghat,West Bengal,22.6524,88.3479,osm,,
BLYH,Bally Halt,West Bengal,22.6523,88.3385,osm,,
BLZ,Budhlada,Punjab,29.9218,75.5499,osm,,
BM,Bodma,Jharkhand,23.8973,86.8526,datameet,,
BMA,Bagmar,Madhya Pradesh,21.7251,76.3632,osm,,
BMAE,Belmuri,West Bengal,22.9324,88.1524,osm,,
BMB,Bamra,Odisha,22.0516,84.2916,osm,,
BMBE,Bimbari,Maharashtra,19.1641,77.6316,osm,,
BMC,Bhimalgondi,Madhya Pradesh,21.7515,78.9289,osm,,
BMCK,Bissamcuttack,Odisha,19.487,83.4588,osm,,
BMD,Bhimadolu,Andhra Pradesh,16.8084,81.261,osm,,
BMDI,Brahmanvada,Gujarat,23.6575,72.0804,osm,,
BME,Barmer,Rajasthan,25.746,71.3973,osm,,
BMF,Basmat,Maharashtra,19.3329,77.1516,osm,,
BMG,Bamangachi,West Bengal,22.749,88.51,osm,,
BMGA,Bhimgara Junction,West Bengal,23.7382,87.2845,osm,,
BMGM,Brahmanagudem,Andhra Pradesh,16.9346,81.6751,osm,,
BMGN,Bamunigaon,Assam,26.015,91.2958,osm,बामुणी गाँव,
BMGR,Bamangram,West Bengal,25.6231,88.1984,osm,बामनग्राम,
BMH,Betamcherla,Andhra Pradesh,15.4494,78.1484,osm,,
BMHR,Baman Heri,Uttar Pradesh,29.5107,77.7065,osm,,
BMHT,Baraw More,Bihar,25.0438,84.062,datameet,,
BMI,Bamnia,Madhya Pradesh,23.095,74.7585,osm,बामनिया,
BMJ,Bridgemanganj,Uttar Pradesh,27.1953,83.197,osm,,
BMK,Birang Khera,Punjab,29.9122,74.6356,osm,,
BMKD,Bellamkonda,Andhra Pradesh,16.4706,80.0015,osm,,
BMKI,Bapudham Motihari,Bihar,26.6541,84.9052,osm,,
BMKJ,Bhimkhoj,Chhattisgarh,21.0804,82.288,osm,भीमखोज,
BMLL,Bamla,Haryana,28.8312,76.2294,osm,,
BMM,Bhaskarapara,Gujarat,22.9914,71.9101,osm,,
BMMP,Bommaipalli,Telangana,17.484,78.8681,osm,बोम्माईपल्ली,
BMN,Bhimana,Rajasthan,24.5958,72.8868,osm,,
BMNI,Bamani,Maharashtra,17.5107,75.2365,osm,,
BMNL,Bamanwali,Rajasthan,28.3678,73.5213,osm,,
BMO,Bolarum,Telangana,17.5331,78.5155,osm,,బొల్లారం
BMP,Bramhapuri,Maharashtra,20.6037,79.8672,osm,,
BMPL,Brahmanpalli,Telangana,17.8333,78.4502,osm,,
BMPR,Badampahar,Odisha,22.0888,86.1121,osm,,
BMPT,Banni Mahamman Patti,Bihar,25.89,84.7776,osm,,
BMQ,Bhimarlai,Rajasthan,25.893,71.8821,osm,,
BMR,Bikrampur,Madhya Pradesh,23.0824,79.5867,osm,,
BMRN,Bhimrana,Gujarat,22.3927,68.9942,osm,,
BMSB,Bhimasar,Gujarat,23.1866,70.1749,osm,,
BMSN,Bamsin,Rajasthan,25.762,72.5441,osm,,
BMSR,Bhimasar,Gujarat,23.5337,70.8869,datameet,,
BMT,Begumpet,Telangana,17.4387,78.4581,osm,,
BMU,Bamhrauli,Uttar Pradesh,25.445,81.7386,osm,,
BMVR,Bhaner Minawada Road,Gujarat,22.8767,72.9745,osm,,
BMW,Bamhni,Maharashtra,20.9227,79.3646,osm,,
BMY,Bamiana,Uttar Pradesh,28.2625,79.329,osm,,
BMZ,Bamourgaon,Madhya Pradesh,26.3403,78.1034,osm,,
BN,Bibinagar,Telangana,17.4707,78.7947,osm,बीबीनगर,
BNA,Banni Koppa,Karnataka,15.4065,75.9417,osm,,ಬನ್ನಿಕೊಪ್ಪ
BNAA,Bibhuti Bhushan Halt,West Bengal,23.0002,88.8039,osm,,
BNAR,Binaur,Uttar Pradesh,26.3952,80.1621,osm,,
BNB,Banstola,West Bengal,22.4215,87.0627,osm,,
BNBH,Vani Vihar,Odisha,20.2926,85.8533,osm,,
BNBR,Bahanaga Bazar,Odisha,21.3359,86.7616,osm,,
BNC,Bangalore Cantonment,Karnataka,12.9937,77.598,osm,,ಬೆಂಗಳೂರು (ಕಂಟೊನ್ಮೆಂಟ್)
BNCE,Bengaluru East,Karnataka,13.0012,77.6184,osm,,ಬೆಂಗಳೂರು ಪೂರ್ವ
BNCR,Banchari,Haryana,27.9457,77.3632,osm,,
BND,Bhandup,Maharashtra,19.1428,72.9377,osm,भांडुप,
BNDA,Banda,Uttar Pradesh,25.4775,80.3349,osm,,
BNDI,Barundini,Rajasthan,25.1762,74.9343,osm,,
BNDM,Bondamunda,Odisha,22.2359,84.9255,osm,बन्डामुन्डा,ବନ୍ଧମୁଣ୍ଡା
BNDN,Bhandana,Rajasthan,26.8817,76.2639,osm,,
BNDP,Buniadpur,West Bengal,25.386,88.4012,osm,,
BNE,Bohani,Madhya Pradesh,22.9132,78.9156,osm,,
BNF,Bandhua,Bihar,24.7527,85.0661,osm,,
BNG,Barnagar,Madhya Pradesh,23.0603,75.3769,osm,,
BNGL,Bhangala,Punjab,32.0251,75.6122,osm,,
BNGM,Bangurgram,Rajasthan,26.1409,74.3485,osm,,
BNGN,Bongaigaon,Assam,26.4785,90.5603,osm,बंगाईगाँव,
BNGO,Bingaon,Jharkhand,23.1667,85.1658,osm,बिंगव,
BNGY,Babhan Jotia,Uttar Pradesh,26.9678,82.4254,osm,,
BNH,Bhimnath,Gujarat,22.2395,71.9221,osm,,
BNHL,Bellenahalli,Karnataka,14.2439,76.5544,datameet,,
BNHR,Banbihari Gwalipur,Odisha,20.3396,86.2053,osm,,
BNI,Budhni,Madhya Pradesh,22.7869,77.6815,osm,बुदनी,
BNJ,Bangaon Junction,West Bengal,23.0306,88.833,osm,,
BNJL,Binjhol Halt,Haryana,29.3566,76.9401,osm,,
BNJN,Binjana,Madhya Pradesh,22.9345,75.9937,osm,,
BNK,Banashankari,Karnataka,13.2666,76.5246,osm,,ಬನಶಂಕರಿ
BNKA,Bankim Nagar,West Bengal,23.2091,88.5916,osm,,
BNKH,Bhairanayakanahalli,Karnataka,13.194,77.3828,osm,,ಭೈರನಾಯಕನಹಳ್ಳಿ
BNKI,Banmankhi Junction,Bihar,25.8849,87.1944,osm,बनमनखी जंक्शन,
BNKJ,Bankeyganj,Uttar Pradesh,28.1622,80.4138,osm,,
BNL,Bevinahalu,Andhra Pradesh,15.1669,77.2113,osm,,
BNLS,Bangi Nihal Singh,Punjab,30.0103,74.9552,osm,,
BNLW,Banasthali Niwai,Rajasthan,26.3839,75.9353,osm,,
BNLY,Bhanupali,Punjab,31.299,76.4206,osm,भानुपली,
BNM,Baragaon,Uttar Pradesh,26.7558,81.8475,osm,,
BNN,Barnala,Punjab,30.371,75.5499,osm,,
BNNR,Bhindar,Rajasthan,24.5292,74.1794,osm,,
BNO,Banar,Rajasthan,26.3395,73.1471,osm,,
BNOD,Benoda,Maharashtra,21.4499,78.1804,osm,,
BNP,Bhanapur,Karnataka,15.3866,76.039,osm,,ಬಸಾಪುರ
BNPT,Bennipatti Pirapur,Bihar,25.8917,85.3089,osm,,
BNQ,Banarhat,West Bengal,26.799,89.0258,osm,बानारहाट,বানারহাট
BNQL,Bhankla,Uttar Pradesh,29.8451,77.4744,osm,,
BNR,Bhagwanpur,Bihar,25.8583,85.3012,osm,,
BNRD,Balangir Road,Odisha,20.7066,83.4993,osm,,
BNS,Banas,Rajasthan,24.7138,72.9895,osm,,
BNSA,Banbasa,Uttarakhand,28.9924,80.074,osm,,
BNSL,Bansinala Halt,Bihar,24.6655,85.1615,osm,,
BNSP,Bansapahar,Uttar Pradesh,25.0572,81.0602,osm,,
BNSR,Bhagwansar,Rajasthan,29.3436,73.862,osm,,
BNT,Bhartana,Uttar Pradesh,26.7507,79.2171,osm,,
BNTH,Bandhnath,Gujarat,21.4346,70.3571,osm,,
BNTL,Bantawal,Karnataka,12.8782,75.0341,osm,बंटवाल,ಬಂಟ್ವಾಳ
BNU,Bandakpur,Madhya Pradesh,23.8481,79.5754,osm,,
BNV,Binnaguri,West Bengal,26.747,89.0537,osm,बिन्नागुड़ी,বিন্নাগুড়ি
BNVD,Bhanvad,Gujarat,21.9333,69.7985,osm,,
BNW,Bhiwani Junction,Haryana,28.8006,76.1245,osm,,
BNWC,Bhiwani City,Haryana,28.8254,76.144,osm,,
BNWD,Bhandewadi Halt,Maharashtra,21.1413,79.1593,osm,,
BNWS,Bhanwsa,Rajasthan,26.8331,75.2173,osm,,
BNXR,Bidhannagar Road,West Bengal,22.5913,88.391,osm,,
BNY,Barhni,Uttar Pradesh,27.4957,82.7916,osm,बढ़नी,
BNZ,Badshahnagar,Uttar Pradesh,26.8686,80.9614,datameet,,
BO,Borsad,Gujarat,22.4011,72.9088,osm,,
BOBS,Bobas,Rajasthan,26.906,75.4985,osm,,
BOD,Bangrod,Madhya Pradesh,23.3972,75.1218,osm,बांगरोद,
BOE,Barsoi Junction,Bihar,25.6509,87.9236,osm,,
BOF,Barog,Himachal Pradesh,30.8899,77.0824,osm,,
BOG,Bhairongarh,Madhya Pradesh,23.1451,74.7768,osm,भैरोंगढ़,
BOI,Bainchi,West Bengal,23.1197,88.1968,osm,,
BOJ,Bhojo,Assam,27.0636,95.0323,osm,भोजो,ভজো
BOK,Borkhedi,Maharashtra,20.8605,78.9745,osm,,
BOKE,Bhoke,Maharashtra,17.0489,73.3811,osm,,भोके
BOKO,Boko,Assam,25.9996,91.219,osm,बोको,
BOKR,Bhokar,Maharashtra,19.214,77.6671,osm,,
BOM,Bomadra,Rajasthan,25.7805,73.4383,osm,,
BOMN,Bommagundanakere,Karnataka,14.5878,76.6803,osm,,ಬೊಮ್ಮಗೊಂಡನಕೆರೆ
BON,Bhonra,Rajasthan,25.1779,76.1579,osm,,
BONA,Boinda,Odisha,20.92,84.7482,osm,,
BOP,Bhogpur,West Bengal,22.4023,87.8091,osm,,
BOR,Boisar,Maharashtra,19.7985,72.7614,osm,बोईसर,बोईसर
BORA,Bagdogra,West Bengal,26.6981,88.3246,osm,,
BORD,Bolagarh Road,Odisha,20.1693,85.2232,osm,,
BORT,Bolagarh Town,Odisha,20.1667,85.2789,osm,,
BOT,Boroti,Maharashtra,17.395,76.2553,osm,,
BOTI,Baori Thikria,Rajasthan,27.438,75.4767,osm,,
BOTR,Bhavdhari,Rajasthan,28.3835,75.7973,osm,,
BOV,Bhatgaon,Chhattisgarh,21.1603,81.7175,osm,भटगांव,
BOW,Borawar,Rajasthan,27.0284,74.67,osm,,
BOX,Bhojasar,Rajasthan,,,,,
BOY,Bhadohi,Uttar Pradesh,25.395,82.5587,osm,,
BOZ,Bolarum Bazaar,Telangana,17.5176,78.5157,osm,,
BP,Barrackpore,West Bengal,22.7603,88.3711,osm,बैरैकपुर,
BPA,Bellampalli,Telangana,19.0524,79.4859,osm,बेल्लमपल्ली,బెల్లంపల్లి
BPAE,Begampur,West Bengal,22.7384,88.2551,osm,,
BPAH,Benipur Halt,Bihar,,,,,
BPB,Badarpur Junction,Assam,24.8651,92.5562,osm,बदरपुर जंक्शन,বদরপুর জংশন
BPC,Berhampore Court,West Bengal,24.0897,88.2641,osm,,
BPD,Bahadurpur,West Bengal,23.4388,88.4641,osm,,
BPE,Benapur,West Bengal,22.2721,87.3762,osm,,
BPF,Banapura,Madhya Pradesh,22.4705,77.4817,osm,,
BPG,Badarpur Ghat,Assam,24.8741,92.5823,osm,बदरपुर घाट,বদরপুর ঘাট
BPGR,Benipurgram Halt,Bihar,26.3172,85.4814,datameet,,
BPH,Belpahar,Odisha,21.8271,83.8487,osm,बेलपाहाड़,ବେଲପାହାଡ଼
BPHB,Bhilai Power House,Chhattisgarh,21.2082,81.3758,osm,भिलाई पावर हाउस,
BPJ,Bara Hapjan,,,,,,
BPK,Bhugaon,Maharashtra,20.6736,78.6698,osm,,
BPKA,Bhopalka,Gujarat,22.1227,69.3686,osm,,
BPKH,Budha Pushkar,Rajasthan,26.5234,74.596,osm,,
BPL,Bhopal Junction,Madhya Pradesh,23.2665,77.4131,osm,,
BPM,Baghpat Road,Uttar Pradesh,28.9574,77.272,osm,,
BPN,Banpur,West Bengal,23.4516,88.7615,osm,,
BPO,Baripada,Odisha,21.9235,86.7375,osm,,
BPP,Bapatla,Andhra Pradesh,15.9084,80.4685,osm,,
BPQ,Balharshah,Maharashtra,19.8499,79.3478,osm,बल्हारशाह,
BPR,Bhojipura,Uttar Pradesh,28.4946,79.4477,osm,भोजीपुरा जंक्शन,
BPRA,Baripura,Uttar Pradesh,25.3362,79.9383,osm,,
BPRD,Barpeta Road,Assam,26.5021,90.9646,osm,बरपेटा रोड,
BPRH,Balpur Halt,Chhattisgarh,22.0932,82.6902,osm,,
BPRS,Bhogpur Sirwal,Punjab,31.555,75.6449,osm,,
BPS,Banpas,West Bengal,23.4031,87.7476,osm,,
BPU,Bhaupur,Uttar Pradesh,26.4687,80.1249,osm,,
BPV,Bhotepati,West Bengal,26.4709,88.8513,osm,भोटपट्टी,
BPW,Burhpura,Uttar Pradesh,25.1995,78.4234,osm,,
BPY,Badampudi,Andhra Pradesh,16.8283,81.4741,osm,,
BPZ,Bazpur,Uttarakhand,29.158,79.1467,osm,,
BPZA,Bharathappuzha,Kerala,10.7588,76.2893,osm,,
BQA,Bankura Jn.,West Bengal,23.2242,87.0756,osm,,
BQE,Bakanian Bhaunri,Madhya Pradesh,23.2643,77.2574,osm,,
BQF,Barahmuafi,Uttar Pradesh,25.0399,81.0099,datameet,,
BQG,Bhagwangola,West Bengal,24.3351,88.3075,osm,,
BQH,Bhanohad Punjab,Punjab,30.8508,75.7066,osm,,
BQI,Bommidi,Tamil Nadu,11.9841,78.246,osm,बोम्मिडि,
BQM,Barelipar,Madhya Pradesh,22.0523,78.4085,osm,,
BQN,Bagri Nagar,Rajasthan,25.8956,73.7879,osm,,
BQP,Bighapur,Uttar Pradesh,26.3551,80.6934,osm,,
BQQ,Bakhleta,Madhya Pradesh,23.8754,80.0643,osm,,
BQR,Bhilai Nagar,Chhattisgarh,21.2012,81.3352,osm,भिलाई नगर,
BQT,Baktar Nagar,West Bengal,23.59,87.1569,datameet,,
BQU,Bhattiprolu,Andhra Pradesh,16.1058,80.7881,osm,,
BQW,Barakalan,Uttar Pradesh,25.4913,83.8494,osm,,
BQY,Belerhat,West Bengal,23.5208,88.2844,osm,,
BQZ,Ballalpur,West Bengal,24.7545,87.9115,osm,,
BR,Bandh Baretha,Rajasthan,26.9105,77.3643,osm,,
BRA,Birsola,Maharashtra,21.5991,80.2073,osm,,
BRAG,Barang Junction,Odisha,20.4044,85.8321,osm,,
BRAM,Balaramapuram,Kerala,8.4299,77.0519,osm,,ബാലരാമപുരം
BRB,Boribial,Maharashtra,18.4079,74.649,osm,,
BRBD,Borabanda,Telangana,17.4591,78.4079,osm,,
BRBL,Birahalli,Karnataka,12.6647,76.3851,osm,,ಬೀರುವಲ್ಲಿ
BRBR,Barbera,Jharkhand,22.5756,84.8694,datameet,,
BRBS,Birbans,Jharkhand,22.794,86.0141,osm,,
BRC,Vadodara Junction,Gujarat,22.3111,73.1808,osm,वड़ोदरा जंक्शन,
BRCK,Baruachak,Uttar Pradesh,27.1249,82.0498,osm,बरुआचक,
BRD,Bhandara Road,Maharashtra,21.2385,79.6475,datameet,,
BRDB,Barda,West Bengal,22.1524,88.0876,osm,,
BRDH,Bardhana,Madhya Pradesh,22.1359,78.7995,osm,,
BRDT,Beria Daulat,Uttarakhand,29.1272,79.2322,osm,,
BRDV,Baradev,Uttar Pradesh,26.7018,80.4119,datameet,,
BRE,Bharwari,Uttar Pradesh,25.5598,81.4904,osm,,
BRG,Bargarh,Uttar Pradesh,25.1639,81.4504,osm,,
BRGA,Bargarh Road,Odisha,21.333,83.6433,osm,बरगढ़ रोड़,ବରଗଡ଼ ରୋଡ଼
BRGJ,Bargaon Gujar,Madhya Pradesh,21.7772,76.3554,osm,,
BRGL,Burgula,Telangana,16.976,78.2027,osm,,
BRGM,Baraigram Junction,Assam,24.6826,92.3412,osm,बराईग्राम जंक्शन,
BRGP,Bajrangpura,Gujarat,22.8398,71.7413,osm,,
BRGT,Bheraghat,Madhya Pradesh,23.1698,79.7978,osm,,
BRGW,Bargawan,Madhya Pradesh,24.1972,82.4564,osm,,
BRGY,Vadodara D Cabin,Gujarat,22.3445,73.1591,datameet,,
BRGZ,Vadodara E Cabin,Gujarat,22.3637,73.1594,datameet,,
BRH,Baikunthpur Rd,Chhattisgarh,23.3168,82.5293,osm,,
BRHD,Baba Raghuni Halt Dwarika,Bihar,25.76,86.5968,osm,,
BRHI,Barhi,Jharkhand,24.3026,85.409,osm,बरही,
BRHL,Barial Himachal,Himachal Pradesh,32.026,76.1003,osm,बरियाल हिमाचल,
BRHT,Bailey Road,,,,,,
BRHU,Barahu,Assam,26.1164,92.1395,osm,,
BRI,Bhirangi,Madhya Pradesh,22.2387,76.957,osm,,
BRIH,Bairi,Bihar,25.1599,84.2142,osm,,
BRJ,Brace Bridge,West Bengal,22.5179,88.3011,osm,,
BRJN,Brajarajnagar,Odisha,21.8227,83.9237,osm,ब्रजराजनगर,ବ୍ରଜରାଜନଗର
BRK,Bahraich,Uttar Pradesh,27.5821,81.6074,osm,बहराइच,
BRKA,Barkakana Junction,Jharkhand,23.6242,85.4686,osm,,
BRKB,Bharat Khand,Bihar,25.4003,86.806,osm,,
BRKD,Bharatkhand Halt,Bihar,25.4007,86.8062,datameet,,
BRKH,Bisapur Kalan Halt,Madhya Pradesh,21.9136,78.9225,osm,,
BRKP,Barkipona,Jharkhand,23.5661,85.6498,osm,,
BRKY,Boraki,Uttar Pradesh,28.5076,77.5637,osm,,
BRL,Barwala Road,Gujarat,22.8972,70.7214,osm,,
BRLA,Barayla Chaurasi,Madhya Pradesh,23.5552,75.0928,osm,,
BRLF,Bar Langfer S,Assam,25.7549,93.2437,osm,,
BRLI,Barauli,Rajasthan,26.5481,77.4226,osm,,
BRLY,Biroliya,Rajasthan,25.1733,73.1945,osm,,
BRM,Barabambo,Jharkhand,22.7013,85.7283,osm,,
BRMA,Barmasia,Jharkhand,24.2244,87.389,osm,,
BRMD,Biramdih,West Bengal,23.0495,86.1996,osm,,
BRMH,Belur Math,West Bengal,22.6313,88.3506,osm,,
BRMI,Brahmani,Odisha,20.8912,86.0569,osm,,
BRML,Baramula,Jammu and Kashmir,34.2207,74.3883,osm,,
BRMO,Bermo,Jharkhand,23.7726,85.9563,osm,,
BRMP,Biramitrapur,Odisha,22.3971,84.737,osm,,
BRMR,Bharmar,Himachal Pradesh,32.168,75.9547,osm,,
BRMT,Baramati,Maharashtra,18.1537,74.5782,osm,,
BRMX,Barmi,Uttar Pradesh,27.4894,80.5608,datameet,,
BRN,Barhan,Uttar Pradesh,27.3299,78.1917,osm,,
BRNA,Berawanya,Madhya Pradesh,23.4666,75.3365,osm,,
BRND,Boridand Junction,Madhya Pradesh,23.2673,82.1779,osm,,
BRNI,Barwasni,Haryana,29.0235,76.9424,osm,,
BRNR,Baruanagar,Assam,27.144,95.2336,datameet,,
BROR,Berore,Rajasthan,29.1996,73.2956,osm,,
BRP,Baruipur Junction,West Bengal,22.3663,88.4313,osm,,বারুইপুর জংশন
BRPA,Baruipara,West Bengal,22.7669,88.237,osm,,
BRPK,Bisharpara Kodalia,West Bengal,22.6767,88.435,osm,,
BRPL,Barpali,Odisha,21.1842,83.5954,osm,बरपाली,ବରପାଲି
BRPM,Baripur Mandala,Gujarat,22.0952,73.3183,osm,,
BRPS,Barapalasi,Jharkhand,24.3819,87.1819,osm,,
BRPT,Birapatti,Uttar Pradesh,25.4062,82.913,osm,,
BRQ,Bagrakot,West Bengal,26.8704,88.5853,osm,,
BRR,Barakar,West Bengal,23.7421,86.8172,osm,,
BRRD,Bordi Road,Gujarat,20.1212,72.7652,osm,,
BRRG,Biyavra Rajgarh,Madhya Pradesh,23.9368,76.9083,osm,,
BRRI,Birari,Uttar Pradesh,24.7309,78.5072,osm,,
BRRZ,Barara Buzurg,Uttar Pradesh,26.0526,81.0841,datameet,,
BRS,Birsinghpur,Madhya Pradesh,23.3668,81.0435,osm,,
BRSA,Barwa Kalan,Uttar Pradesh,27.3913,83.4083,datameet,,
BRSQ,Brar Square,Delhi,28.6137,77.1405,osm,बरार स्क्वायर,
BRST,Birpurusottampur,Odisha,19.9909,85.8063,osm,,
BRTA,Bartara,Uttar Pradesh,27.8291,80.0243,osm,,
BRTG,Barithengarh,Odisha,20.6569,86.0592,osm,,
BRTK,Bhortex,Maharashtra,21.0989,75.0037,osm,,
BRTL,Bharthali,Gujarat,22.015,73.141,osm,,
BRU,Bhairoganj,Bihar,27.152,84.2389,osm,,
BRUD,Barud,Madhya Pradesh,22.0282,76.7638,osm,,
BRVR,Borvihir,Maharashtra,20.7838,74.8413,osm,,
BRW,Bariwala,Punjab,30.5309,74.6549,osm,,
BRWD,Barwadih Junction,Jharkhand,23.8438,84.116,osm,,
BRWH,Baherwa Halt,Uttar Pradesh,25.2514,82.792,osm,,
BRY,Bareilly,Uttar Pradesh,28.3373,79.411,datameet,,
BRYA,Barhiya,Bihar,25.2825,86.0155,osm,,
BRYC,Bareilly Can,,,,,,
BRZ,Bareta,Punjab,29.8597,75.6924,osm,,
BRZR,Barari Bazar,Bihar,25.4901,87.3553,datameet,,
BS,Banisar,Rajasthan,28.067,73.8941,osm,,
BSA,Bhainsa,Uttar Pradesh,27.3915,77.6735,datameet,,
BSAE,Bansh Baria,West Bengal,22.9579,88.3953,osm,,
BSB,Varanasi Jn,Uttar Pradesh,25.3273,82.9865,datameet,,
BSBN,Bhusawal B Cabin,Maharashtra,21.0499,75.8225,datameet,,
BSBP,Birshibpur,West Bengal,22.474,88.0538,osm,,
BSBR,Banshlai Bridge,West Bengal,24.485,87.8603,osm,बांशलई ब्रिज,
BSBS,Banaras (Manduadih),Uttar Pradesh,25.29924,82.97105,osm,,
BSBY,Varanasi Yard,Uttar Pradesh,25.3252,82.9752,datameet,,
BSC,Bulandshahr,Uttar Pradesh,28.3931,77.8479,osm,बुलन्दशहर,
BSCK,Basuchak,Uttar Pradesh,25.5314,83.3482,osm,,
BSCN,Bhusawal C Cabin,Maharashtra,21.0465,75.8216,datameet,,
BSCP,Baskatwa B. H.,Bihar,24.547,85.3671,osm,,
BSD,Basuldanga,West Bengal,22.2037,88.2339,osm,,
BSDA,Baniya Sanda Dhora,Rajasthan,25.8598,71.6683,osm,,
BSDL,Bharsendi,Madhya Pradesh,24.0538,82.0162,osm,,
BSDP,Bhusandpur,Odisha,19.9528,85.4772,osm,,
BSDR,Bansadhara,Andhra Pradesh,18.97,83.8228,osm,,
BSE,Mungara Badshahpur,Uttar Pradesh,25.6529,82.1909,osm,,
BSGD,Bais Godam,Rajasthan,26.9018,75.7895,osm,,
BSGN,Basugaon,Assam,26.46,90.4197,osm,,
BSGR,Bhagsar,Punjab,30.4521,74.4017,osm,,
BSGS,Bsgs,,,,,,
BSHT,Basirhat,West Bengal,22.6502,88.8693,osm,,
BSI,Basbari,Assam,26.1912,89.9019,osm,,
BSJ,Bhupalsagar,Rajasthan,24.8475,74.2116,osm,,
BSKH,Basukinath,Jharkhand,24.3846,87.069,osm,,
BSKN,Bhesana Mankanaj,Gujarat,23.4984,72.331,osm,,
BSKO,Banskho,Rajasthan,26.8573,76.1684,osm,,
BSKR,Basi Kiratpur,Uttar Pradesh,29.497,78.2134,osm,,
BSL,Bhusaval Junction,Maharashtra,21.0473,75.7881,osm,,
BSLA,Bhasila,West Bengal,22.6653,88.6583,osm,,
BSLE,Bataspur,West Bengal,23.8807,87.6805,osm,,
BSLX,Bslx,,,,,,
BSM,Bisanattam,Karnataka,12.8422,78.2499,osm,,
BSN,Banasandra,Karnataka,13.2655,76.6606,osm,,ಬಾಣಸಂದ್ರ
BSP,Bilaspur Junction,Chhattisgarh,22.0561,82.1708,osm,बिलासपुर जंक्शन,
BSPC,Bspc,,,,,,
BSPD,Biaspind,Punjab,31.4525,75.6359,osm,,
BSPH,Bishanpura Haryana,Haryana,29.2739,76.3237,osm,,
BSPK,Bispur,Odisha,22.374,84.9464,datameet,,
BSPL,Basampalle,Andhra Pradesh,14.3112,77.7455,osm,,
BSPN,Bassi Pathanam,Punjab,30.6896,76.4103,osm,,
BSPR,Bishrampur,Chhattisgarh,23.1791,82.9828,osm,,
BSPX,Banspani,Odisha,22.0008,85.4237,osm,,
BSQ,Barsitakli,Maharashtra,20.576,77.0612,osm,,
BSQP,Bansipur,Bihar,25.1246,86.1453,osm,,
BSR,Vasai Road,Maharashtra,19.3827,72.832,osm,वसई रोड,वसई रोड
BSRA,Basarhia Halt,Bihar,25.6921,85.8119,osm,,
BSRI,Basari,Madhya Pradesh,24.8136,79.7029,osm,,
BSRL,Besroli,Rajasthan,26.9914,74.5613,osm,,
BSRX,Basavana Bagewadi Road,Karnataka,16.4803,75.8283,osm,,ಬಸವನ ಬಾಗೇವಾಡಿ ರಸ್ತೆ
BSS,Bahadursinghwala,Punjab,30.3086,75.8548,osm,,
BSSL,Bassi Berisal,Rajasthan,25.0262,74.7673,osm,,
BST,Basti,Uttar Pradesh,26.8154,82.7699,osm,,
BSTP,Basantapur,Odisha,21.5509,85.6748,osm,,
BSUR,Bisalpur,Uttar Pradesh,28.291,79.8118,osm,बीसलपुर,
BSW,Baneswar,West Bengal,26.3981,89.4969,osm,बानेश्वर,বাণেশ্বর
BSWA,Baiswara,Uttar Pradesh,26.2848,80.8347,datameet,,
BSWD,Bhenswadi,Gujarat,21.4916,71.3591,osm,,
BSX,Basar,Telangana,18.8658,77.9389,osm,,
BSY,Barsathi,Uttar Pradesh,25.5641,82.474,datameet,,
BSYA,Barkisalaiya,Bihar,24.7163,84.1383,osm,,
BSZ,Bharwa Sumerpur,Uttar Pradesh,25.8271,80.1686,osm,,
BT,Barasat Junction,West Bengal,22.7242,88.4838,osm,,
BTA,Bihta,Bihar,25.561,84.8723,osm,बिहटा,
BTBR,Buti Bori,Maharashtra,20.9185,79.0133,osm,बुटीबोरी,
BTC,Balaghat Junction,Madhya Pradesh,21.8116,80.1999,datameet,,
BTCN,Balaghat,Madhya Pradesh,21.8112,80.1994,datameet,,
BTD,Botad Junction,Gujarat,22.1825,71.6656,osm,,
BTDF,Botad Jn,Gujarat,22.1827,71.6654,datameet,,
BTDR,Batadrawa Road,Assam,26.4674,92.5419,osm,,
BTE,Bharatpur Junction,Rajasthan,27.2365,77.4876,osm,भरतपुर जंक्शन,
BTF,Bathnaha,Bihar,26.3462,87.2369,osm,बथनाहा,
BTG,Basharatganj,Uttar Pradesh,28.2881,79.2853,osm,,
BTGH,Bettadanagenahalli,Karnataka,14.1829,76.2712,osm,,ಬೆಟ್ಟದನಾಗೇನಹಳ್ಳಿ
BTH,Bettiah,Bihar,26.8054,84.5224,osm,,
BTHL,Bithauli,Bihar,25.8174,85.2918,osm,,
BTI,Bathinda Junction,Punjab,30.2128,74.9331,osm,,
BTIB,Bhatinda B Cabin,Punjab,30.1508,74.9402,datameet,,
BTIC,Bathinda Cantt.,Punjab,30.1981,75.0045,osm,,
BTJ,Bishnathganj,Uttar Pradesh,25.8019,81.9354,datameet,,
BTJL,Bhatkal,Karnataka,13.9894,74.5656,osm,भटकल,ಭಟ್ಕಳ
BTK,Bankata,Uttar Pradesh,26.266,84.0947,osm,,
BTKB,Bathna Krittibas,West Bengal,23.2465,88.463,osm,,
BTKD,Bharatkund,Uttar Pradesh,26.6358,82.1267,osm,,
BTKL,Bhatkal,Karnataka,13.987,74.5673,datameet,,
BTKP,Bharatkup,Uttar Pradesh,25.2156,80.7715,osm,,
BTL,Bortalao,Chhattisgarh,21.2181,80.6261,osm,,
BTM,Battulapuram,Andhra Pradesh,13.7476,78.3058,datameet,,
BTNR,Bharath Nagar,Telangana,17.4626,78.4302,osm,,
BTO,Bhitaura,Uttar Pradesh,28.4703,79.3066,osm,भिटौरा,
BTP,Babatpur,Uttar Pradesh,25.454,82.8805,osm,,
BTPD,Bethampudi,Telangana,17.5294,80.5286,osm,,
BTPG,Betberia Ghola,West Bengal,22.3508,88.5747,osm,,
BTPH,Chakia Thermal Halt,Bihar,25.4015,86.0161,osm,,
BTQ,Betnoti,Odisha,21.7406,86.8438,osm,,
BTR,Butari,Punjab,31.556,75.1834,osm,बुटारी,
BTRA,Banthra,Uttar Pradesh,27.9289,79.8278,osm,बंथरा,
BTRB,Betur,West Bengal,23.1904,87.5802,osm,,
BTRH,Bhatar,West Bengal,23.4068,87.9251,osm,,
BTRI,Bitroi,Uttar Pradesh,27.98,78.8972,osm,,
BTRO,Bastoi Halt,Uttar Pradesh,27.6674,78.2854,datameet,,
BTS,Basta,Odisha,21.7017,87.063,osm,,
BTSD,Bhatisuda,Madhya Pradesh,23.4059,75.4224,osm,,
BTSI,Batasi,West Bengal,26.6095,88.1742,osm,,
BTSR,Bhuteshwar,Uttar Pradesh,27.5017,77.6676,osm,,
BTT,Bhatni Junction,Uttar Pradesh,26.3816,83.9334,osm,,
BTTN,Bhattian,Punjab,31.0784,75.7792,osm,,
BTTR,Bitragunta,Andhra Pradesh,14.767,79.9838,osm,बट्रगुंटा,
BTU,Baraut,Uttar Pradesh,29.0969,77.2729,osm,,
BTV,Baitarni Road,Odisha,20.9871,86.2344,osm,,
BTVA,Batuva,Andhra Pradesh,18.3428,83.6235,osm,,
BTW,Barsi Town,Maharashtra,18.241,75.7181,osm,,
BTWN,Betwa Cabin,Madhya Pradesh,23.5092,77.7875,datameet,,
BTX,Bela Tal,Uttar Pradesh,25.2763,79.5541,osm,,
BTY,Bethuadahari,West Bengal,23.6106,88.3855,osm,,
BTYA,Bhatariya,Gujarat,23.4371,72.2737,osm,,
BTZ,Balimara,Assam,27.2369,95.3336,datameet,,
BU,Baswa,Rajasthan,27.1503,76.5758,osm,,
BUA,Baradwar,Chhattisgarh,22.0118,82.8127,osm,,
BUB,Bissau,Rajasthan,28.2419,75.0608,osm,,
BUBR,Bhutakiya Bhimasar,Gujarat,23.5339,70.887,osm,,
BUBT,Buraha Bhartha,Uttar Pradesh,27.1082,78.6703,datameet,,
BUD,Badlapur,Maharashtra,19.1666,73.2389,osm,बदलापुर,
BUDA,Bhuda,Rajasthan,27.1289,76.8142,osm,,
BUDI,Bundi,Rajasthan,25.4086,75.6509,osm,,
BUDM,Badmal,Odisha,20.3849,83.2717,osm,,
BUDR,Baudpur,Odisha,21.0631,86.4627,osm,,
BUE,Baruna,Bihar,25.5691,84.0726,osm,,
BUF,Bimlagarh Junction,Odisha,21.9679,85.0101,osm,बिमलगढ़ जंक्शन,ବିମଲଗଡ ଜଙ୍କସନ
BUG,Bagaha,Bihar,27.1304,84.0675,osm,बगहा,
BUGL,Buglanwali,Rajasthan,29.7934,74.2385,osm,,
BUGM,Berugram,,,,,,
BUGN,Bhurjiha Baragn,Uttar Pradesh,27.6318,80.7255,osm,,
BUGY,MASANIWALA,Rajasthan,29.4012,73.5892,osm,,
BUH,Burhar,Madhya Pradesh,23.2127,81.5286,osm,,
BUI,Ballia,Uttar Pradesh,25.7594,84.1489,osm,बलिया,
BUJ,Barauni Flag,Bihar,25.4746,85.9646,osm,,
BUL,Bhalulata,Odisha,22.2664,85.0606,osm,,
BUM,Bommasamudram,Tamil Nadu,13.045,79.1767,osm,,
BUP,Bariarpur,Bihar,25.2808,86.5753,osm,,
BUPH,Babupeth,Maharashtra,19.9208,79.3131,osm,बाबुपेठ,
BUQ,Bargi,Madhya Pradesh,22.994,79.8723,osm,,
BUR,Bindaura,Uttar Pradesh,27.0213,81.3255,osm,,
BURA,Bahuara Halt,Bihar,25.8991,84.7855,osm,,
BURN,Burnpur,West Bengal,23.6728,86.9395,osm,,
BUS,Badausa,Uttar Pradesh,25.2482,80.6512,osm,,
BUT,Baytu,Rajasthan,25.8972,71.7681,osm,,
BUTA,Jangalmahal Bhadutala,West Bengal,22.4844,87.3207,osm,,
BUTN,Butane,Haryana,29.201,76.6243,osm,,
BUU,Bhadanpur,Madhya Pradesh,24.1667,80.6779,osm,,
BUW,Burhwal Junction,Uttar Pradesh,27.0862,81.3897,osm,बुढ़वल जंक्शन,
BUX,Bhandak,Maharashtra,20.0847,79.1133,osm,भांदक,
BV,Babhnan,Uttar Pradesh,26.9378,82.5019,osm,,
BVA,Bauria,West Bengal,22.5025,88.1633,osm,,
BVAC,Bvac,,,,,,
BVB,Bhad Bhada Ghat,Madhya Pradesh,23.3748,77.5355,osm,,
BVBC,Bvbc,,,,,,
BVC,Bhavnagar Terminus,Gujarat,21.7809,72.1413,osm,,
BVH,Ballabgarh,Haryana,28.3403,77.3122,osm,बल्लभगढ़,
BVI,Borivali,Maharashtra,19.2291,72.8574,osm,बोरिवली,बोरिवली
BVL,Bikkavolu,Andhra Pradesh,16.969,82.0318,osm,,
BVM,Bayyavaram,Andhra Pradesh,17.66,82.9304,osm,,
BVN,Biswan,Uttar Pradesh,27.4888,80.9914,osm,,
BVNR,Bhavani Nagar,Maharashtra,17.1569,74.3133,osm,,
BVO,Bogolu,Andhra Pradesh,15.4654,77.9124,osm,,
BVP,Bhavnagar Para,Gujarat,21.7709,72.119,osm,,
BVQ,Bhilawadi,Maharashtra,17.0081,74.5155,osm,,
BVR,Banavar,Karnataka,13.3958,76.1405,osm,,ಬಾಣಾವರ
BVRM,Bhimavaram Junction,Andhra Pradesh,16.5444,81.5376,osm,,
BVRT,Bhimavaram Town,Andhra Pradesh,16.5472,81.5196,osm,,
BVS,Bhivpuri Road,Maharashtra,18.9705,73.3314,osm,भिवपुरी रोड,
BVU,Balipara,Assam,26.8194,92.7721,osm,,
BVV,Bedetti,Assam,26.8506,93.3915,osm,,
BVW,Bahmni Wala,Punjab,30.5329,74.1688,osm,,
BVZ,Naloi Barwa,Haryana,28.9635,75.6241,osm,,
BW,Biwai,Rajasthan,27.1098,76.6958,osm,,
BWA,Bhinwaliya,Rajasthan,25.5595,73.4922,osm,,
BWB,Bagwali,Punjab,30.0348,74.7746,osm,,
BWBN,Bewar Bhoja,Rajasthan,28.5499,75.5614,osm,,
BWC,Banwali,Rajasthan,29.9201,74.03,osm,,
BWCN,Bowaichandi,,,,,,
BWD,Belvandi,Maharashtra,18.7108,74.6226,osm,,
BWF,Butewala,Punjab,31.0807,74.8976,osm,,
BWH,Bhadaura,Uttar Pradesh,25.4511,83.7394,osm,,
BWI,Bilwai,Uttar Pradesh,26.1599,82.6652,osm,,
BWIP,Bhawanipatna,Odisha,19.9338,83.1585,osm,भवानीपाटणा,ଭବାନୀପାଟଣା
BWK,Bawani Khera,Haryana,28.939,76.033,osm,बवानी खेड़ा,
BWL,Bawal,Haryana,28.0701,76.5725,osm,,
BWM,Bhawani Mandi,Rajasthan,24.4193,75.8303,osm,,
BWN,Barddhaman Junction,West Bengal,23.2499,87.8698,osm,बर्द्धमान जंक्षन,
BWND,Bwnd,,,,,,
BWO,Buramara,Odisha,22.108,86.651,osm,,
BWP,Bhawanipur Kalan,Uttar Pradesh,27.35,82.0827,osm,भवानीपुर कलाँ,
BWPB,Bhawanipur Bihar,Bihar,25.5937,87.8677,osm,भवानीपुर बिहार,
BWPL,Balwantpura Chelasi,Rajasthan,27.8836,75.2452,osm,,
BWR,Barwa Sagar,Uttar Pradesh,25.352,78.7326,osm,,
BWRA,Bharatwada,Maharashtra,21.2314,79.0167,osm,,
BWS,Badwasi,Rajasthan,27.3109,73.6629,osm,,
BWSN,Bijwasan,Delhi,28.537,77.0513,osm,,
BWT,Bangarpet Junction,Karnataka,12.9855,78.1782,osm,,
BWV,Bhiwapur,Maharashtra,20.7697,79.5117,osm,,
BWW,Barwaha,Madhya Pradesh,22.2561,76.031,osm,,
BWX,Bahman Diwana,Punjab,30.2255,74.8475,osm,,
BWZ,Badowal,Punjab,30.8655,75.7537,osm,,
BXA,Balod,Chhattisgarh,20.7407,81.2051,osm,बालोद,
BXB,Banga,Punjab,31.177,75.9993,osm,,
BXC,Barwala,Haryana,29.3679,75.8878,osm,,
BXF,Barsuan,Odisha,21.8445,85.1195,osm,बरसुवान,ବରସୁଆଂ
BXG,Bhanga,Assam,24.854,92.4801,osm,,
BXHT,Boxirhat,West Bengal,26.3069,89.7375,osm,,
BXJ,Bokajan,Assam,26.0193,93.7802,osm,,
BXK,Bandarkhal,Assam,25.0585,92.8012,osm,बन्दरखाल,বান্দরখাল
BXL,Bheduasol,West Bengal,23.1947,87.1339,osm,,
BXLL,Billi Junction,Uttar Pradesh,24.462,83.0192,osm,,
BXM,Belrayan,Uttar Pradesh,28.3793,80.9158,osm,बेलरायाँ,
BXN,Bayana Junction,Rajasthan,26.916,77.2964,osm,बयाना जंक्शन,
BXP,Barpathar,Assam,26.275,93.8999,osm,बड़पथार,বৰপথাৰ
BXQ,Brundamal,Odisha,21.8065,84.0165,osm,बृन्दामल,ବୃନ୍ଦାମାଲ
BXR,Buxar,Bihar,25.5612,83.9813,osm,बक्सर,
BXS,Pichchandar Kovil,Tamil Nadu,10.8819,78.7194,osm,,
BXT,Bamanhat,West Bengal,26.0708,89.5869,osm,,
BXY,Bordhai,Madhya Pradesh,21.9976,78.3485,osm,,
BY,Byculla,Maharashtra,18.9766,72.8328,osm,भायखला,भायखळा
BYC,Ballari Cantonment,Karnataka,15.1583,76.8835,osm,,ಬಳ್ಳಾರಿ ಕಾಂಟೋನ್ಮೆಂಟ್
BYD,Byadgi,Karnataka,14.6991,75.4896,osm,,
BYE,Bansi Bohera,Rajasthan,24.3652,74.3864,osm,,
BYH,Bhiti,Uttar Pradesh,25.3338,82.2619,osm,,
BYHA,Barya Ram,Uttar Pradesh,25.5669,82.2266,osm,,
BYL,Belha,Chhattisgarh,21.9611,82.0767,osm,,
BYN,Banahi,Bihar,25.5614,84.3911,osm,,
BYNR,Mookambika Road Byndoor,Karnataka,13.8718,74.6327,osm,मुकाम्बिका रोड बैन्दूर,ಬ್ಯಂದೂರ್ ಮೂಕಾಂಬಿಕ ರಸ್ತೆ
BYO,Bayaluvaddigeri,Karnataka,15.23,76.5359,osm,,
BYP,Baijnathpur,Bihar,25.9007,86.6538,osm,बैजनाथपुर,
BYPA,Baiyyappanahalli,Karnataka,12.9912,77.6518,datameet,,
BYPL,Baiyyappanahalli Junction,Karnataka,12.9912,77.6517,osm,,
BYPY,Baiyyappanahalli Yard Cabin,Karnataka,13.0067,77.6256,datameet,,
BYQ,Bahai,Uttar Pradesh,26.1223,81.0153,datameet,,
BYR,Bhayandar,Maharashtra,19.3102,72.8527,osm,भायंदर,भाईंदर
BYS,Barsali,Madhya Pradesh,21.9102,78.0314,osm,,
BYSA,Basulya Sutahata,West Bengal,22.1202,88.1306,osm,,
BYT,Bhatapara,Chhattisgarh,21.7321,81.9458,osm,,
BYXA,Betgara,West Bengal,26.5999,88.8596,osm,,
BYY,Byree,Odisha,20.6284,86.0352,osm,,
BYZA,Begunia,Odisha,20.1872,85.4319,osm,,
BZ,Bharur,Punjab,30.1804,75.8194,osm,,
BZA,Vijayawada Junction,Andhra Pradesh,16.518,80.6196,osm,,
BZB,Barra Bazar,West Bengal,22.5902,88.3512,osm,,
BZC,Beliatore,West Bengal,23.3153,87.2229,osm,,
BZE,Baseria,Jharkhand,23.7868,86.3816,datameet,,
BZG,Bilga,Punjab,31.0583,75.6607,osm,,
BZGT,Bazarghat,Assam,24.57,92.4099,osm,बाज़ारघाट,
BZJT,Bazida Jatan,Haryana,29.6134,76.9655,osm,,
BZK,Bhaini Khurd,Haryana,29.752,76.9555,osm,,
BZL,Belanagar,West Bengal,22.6612,88.3171,osm,,
BZLE,Bazarsau,West Bengal,23.8764,88.1828,osm,,
BZM,Bhimsen Junction,Uttar Pradesh,26.4204,80.2193,osm,,
BZN,Bagnan,West Bengal,22.4626,87.9701,osm,,
BZO,Barsola,Haryana,29.3864,76.2382,osm,,
BZR,Bisra,Odisha,22.2478,84.9978,osm,,
BZS,Bansjora,Jharkhand,23.7905,86.3547,osm,,
BZU,Betul,Madhya Pradesh,21.8972,77.9062,osm,बॆटुल,
BZY,Basai,Madhya Pradesh,25.1427,78.3943,osm,,
CAA,Chakia,Bihar,26.4172,85.0464,datameet,,
CABN,Bhilai Cabin,Chhattisgarh,21.236,81.4991,datameet,,
CAER,Chhanera,Madhya Pradesh,21.9636,76.7073,osm,,
CAF,Chanda Fort,Maharashtra,19.9403,79.3126,osm,,
CAG,Chhabra Gugor,Rajasthan,24.6798,76.8516,osm,,
CAI,Chanpatia,Bihar,26.9421,84.5308,osm,,
CAJ,Chakraj Mal,Uttar Pradesh,29.2498,78.5361,osm,,
CAM,Chhota Ambana,Jharkhand,23.7621,86.5726,osm,,
CAMU,Chamua,Bihar,27.138,84.4017,osm,चमुआ,
CAN,Kannur,Kerala,11.8718,75.3676,osm,,കണ്ണൂർ
CAO,Chauradano,Bihar,26.8508,85.0176,osm,,
CAP,Chatrapur,Odisha,19.3592,84.9737,osm,,
CAPA,Chhapra Jn,Bihar,25.7879,84.7244,datameet,,
CAPC,Chatrapur Court,Odisha,19.3592,84.9829,osm,,
CAPE,Kanniyakumari,Tamil Nadu,8.08796,77.5467,osm,,கன்னியாகுமரி
CAPG,Chapaguri,West Bengal,26.3491,89.3377,osm,चापागुड़ी,
CAR,Chunar Junction,Uttar Pradesh,25.1037,82.873,osm,,
CAS,Chas Road,West Bengal,23.4193,86.215,osm,,
CASA,Chhansara,Gujarat,23.7675,71.2754,osm,,
CAT,Chattar Hat,West Bengal,26.5491,88.3238,osm,चटेर हाट,
CATA,Chhata Aschaura,Uttar Pradesh,25.8239,84.2478,osm,,
CATD,Chataud,Chhattisgarh,20.9906,81.7317,osm,चटौद,
CAZ,Chauhani,Madhya Pradesh,23.3326,76.2654,osm,,
CBD,Changrabandha,West Bengal,26.4128,88.9199,osm,चंगराबन्धा,
CBE,Coimbatore Jn,Tamil Nadu,10.9976,76.9663,datameet,,
CBF,Coimbatore North,Tamil Nadu,11.0183,76.9557,osm,कोयम्बटूर नार्थ,
CBG,Charbhuja Road,Rajasthan,25.3007,73.9215,osm,,
CBH,Chaube,Jharkhand,24.237,85.8157,osm,,
CBJ,Clutter Buck Ganj,Uttar Pradesh,28.3963,79.3719,osm,कलटट्रबकगंज,
CBK,Chachaura Binaganj,Madhya Pradesh,24.1771,77.016,osm,,
CBM,Cumbum,Andhra Pradesh,15.5928,79.1127,osm,,
CBN,Chit Baragaon,Uttar Pradesh,25.7447,84.0028,osm,,
CBP,Chikballapur,Karnataka,13.4274,77.7321,osm,,ಚಿಕ್ಕಬಳ್ಳಾಪುರ
CBR,Chaubepur,Uttar Pradesh,26.5989,80.2114,datameet,,
CBSA,Chaibasa,Jharkhand,22.5593,85.8122,osm,चाईबासा,
CBT,Charbatia,Odisha,20.5692,85.9112,osm,,
CBU,Chinnababu Samudram,Tamil Nadu,11.9196,79.6867,osm,,சின்னபாபு சமுத்திரம்
CBX,Chandbhan,Punjab,30.3842,74.8939,osm,,
CBY,Khambhat,Gujarat,22.3235,72.6301,osm,खंभात,
CBZ,Churaibari,Tripura,24.4337,92.2414,osm,चुड़ाईबाड़ी,
CC,Chauri Chaura,Uttar Pradesh,26.645,83.5873,osm,,
CCA,Chigicherla,Andhra Pradesh,14.5166,77.6841,osm,,
CCAB,Bmy C Cabin,Chhattisgarh,21.2098,81.4431,datameet,,
CCBG,Chicholi Buzurg,Maharashtra,20.6128,79.9202,osm,,
CCD,Chichonda,Madhya Pradesh,21.7093,78.3525,osm,,
CCG,Churchgate,Maharashtra,18.9355,72.8272,osm,चर्चगेट,
CCH,Chinchwad,Maharashtra,18.6404,73.7917,osm,,
CCI,Chinnekuntapalle,Andhra Pradesh,14.4436,77.8454,osm,,
CCK,Chichaki,Jharkhand,24.1118,85.9468,osm,,
CCL,Chanchelav,Gujarat,22.7964,73.7142,osm,,
CCLW,Cclink-West,West Bengal,22.6574,88.3055,datameet,,
CCO,Chicholi,Maharashtra,21.4663,79.7063,osm,,
CCP,Chhuchhapura Junction,Gujarat,22.2151,73.5944,osm,,
CCRL,Cc Rly Link Cab,West Bengal,22.6529,88.3153,datameet,,
CCSJ,Ccsj,,,,,,
CCT,Kakinada Town Junction,Andhra Pradesh,16.9673,82.2335,osm,,
CD,Chandrapur,Maharashtra,19.9603,79.3001,osm,चन्द्रपुर,
CDA,Chuda,Gujarat,22.4949,71.7499,osm,,
CDAE,Chandanpur,West Bengal,22.8813,88.1759,osm,,
CDB,Chaudhribandh,Jharkhand,24.0554,85.99,osm,,
CDBH,Chandrabanda,Karnataka,16.2365,77.4441,osm,,ಚಂದ್ರಬಂಡ
CDBN,Chedhabanni Halt,Bihar,25.4918,86.5972,osm,,
CDD,Chandod,Gujarat,22.0111,73.4449,osm,चांदोद,ચાંદોદ
CDG,Chandigarh,Chandigarh,30.7022,76.8214,osm,,
CDGR,Chandrakona Road,West Bengal,22.7387,87.341,osm,,
CDH,Chakdaha,West Bengal,23.0787,88.5298,osm,,
CDI,Chandni,Madhya Pradesh,21.426,76.3487,osm,,
CDK,Chandkheda Road,Gujarat,23.1103,72.5638,osm,,
CDL,Chodiala,Uttar Pradesh,29.8957,77.7376,osm,,
CDLD,Chandlodiya,Gujarat,,,,,
CDM,Chidambaram,Tamil Nadu,11.3921,79.703,osm,चिदंबरम,சிதம்பரம்
CDMA,Chandeshwarsthan,Bihar,26.3333,86.3107,osm,चन्देश्वर स्थान हॉल्ट,
CDMR,Chandauli Majhwar,Uttar Pradesh,25.261,83.2677,osm,,
CDNR,Chandanagar,Telangana,17.4873,78.3322,osm,,
CDP,Chandpara,West Bengal,22.9617,88.7852,osm,,
CDQ,Chadotar,Gujarat,24.1855,72.3701,osm,,
CDRA,Chandera,Kerala,12.1803,75.1678,osm,,ചന്തേര
CDRL,Chhandrauli,Uttar Pradesh,26.6997,81.2308,osm,,
CDS,Chandisar,Gujarat,24.2058,72.3122,osm,,ચંડીસર
CDSL,Chandresal,Rajasthan,25.2097,75.9498,osm,,
CE,Chharodi,Gujarat,23.0393,72.2749,osm,,
CEL,Chebrol,Andhra Pradesh,16.8197,81.396,osm,,
CEM,Cheekategalapalem,Andhra Pradesh,16.017,79.6933,osm,,
CEME,Chegro,Jharkhand,24.0226,86.0241,osm,,
CEU,Chiheru,Punjab,31.2627,75.7069,osm,,
CFG,Chakiting,Assam,26.5617,94.0957,osm,चकिटिंग,চকিটিং
CG,Canning,West Bengal,22.3136,88.6687,osm,,
CGA,Chengail,West Bengal,22.4864,88.1389,osm,,
CGE,Charghat Pipari,Madhya Pradesh,23.0382,79.9237,osm,,
CGF,Bahadur Chariali,Assam,27.4481,95.3507,osm,,
CGH,Cholang,Punjab,31.617,75.6406,osm,,
CGHD,Chinnadagudi Hundi,Karnataka,12.0843,76.732,osm,,ಚಿನ್ನದಗುಡಿ ಹುಂಡಿ
CGI,Chandragiri,Andhra Pradesh,13.6117,79.3123,osm,,
CGKP,Chandagirikopal,Karnataka,12.4787,76.716,datameet,,
CGKR,Chandagiri Koppal,Karnataka,12.4782,76.7133,osm,,ಚಂದಗಿರಿ ಕೊಪ್ಪಲು
CGL,Chengalpatttu Junction,Tamil Nadu,12.6935,79.9805,osm,चेंगलपट्टु जंक्शन,
CGLA,Changotola,Madhya Pradesh,22.2299,80.1188,datameet,,
CGN,Chirgaon,Uttar Pradesh,25.5754,78.8067,osm,,
CGO,Chhidgaon,Madhya Pradesh,22.407,77.3139,osm,,
CGON,Chaygaon,Assam,26.0551,91.3703,osm,छयगाँव,
CGR,Chandannagar,West Bengal,22.8671,88.3541,osm,,
CGS,Changsari,Assam,26.2616,91.694,osm,,
CGTA,Chegunta,Telangana,16.4857,77.3016,osm,,
CGV,Chingavanam,Kerala,9.52923,76.5254,osm,,
CGX,Chargola,Assam,24.8472,92.4243,osm,चरगोला,
CGY,Changanasseri,Kerala,9.44887,76.5487,osm,चंगंन्नाशेरी,
CH,Chandausi Junction,Uttar Pradesh,28.4595,78.7783,osm,चन्दौसी जंक्शन,
CHA,Chawapail,Punjab,30.7596,76.1274,osm,,
CHAF,Chaf,Uttar Pradesh,26.8221,84.1038,osm,,
CHAH,Chailaha Halt,Bihar,26.677,84.8893,osm,,
CHAR,Charmal,Odisha,21.0954,84.2044,osm,,
CHB,Chabua,Assam,27.4811,95.1718,osm,,
CHBN,Chandkhira Bagn,Assam,24.5587,92.2997,osm,चाँदखीरा बागान,
CHBR,Chaure Bazar,Uttar Pradesh,26.4695,82.1187,datameet,,
CHBS,Chaubisi,Uttar Pradesh,26.5768,81.4336,osm,,
CHBT,Chakarbhata,Chhattisgarh,22.0027,82.1114,osm,,
CHC,Chanchai,West Bengal,23.1582,88.0261,osm,,
CHCR,Chacher,Maharashtra,21.2419,79.3554,osm,,
CHD,Chandia Road,Madhya Pradesh,23.646,80.7014,osm,,
CHDA,Chanda (halt),Uttar Pradesh,26.0638,82.3075,datameet,,
CHDX,Chhada,Madhya Pradesh,23.2325,81.4797,osm,,
CHE,Srikakulam Road,Andhra Pradesh,18.409,83.9039,osm,श्रीकाकुलम रोड,
CHG,Chinchpokli,Maharashtra,18.9872,72.8327,osm,चिंचपोकली,चिंचपोकळी
CHH,Chaukhandi,Uttar Pradesh,25.3396,82.8351,osm,,
CHHU,Chhanva,Odisha,22.3356,86.1946,datameet,,
CHI,Chiplun,Maharashtra,17.5423,73.5222,osm,,
CHIB,Chirai,Gujarat,23.2199,70.2661,osm,,
CHIT,Chithari,Uttar Pradesh,25.2356,79.8869,osm,,
CHJ,Chata,Uttar Pradesh,27.7124,77.5027,osm,,
CHJC,Chitoda,Maharashtra,20.7141,78.6256,osm,,
CHK,Chakeri,Uttar Pradesh,26.3796,80.4086,osm,चकेरी,
CHKB,Chakki Bank,Punjab,32.2597,75.6367,datameet,,
CHKE,Challakere,Karnataka,14.3152,76.6599,osm,,ಚಳ್ಳಕೆರೆ
CHL,Chola,Uttar Pradesh,28.3107,77.731,osm,,
CHLK,Chavalkhede,Maharashtra,21.0245,75.3511,osm,,
CHLR,Chhalesar,Uttar Pradesh,27.2151,78.0901,osm,छालेसार,
CHM,Chalthan,Gujarat,21.1574,72.9563,osm,,
CHN,Chhina,Punjab,31.9023,75.2723,osm,,
CHNH,Channi,Rajasthan,27.8783,73.006,osm,,
CHNN,Channani,Rajasthan,26.4993,75.92,osm,,
CHNR,Chhan Arorian,Jammu and Kashmir,32.4615,75.3587,osm,,
CHOD,Charduar,Assam,26.8634,92.7917,osm,,
CHOK,Chowk,Maharashtra,18.9026,73.2403,osm,चौक,
CHP,Chhapi,Gujarat,24.0335,72.4,osm,,છાપી
CHPD,Cheppad Halt Station,Kerala,9.23301,76.4768,osm,,
CHPT,Chatrappatti,Tamil Nadu,10.4775,77.6565,osm,चततीरप्पट्टी,
CHQ,Choka,Madhya Pradesh,22.8639,77.638,osm,,
CHR,Chilkahar,Uttar Pradesh,25.8271,83.9648,osm,,
CHRA,Chharra,West Bengal,23.3755,86.423,osm,छर्रा,ছররা
CHRG,Chorgi,Karnataka,17.1744,75.87,osm,,ಚೋರಗಿ
CHRI,Charhi,Jharkhand,23.842,85.4416,osm,चरही,
CHRK,Churki,Madhya Pradesh,24.2373,82.6918,osm,,
CHRM,Chirmiri,Chhattisgarh,23.1898,82.3498,osm,,
CHRU,Chamrua,Uttar Pradesh,28.7962,79.139,osm,,
CHSM,Chinna Salem,Tamil Nadu,11.6314,78.8743,osm,,
CHT,Champahati,West Bengal,22.4019,88.4936,osm,,
CHTI,Bareilly Cantt. Junction (Chanehti),Uttar Pradesh,28.3109,79.4275,osm,बरेली कैंट जंक्शन,
CHTL,Churaru Takarla,Himachal Pradesh,31.5925,76.1713,osm,,
CHTT,Chitta,Telangana,17.8203,77.539,osm,,
CHU,Champion,Karnataka,12.9364,78.2629,osm,,
CHUA,Chourai,Madhya Pradesh,22.0576,79.2467,datameet,,
CHV,Cheruvattur,Kerala,12.2145,75.1544,osm,,ചെറുവത്തൂർ
CHWT,Chhaprawat,Uttar Pradesh,28.542,77.7999,datameet,,
CHZ,Charlapalli,Telangana,17.4586,78.6066,osm,,
CI,Chhapra Kacheri,Bihar,25.7858,84.7459,osm,,
CIA,Chheharta,Punjab,31.6222,74.7948,osm,,
CID,Chiraidongri,Madhya Pradesh,22.4113,80.2874,osm,,
CIF,Chhapra Kacheri Jn.,Bihar,25.7861,84.7466,datameet,,
CIH,Chilhia,Uttar Pradesh,27.3468,82.9961,osm,,
CII,Chettiyapatti,Tamil Nadu,10.5725,78.3627,osm,,
CIK,Chiksana,Rajasthan,27.2001,77.6623,osm,,
CIKA,Chikna,Maharashtra,18.9292,77.7566,osm,,
CIL,Chilbila Junction,Uttar Pradesh,25.9469,82.004,osm,,
CIN,Chintakunta,Andhra Pradesh,14.7197,78.3239,datameet,,
CIO,Chikhli Road,Gujarat,20.8063,73.0749,osm,,
CIP,Chichpalli,Maharashtra,19.9662,79.4433,datameet,,
CIT,Chitali,Maharashtra,19.6911,74.6236,osm,,
CIV,Chinnaravuru,Andhra Pradesh,16.2238,80.6563,osm,,
CJ,Kanchipuram,Tamil Nadu,12.8483,79.7051,osm,,காஞ்சிபுரம்
CJA,Chongajan,Assam,26.0623,93.8181,datameet,,
CJE,Kanchipuram East,Tamil Nadu,12.8409,79.7122,osm,,காஞ்சிபுரம் கிழக்கு
CJL,Chajli,Punjab,30.0431,75.813,osm,,
CJM,Chinna Ganjam,Andhra Pradesh,15.6894,80.2367,osm,,
CJN,Chhatna,West Bengal,23.3049,86.975,osm,,
CJQ,Champajharan,Odisha,22.065,84.9096,osm,चम्पाझरन,ଚଂପାଝରନ
CJR,Chamaraj,Gujarat,22.737,71.5614,osm,,
CJS,Charamula Kusumi,Odisha,19.0162,82.4158,osm,,
CJW,Chhajawa,Rajasthan,25.0094,76.581,osm,,
CK,Chikkasuguru,Karnataka,16.3359,77.3448,osm,,ಚಿಕ್ಕಸೂಗೂರು
CKA,Chak Pakhewala,Punjab,30.434,74.194,osm,,
CKB,Chauth-ka-Barwara,Rajasthan,26.0508,76.1493,osm,,
CKD,Charkhi Dadri,Haryana,28.5994,76.2806,osm,,
CKDL,Chak Dayala,Jammu and Kashmir,32.4797,75.3041,osm,,
CKE,Choki Sorath,Gujarat,21.6639,70.5296,osm,,
CKG,Chowka Ghat,Uttar Pradesh,27.1005,81.4494,osm,,
CKH,Chakand,Bihar,24.8914,84.9956,osm,,
CKHS,Chikhale,Maharashtra,18.9737,73.1519,osm,,
CKI,Chalakudi,Kerala,10.3024,76.3216,osm,,
CKK,Chakarpur,Uttarakhand,28.9647,80.0142,osm,,
CKKD,Charkheda Khurd,Madhya Pradesh,21.9387,76.6415,osm,,
CKKN,Chak Kalan,Punjab,32.0653,75.6199,osm,,
CKLA,Chak Banwala,Punjab,30.4308,74.1751,osm,,
CKLT,Chak Kali Lait Halt,Uttar Pradesh,28.8743,78.6118,osm,चक्कालीलेट हाल्ट,
CKM,Chaukiman,Punjab,30.8147,75.5664,osm,,
CKMI,Chhotaki Masaudhi Halt,Bihar,25.3304,85.0318,osm,,
CKN,Chintakani,Telangana,17.1239,80.2031,osm,,చింతకాని
CKNA,Chikna,,,,,,
CKNI,Chikni Road,Maharashtra,20.3251,78.9603,osm,,
CKOD,Chakrod,Madhya Pradesh,23.3532,76.7798,osm,,
CKP,Chakradharpur,Jharkhand,22.6783,85.6271,osm,चक्रधरपुर,
CKR,Chikodi Road,Karnataka,16.372,74.7697,osm,,ಚಿಕ್ಕೋಡಿ ರಸ್ತೆ
CKRD,Chakmakrand,Bihar,25.6978,85.2743,osm,,
CKS,Chaksu,Rajasthan,26.5927,75.9106,osm,,
CKSR,Chak Safaura Halt,Uttar Pradesh,28.2128,79.8426,osm,,
CKTD,Chitrakut Dham Karwi,Uttar Pradesh,25.2174,80.9236,osm,,
CKU,Chakulia,Jharkhand,22.4784,86.7219,osm,,
CKV,Cherukuvada,Andhra Pradesh,16.5899,81.4215,osm,,
CKVD,Chikkandavadi,Karnataka,14.1346,76.1744,osm,,ಚಿಕ್ಕಂದವಾಡಿ
CKW,Chalkhoa,Assam,27.466,94.9595,osm,,
CKX,Chakur,Maharashtra,18.4878,76.8844,osm,,
CKYD,Chakra Road,Uttar Pradesh,26.0012,83.6722,osm,,
CLA,Kurla,Maharashtra,19.0653,72.8794,osm,कुर्ला,
CLC,Chalala,Gujarat,21.4151,71.1618,osm,,
CLD,Chalsa,West Bengal,26.8821,88.7982,osm,चालसा,চালসা
CLDB,Chandlodiya 'B',Gujarat,23.0808,72.5408,osm,,
CLDR,Chilikidara,Odisha,21.2481,85.8089,osm,,
CLDY,Chandlodiya,Gujarat,23.0752,72.544,osm,,
CLE,Chintalpalli,Telangana,17.9144,79.7022,osm,,చింతల్‌పల్లి
CLF,Chhulha,Madhya Pradesh,23.1027,81.7408,osm,,
CLG,Kahalgaon,Bihar,25.2626,87.2342,osm,कहलगाँव,
CLHT,Chulheta,Madhya Pradesh,23.9459,78.0185,datameet,,
CLI,Chalgeri,Karnataka,14.5614,75.736,osm,,ಚಲಗೆರಿ ರಸ್ತೆ
CLJ,Colonelganj,Uttar Pradesh,27.1377,81.6937,osm,करनैलगंज,
CLKA,Chilka,Odisha,19.6865,85.1792,osm,,
CLKN,Chuchela Kalan,Uttar Pradesh,29.0146,78.2728,datameet,,
CLMD,Chullimada,Kerala,10.8372,76.8018,datameet,,
CLN,Kollidam,Tamil Nadu,11.3286,79.7192,osm,,
CLO,Chilo,Rajasthan,27.4449,73.5255,osm,,
CLPE,Challavaripalli,Andhra Pradesh,14.8762,78.034,osm,,
CLR,Castle Rock,Karnataka,15.3987,74.3339,osm,,ಕ್ಯಾಸಲ್ ರಾಕ್
CLT,Kozhikode,Kerala,11.2459,75.7804,osm,,കോഴിക്കോട്
CLU,Chilakalapudi,Andhra Pradesh,16.2019,81.162,osm,,
CLVR,Chiluvur,Andhra Pradesh,16.3803,80.6172,osm,चिलुवूरु,
CLW,Chilwariya,Uttar Pradesh,27.5001,81.6864,osm,चिलवरिया,
CLWS,Clws,,,,,,
CLX,Chirala,Andhra Pradesh,15.8309,80.3544,osm,,
CM,Campierganj,Uttar Pradesh,27.0252,83.2662,osm,,
CMA,Cinnamara,Assam,26.7064,94.2397,osm,सिनामारा,চিনামৰা
CMBR,Chembur,Maharashtra,19.0626,72.9011,osm,चेंबुर,
CMC,Chemancheri,Kerala,11.4056,75.7192,osm,,
CMDG,Chamardighi,,,,,,
CMDP,Chimidipalli,Andhra Pradesh,18.2631,83.0782,osm,,
CMGR,Chikkamagaluru,Karnataka,13.3032,75.7887,osm,चिक्कमगलूरु,
CMJ,Chamarajapuram,Karnataka,12.2981,76.6379,osm,,ಚಾಮರಾಜಪುರಂ
CMK,Chamak,Maharashtra,21.2189,77.4715,osm,,
CMMG,Chamunda Marg,Himachal Pradesh,32.1105,76.4207,osm,चामुंडा मार्ग,
CMNR,Chamarajanagar,Karnataka,11.9346,76.9328,osm,,ಚಾಮರಾಜನಗರ
CMP,Chromepet,Tamil Nadu,12.9522,80.1412,osm,,
CMR,Chamrola,Uttar Pradesh,27.3901,78.1806,osm,,
CMU,Chowmahala,Rajasthan,23.9485,75.6012,osm,चौमहला,
CMW,Chimalpahad,Telangana,17.4932,80.3834,osm,,
CMX,Chamagram,West Bengal,24.8213,87.9634,osm,,
CMY,Chintamani,Karnataka,13.411,78.054,osm,,
CMZ,Chelama,Andhra Pradesh,15.4223,78.6959,osm,,
CNA,Chanderiya Junction,Rajasthan,24.9381,74.629,osm,,
CNB,Kanpur Central,Uttar Pradesh,26.4539,80.3512,osm,,
CNBI,Chandari,Uttar Pradesh,26.4281,80.3607,datameet,,
CNC,Chinchli,Karnataka,16.5659,74.8534,osm,,ಚಿಂಚ್ಲಿ
CND,Chandur,Maharashtra,20.8038,77.9829,osm,,
CNDB,Chandur Bazar,Maharashtra,21.2197,77.7421,osm,,
CNDM,Chandi Mandir,Haryana,30.7271,76.8872,osm,,
CNDN,Chandan,Bihar,24.6135,86.6755,osm,चान्दन,
CNE,Chandranathpur,Assam,24.9628,92.6882,osm,चन्द्रनाथपुर,চন্দ্রনাথপুর
CNF,Chianki,Jharkhand,23.978,84.1119,osm,,
CNGR,Chengannur,Kerala,9.31828,76.6085,osm,चेंगन्नूर,
CNH,Chaunrah,Uttar Pradesh,26.1654,79.7824,osm,,
CNHL,Chinkhill,Maharashtra,18.0999,75.4578,osm,,
CNI,Chandil Junction,Jharkhand,22.9558,86.0719,osm,,
CNJ,Chandra Nagar Halt,Delhi,28.6631,77.3312,osm,चंद्र नगर हॉल्ट,
CNJO,Juhi Outer Cabin,Uttar Pradesh,26.4532,80.3239,datameet,,
CNJW,Holding Line,,,,,,
CNK,Chandok,Uttar Pradesh,29.5772,78.1528,osm,,
CNKP,Chanakyapuri,Delhi,28.5918,77.1715,osm,चाणक्यपुरी,
CNL,Chandawal,Rajasthan,25.9467,73.8689,osm,,
CNM,Chengmari,West Bengal,26.8633,89.004,datameet,,
CNN,Chintaman Ganesh,Madhya Pradesh,23.1461,75.7408,osm,,
CNO,Canacona,Goa,15.0068,74.0395,osm,काणकोण,
CNP,Cnp,,,,,,
CNPA,Channarayapatna,Karnataka,12.8927,76.394,osm,,
CNPI,Chandanpahari,Jharkhand,24.4042,86.9531,datameet,,
CNPR,Chainpur,Jharkhand,23.7301,85.5833,osm,,
CNR,Chandar Goa,Goa,15.2648,74.0476,osm,,
CNS,Chuchura,West Bengal,22.8909,88.3703,osm,,
CNT,Contai Road,West Bengal,22.0786,87.3398,datameet,,
CNV,Kinathukadavu,Tamil Nadu,10.8284,77.0255,osm,किणत्तुकडवु,
CNX,Chandauna Halt,Bihar,26.4409,85.7232,datameet,,
CNY,Kolanalli,Tamil Nadu,11.1754,77.8606,osm,,
COA,Kakinada Port,Andhra Pradesh,16.9537,82.2409,osm,,
COAC,Coac,Andhra Pradesh,16.9645,82.2382,datameet,,
COB,Cooch Behar,West Bengal,26.303,89.6653,datameet,,
COD,Chhota Gudha,Rajasthan,27.306,75.5894,osm,,
COE,Chitrod,Gujarat,23.4371,70.6663,osm,,
COI,Cheoki,Uttar Pradesh,25.3797,81.8649,datameet,,
COL,Coromandel,Karnataka,12.9757,78.2578,osm,,ಕೋರೊಮಂಡೆಲ್
COM,Chomun Samod,Rajasthan,27.1579,75.7028,osm,,
COO,Chhoti Odai,Rajasthan,26.5589,76.8054,osm,,
COP,Kanpur M. G. Goods,Uttar Pradesh,26.4525,80.342,datameet,,
COR,Chittaurgarh Junction,Rajasthan,24.876,74.6233,osm,चित्तौड़गढ़ जंक्शन,
CORD,Bilaspur Chord Cabin,Chhattisgarh,22.0828,82.1252,datameet,,
CP,Kolkata,West Bengal,22.5668,88.3752,datameet,,
CPA,Kanpur Anwarganj,Uttar Pradesh,26.4558,80.3281,osm,,
CPB,Kanpur Bridge Left Bank,Uttar Pradesh,26.4767,80.379,osm,,
CPBH,Chirailla Pauthu,Bihar,24.8618,84.2806,osm,,
CPD,Chinchpada,Maharashtra,21.191,73.9202,osm,,
CPDR,Chhipadohar,Jharkhand,23.814,84.2023,osm,छीपादोहर,
CPE,Chandiposh,Odisha,22.0293,84.9197,osm,चाँदीपोष,ଚୃନ୍ଦିପୋଷ
CPH,Champa Junction,Chhattisgarh,22.0348,82.6652,osm,चाँपा जंक्शन,
CPHT,Coopers Halt,,,,,,
CPJ,Kaptanganj,Uttar Pradesh,26.9257,83.6992,osm,कप्तानगंज जंक्शन,
CPK,Chaparmukh Junction,Assam,26.2032,92.5118,osm,,
CPL,Chakarlapalli,Andhra Pradesh,13.9976,77.5828,osm,,
CPLE,Chinpai,West Bengal,23.8268,87.4351,osm,,
CPM,Cholapuram,Tamil Nadu,9.35466,77.5709,datameet,,
CPMR,Cpmr,,,,,,
CPN,Champaner Road,Gujarat,22.5417,73.3931,osm,चांपानेर रोड,
CPNL,Kanpur C Panel,Uttar Pradesh,26.4536,80.3181,datameet,,
CPP,Chipurupalle,Andhra Pradesh,18.3166,83.569,osm,,
CPPR,Champapur Halt,Bihar,25.4614,85.5053,osm,,
CPQ,Chaprakata,Assam,26.4923,90.6125,osm,चापराकाटा,
CPR,Chhapra Junction,Bihar,25.7873,84.7251,osm,,
CPS,Chandpur,Uttar Pradesh,29.1321,78.2766,osm,,
CPSN,Chhatrapati Sambhajinagar,Maharashtra,19.85980,75.31140,osm,,
CPT,Channapatna,Karnataka,12.6594,77.2039,osm,,ಚನ್ನಪಟ್ಟಣ
CPU,Chopan,Uttar Pradesh,24.5136,83.0264,osm,,
CPW,Choti Padoli,Maharashtra,20.0018,79.2498,osm,,
CPY,Chapramari,West Bengal,22.6005,88.3922,datameet,,
CQA,Cherukara,Kerala,10.9264,76.2275,osm,,
CQL,Chirakkal,Kerala,11.9108,75.3533,osm,,
CQR,Champapukur,West Bengal,22.6563,88.8078,osm,,
CQS,Capper Quarry,Tamil Nadu,11.681,79.7477,osm,,
CRAE,Cheragram Bh.,West Bengal,22.994,88.1268,datameet,,
CRC,Charkhari Road,Uttar Pradesh,25.3073,79.7439,osm,,
CRD,Currey Road,Maharashtra,18.9937,72.8329,osm,करी रोड,करी रोड
CRE,Charghat Piparia,Madhya Pradesh,23.0441,79.9299,datameet,,
CRG,Churaman Nagri,Uttar Pradesh,27.3957,77.6129,osm,,
CRJ,Chittranjan,West Bengal,23.8565,86.8794,osm,,
CRK,Charkhera,Madhya Pradesh,22.3663,77.1601,osm,,
CRKR,Chaurakheri,Madhya Pradesh,24.5571,77.1316,osm,,
CRL,Choral,Madhya Pradesh,22.4496,75.9457,osm,,
CRLM,Carmelaram,Karnataka,12.9074,77.7058,osm,,ಕರ್ಮೇಲರಮ್
CRN,Charegaon,Madhya Pradesh,22.042,80.1401,datameet,,
CRND,Choranda Junction,Gujarat,21.9915,73.1683,osm,चोरंदा जंक्शन,ચોરંદા જંક્શન
CROA,Chautara,Assam,26.4029,90.0846,osm,,
CRP,Chandrapura,Jharkhand,23.7554,86.1197,osm,,
CRPM,Chandrampalem,Andhra Pradesh,17.0856,82.2244,osm,,
CRQ,Charpokhari Halt,Bihar,25.3597,84.4862,osm,,
CRR,Karagola Road,Bihar,25.498,87.3758,osm,,
CRU,Chudawa,Maharashtra,19.1798,77.1165,osm,,
CRV,Chureb,Uttar Pradesh,26.7826,82.9781,osm,,
CRW,Charaud,Haryana,29.0103,75.6471,osm,,
CRWA,Chirawa,Rajasthan,28.2234,75.6503,osm,,
CRWL,Chak Rakhwal,Jammu and Kashmir,32.9419,75.0828,osm,,
CRX,Carron,West Bengal,26.88,88.9705,osm,कैरन,কেরন
CRY,Chirayinkeezh,Kerala,8.65956,76.7856,osm,,
CRZ,Caranzol,Karnataka,15.3604,74.3061,osm,,
CS,Kannur South,Kerala,11.8669,75.4003,osm,,
CSA,Chausa,Bihar,25.4989,83.8969,osm,,
CSB,Shivaji Bridge,Delhi,28.6334,77.2267,osm,शिवाजी पुल,
CSDR,Channasandra,Karnataka,13.0119,77.6628,osm,,ಚನ್ನಸಂದ್ರ
CSM,Cansaulim,Goa,15.3449,73.8976,osm,,
CSMA,Chanasma,Gujarat,23.7062,72.1072,osm,,
CSMT,Mumbai CSMT,Maharashtra,18.9405,72.8358,osm,मुंबई सीएसएमटी,
CSN,Chalisgaon Junction,Maharashtra,20.464,74.9991,osm,,
CSR,Chak Sikandar,Bihar,25.6767,85.3645,osm,,
CSTM,Mumbai Cst,Maharashtra,18.9445,72.8369,datameet,,
CSY,Cossye Halt,West Bengal,22.4075,87.2914,osm,,
CSZ,Cossimbazar,West Bengal,24.1199,88.2675,osm,,
CT,Chittapura,Karnataka,17.1198,77.0905,osm,,ಚಿತಾಪುರ
CTA,Chitradurga,Karnataka,14.2308,76.3865,osm,,ಚಿತ್ರದುರ್ಗ
CTC,Cuttack Junction,Odisha,20.464,85.9002,osm,,
CTD,Chhota Udaipur,Gujarat,22.3149,74.0141,osm,छोटा उदेपुर,છોટા ઉદેપુર
CTF,Chitgidda,Telangana,17.3942,77.9737,osm,,
CTH,Chikalthana,Maharashtra,19.8596,75.4029,datameet,,
CTHR,Chitahra,Madhya Pradesh,24.8711,80.8384,osm,,
CTHT,Chatar Halt,Bihar,24.8421,85.4954,datameet,,
CTJ,Chhataini,Madhya Pradesh,23.9943,81.2775,osm,,
CTKT,Choti Khatu,Rajasthan,27.1562,74.3574,osm,,
CTL,Chital,Gujarat,21.7454,71.2188,osm,,
CTLI,Chatouli,Punjab,30.8638,76.5805,osm,,
CTM,Kattangulathur,Tamil Nadu,12.8056,80.0266,osm,,
CTMP,Chhit Makhanpur,Bihar,25.2345,86.8739,datameet,,
CTND,Chettinad,Tamil Nadu,10.1599,78.7764,osm,,செட்டிநாடு
CTO,Chittoor,Andhra Pradesh,13.2194,79.1033,osm,चित्तूर,
CTPE,Chandanattop,Kerala,8.92993,76.6416,osm,,ചന്ദനത്തോപ്പ്
CTPR,Chintapapru,Andhra Pradesh,16.5341,81.6995,osm,,
CTQ,Chetar,Jharkhand,23.6803,84.6535,osm,,
CTR,Chatra,West Bengal,24.3726,87.849,osm,चात्रा,
CTRD,Chitravad,Gujarat,21.101,70.5569,osm,,
CTRE,Chitteri,Tamil Nadu,13.0679,79.5981,osm,,
CTRL,Chhatral,Gujarat,23.2672,72.4498,osm,,
CTS,Chatariput,Odisha,18.9232,82.5901,osm,,
CTT,Chitrasani,Gujarat,24.2659,72.4869,osm,,
CTTP,Chitrapur,Karnataka,14.0356,74.536,osm,,ಚಿತ್ರಪುರ (ಶಿರಳಿ)
CTW,Chhintanwala,Punjab,30.3655,76.0069,osm,,
CTYL,Chityala,Telangana,17.2221,79.1358,osm,,
CTZ,Chauntra Bahetren,Himachal Pradesh,32.0051,76.7462,osm,,
CU,Chagallu,Andhra Pradesh,16.9712,81.691,osm,,
CUD,Tiruppappuliyur,Tamil Nadu,11.7488,79.7534,datameet,,
CUE,Chaupale,Maharashtra,21.3755,74.2939,osm,,
CUK,Churk,Uttar Pradesh,24.6508,83.103,osm,,
CUKI,Cuki,,,,,,
CUL,Chuli,Gujarat,23.0058,71.3431,osm,,
CUPJ,Cuddalore Port Junction,Tamil Nadu,11.7159,79.767,osm,,கடலூர் துறைமுகம் சந்திப்பு
CUR,Churu Junction,Rajasthan,28.2889,74.9664,osm,,
CUX,Chaura BH,Bihar,24.9086,86.2933,osm,,
CV,Cauvery,Tamil Nadu,11.3511,77.761,osm,,
CVB,Cavalry Barracks,Telangana,17.4953,78.5191,osm,,కెవలరి బ్యారక్స్
CVD,Chavadipalaiyam,Tamil Nadu,11.2619,77.7909,osm,,சாவடிபாளையம்
CVJ,Chavaj,Gujarat,21.7506,73.009,osm,,
CVP,Kovilpatti,Tamil Nadu,9.18262,77.8731,osm,,கோவில்பட்டி
CVR,Chorwad Road,Gujarat,21.0539,70.2902,osm,,
CVV,Cheruvu Madhavaram,Andhra Pradesh,16.6885,80.5422,osm,,చెరువు మాదవరం
CW,Chainwa,Bihar,26.0224,84.4964,osm,,
CWA,Chhindwara Junction,Madhya Pradesh,22.0578,78.9538,osm,,
CWDA,Chuhriwala Dhan,Punjab,30.2126,74.1346,osm,,
CWI,Chondi,Maharashtra,19.4308,77.1557,osm,,
CWLE,Chowrigacha,West Bengal,23.9432,88.1871,osm,,
CWN,Chargwan,Punjab,30.5019,74.5804,osm,,
CWR,Chovvara,Kerala,10.133,76.3723,osm,,
CX,Chanol,Gujarat,22.4283,70.5391,osm,,
CXA,Chandsara,Uttar Pradesh,28.8762,77.7258,datameet,,
CYI,Chhayapuri,Gujarat,22.3712,73.1656,osm,,
CYN,Cheriyanad,Kerala,9.27329,76.5849,osm,चेरियानाड,
CYZ,Chipyana Buzurg,Uttar Pradesh,28.628,77.4594,datameet,,
D,Deula,West Bengal,22.2146,88.2814,osm,,
DAA,Datia,Madhya Pradesh,25.6407,78.456,osm,,
DAB,Dharmabad,Maharashtra,18.8885,77.8495,osm,,
DABN,Dhaban,Rajasthan,29.8596,74.5419,osm,,
DAC,Dahinsara Junction,Gujarat,22.9558,70.6182,osm,,
DAD,Devaragudda,Karnataka,14.6681,75.5761,osm,,ದೇವರಗಡ್ಡ
DADN,Dr. Ambedkar Nagar,Madhya Pradesh,22.5556,75.7709,osm,डाॅ.अम्बेडकर नगर,
DAE,Dahegaon,Maharashtra,20.7294,78.4634,osm,दहेगाँव,
DAG,Dhang,Bihar,26.7179,85.3532,osm,,
DAH,Dehare,Maharashtra,19.2436,74.6748,osm,,
DAJ,Daroji,Karnataka,15.2267,76.7011,osm,,ದರೋಜಿ
DAKE,Dakshineshwar,West Bengal,22.6538,88.3638,osm,दक्षिणेश्वर,
DAL,Daliganj,Uttar Pradesh,26.8753,80.9276,osm,,
DALF,Dali Ganj,Uttar Pradesh,26.8756,80.9277,datameet,,
DAM,Dhamora,Uttar Pradesh,28.695,79.0973,osm,धमोरा,
DAN,Dhaneta,Uttar Pradesh,28.5123,79.2648,osm,धनेटा,
DAO,Daghora,Odisha,21.8571,83.6791,osm,,
DAP,Dagmagpur,Uttar Pradesh,25.0984,82.8005,osm,,
DAPD,Dapodi,Maharashtra,18.5815,73.8327,osm,,
DAQ,Daud Khan,Uttar Pradesh,27.83,78.0987,osm,,
DAR,Danwar,Uttar Pradesh,28.1279,77.8858,osm,,
DARA,Dara,Rajasthan,24.832,76.0071,osm,,
DARI,Dhari Junction,Gujarat,21.3268,71.0277,osm,,
DAS,Dhasa Junction,Gujarat,21.7827,71.5181,osm,,
DASF,Dhasa Jn,Gujarat,21.7825,71.518,datameet,,
DAU,Dagru,Punjab,30.8285,75.0632,osm,,
DAV,Devalgaon Avchar,Maharashtra,19.3224,76.6052,datameet,,
DAVC,D.A.V. College,Punjab,30.5926,74.2517,osm,,
DAVJ,"D.A.V. College, Jalandhar",Punjab,31.3472,75.5618,osm,,
DAVM,Dhanuvachapuram,Kerala,8.37831,77.1258,osm,,ധനുവച്ചപുരം
DAYG,Duriyaganj,Madhya Pradesh,24.8013,79.7823,osm,,
DAZ,Delhi Azadpur,Delhi,28.7035,77.1771,osm,,
DB,Dabhoi Junction,Gujarat,22.1376,73.4155,osm,डभोई जंक्शन,ડભોઇ જંક્શન
DBA,Dabra,Madhya Pradesh,25.8819,78.3305,osm,,
DBB,Dhubri,Assam,26.0228,89.9779,osm,धुबड़ी,
DBD,Deoband,Uttar Pradesh,29.6796,77.6709,osm,,
DBEC,Devbaloda Charoda,Chhattisgarh,21.216,81.4547,osm,देवबलोदा चरोदा,
DBF,Dabpal,Chhattisgarh,18.9285,81.4892,osm,,
DBG,Darbhanga Junction,Bihar,26.1545,85.9077,osm,,
DBI,Dabli Rathan,Rajasthan,29.5431,74.1914,osm,,
DBK,Darbari,Rajasthan,27.9698,73.1047,osm,,
DBKA,Dabka,Maharashtra,21.3616,76.721,osm,,
DBL,Doddabele,Karnataka,13.2167,77.3519,osm,,ದೊಡ್ಡಬೆಲೆ
DBLA,Dabla,Rajasthan,27.8887,75.9462,osm,,
DBLG,Dibolong,Assam,25.5952,93.0856,osm,दिबालंग,
DBLI,Debrabandhauli Halt,Bihar,26.3848,85.7699,datameet,,
DBM,Dabolim,Goa,15.3872,73.8515,osm,,
DBN,Dhablan,Punjab,30.3376,76.2751,osm,,
DBNK,Dera Baba Nanak,Punjab,32.0249,75.0142,osm,डेरा बाबा नानक,
DBNR,Dibnapur,Uttar Pradesh,28.5245,79.517,osm,,
DBO,Dabhoda,Gujarat,23.1647,72.7436,osm,,
DBP,Debipur,West Bengal,23.1435,88.1574,osm,,
DBQ,Dhulabari,Bihar,26.3104,88.2059,osm,धुलाबाड़ी,
DBR,Dabhaura,Madhya Pradesh,25.1177,81.3027,osm,,
DBRG,Dibrugarh,Assam,27.4647,94.9372,osm,डिब्रुगढ़,ডিব্রুগড়
DBRT,Dibrugarh Town,Assam,27.4779,94.9008,osm,डिब्रुगढ़ टाउन,ডিব্রুগড় টাউন
DBS,Dobaspet,Karnataka,13.2328,77.2489,osm,,ಡಾಬಸ್ಪೇಟೆ
DBSI,Dayabasti,Delhi,28.6671,77.1712,osm,दयाबस्ती,
DBT,Dakshin Barasat,West Bengal,22.2264,88.4525,osm,,দক্ষিণ বারাশত
DBU,Dodballapur,Karnataka,13.2797,77.5505,osm,,
DBV,Dabilpur,Telangana,17.6751,78.4708,osm,,దాబిల్పూర్
DBW,Dubia,Assam,26.9197,93.7202,osm,,
DBY,Digboi,Assam,27.3821,95.6175,osm,डिगबोई,ডিগবৈ
DBZ,Dhing Bazar,Assam,26.4559,92.4798,osm,,
DC,Magudanchavadi,Tamil Nadu,11.5514,77.9877,osm,,
DCA,Damchara,Assam,25.0112,92.7437,osm,दामछड़ा,দামছড়া
DCAB,Bhilai D Cabin,Chhattisgarh,21.2212,81.4661,osm,भिलाई डी केबिन,
DCH,Dinhata College Halt,West Bengal,26.1456,89.4663,osm,,
DCK,Dhandhuka,Gujarat,22.385,71.9766,osm,,
DCOP,Durgapur Coke Oven Plant Exchange Yard Sdg Waria,West Bengal,23.5051,87.2982,datameet,,
DCP,Dal Chapra,Uttar Pradesh,25.8279,84.4274,osm,,
DCTL,Dombivli Ctl,Maharashtra,19.2036,73.0842,datameet,,
DCU,Damalcheruvu,Andhra Pradesh,13.4786,79.056,osm,,
DCX,Dhanichha,Bihar,25.2272,83.4908,osm,,
DD,Daund Junction,Maharashtra,18.4639,74.5793,osm,,
DDA,Duraundha Junction,Bihar,26.0876,84.4592,osm,,
DDAC,Ddac,,,,,,
DDAM,Daund A Mmr,Maharashtra,18.4647,74.569,datameet,,
DDAP,Daund Patas Road,Maharashtra,18.4687,74.5209,datameet,,
DDBC,Ddbc,,,,,,
DDC,Dum Dum Cantonment,West Bengal,22.6365,88.412,osm,,
DDCC,Daund Junction Chord Line,Maharashtra,18.46671,74.55269,osm,,
DDCE,Dundi,Madhya Pradesh,23.5575,80.2173,osm,,
DDCL,Dombivli Ctl,,,,,,
DDD,Dhondha Dih,Uttar Pradesh,25.6749,83.8006,osm,,
DDE,Dondaicha,Maharashtra,21.3313,74.5629,osm,,
DDG,Digha Ghat,,,,,,
DDGA,Dugda,Jharkhand,23.7587,86.1616,osm,,
DDGJ,Deedarganj,Bihar,25.5695,85.2575,datameet,,
DDJ,Dum Dum,West Bengal,22.6217,88.3928,datameet,,
DDJA,Daund Goods Yard,Maharashtra,18.4659,74.5608,datameet,,
DDK,Dhindsa,Punjab,30.8933,74.754,osm,,
DDL,Dhandarikalan,Punjab,30.8744,75.9095,osm,,
DDM,Damdim,West Bengal,26.8589,88.6702,osm,डामडिम,ডামডিম
DDMT,Darimeta,Madhya Pradesh,21.5368,78.5405,osm,,
DDN,Dehradun,Uttarakhand,30.3143,78.0336,osm,देहरादून,
DDNA,Dudhaunda,Uttar Pradesh,25.575,83.0794,osm,,
DDNI,Dudhnai,Assam,26.0015,90.7619,osm,दूधनै,
DDP,Daudpur,Bihar,25.9068,84.5911,osm,,
DDR,Dadar,Maharashtra,19.0192,72.8428,osm,दादर,दादर
DDS,Dudhsagar,Goa,15.3165,74.3064,osm,,
DDU,Deen Dayal Upadhyaya,Uttar Pradesh,25.28039,83.12074,osm,,
DDV,Dadhdevi,Rajasthan,25.0917,75.8949,osm,,
DDW,Dudhwa,Uttar Pradesh,28.5089,80.6732,osm,दुदवा,
DDX,Dhamdhamia,Jharkhand,24.9539,87.7622,osm,,
DDY,Dudwindi,Punjab,31.2413,75.266,osm,,
DDYX,Ddyx,,,,,,
DEA,Diara,West Bengal,22.7982,88.2805,datameet,,
DEB,Debagram,West Bengal,23.6885,88.3077,osm,,
DEC,Delhi Cantonment,Delhi,28.6117,77.1157,osm,दिल्ली छावनी,
DEE,Delhi Sarai Rohilla,Delhi,28.6627,77.1853,osm,दिल्ली सराय रोहिल्ला,
DEEG,Deeg,Rajasthan,27.4868,77.325,osm,,
DEG,Delang,Odisha,20.038,85.7671,osm,,
DEHR,Dehu Road,Maharashtra,18.6801,73.7343,osm,,
DEIT,Dehit,Rajasthan,25.2986,75.8229,osm,,
DEL,Denduluru,Andhra Pradesh,16.7817,81.1807,osm,,
DELO,Deorakot,Uttar Pradesh,26.7544,81.9064,osm,,
DEMU,Demu,Jharkhand,23.6973,84.5264,osm,डेमू,
DEO,Deokali,Uttar Pradesh,27.9772,80.7076,osm,,
DEOR,Diyodar,Gujarat,24.1125,71.7695,osm,,
DEOS,Deoria Sadar,Uttar Pradesh,26.508,83.782,osm,,
DEP,Depalsar,Rajasthan,28.2368,74.9208,osm,,
DEPI,Deenapatti,Bihar,25.8955,86.9397,osm,,
DER,Dadri,Uttar Pradesh,28.5387,77.5372,osm,दादरी,
DES,Desari,Bihar,25.6678,85.4086,osm,देसरी,
DET,Det,Rajasthan,25.0038,74.6433,osm,,
DEU,Devsana,Gujarat,23.3359,72.275,osm,,
DEV,Devarayi,Karnataka,15.4537,74.5768,osm,,ದೇವರಾಯಿ
DEW,Dewalgaon,Maharashtra,20.9115,80.0874,osm,,
DEWA,Dewa,Gujarat,22.6123,72.7388,osm,,
DFR,Deogan Road,Odisha,20.5548,83.4301,osm,,
DG,Dindigul Junction,Tamil Nadu,10.3528,77.9834,osm,दिंडुक्कल जंक्शन,
DGA,Dighwara,Bihar,25.7442,85.0039,osm,दिघवारा,
DGB,Dindu Gopalapuram,Andhra Pradesh,18.5444,84.2429,osm,,
DGBH,Digha Bridge Halt,Bihar,25.6449,85.0796,osm,,
DGBZ,Dongri Buzurg,Maharashtra,21.5502,79.694,osm,,
DGD,Dangidahar,Madhya Pradesh,23.869,79.0182,osm,,
DGDG,Durgada Gate,Andhra Pradesh,17.2127,82.3492,osm,,
DGF,Dhagaria,West Bengal,23.2436,87.5044,osm,,
DGFJ,Dahej,Gujarat,21.7093,72.5894,osm,,
DGG,Dongargarh,Chhattisgarh,21.1852,80.7612,osm,,
DGHA,Digha,West Bengal,21.6231,87.5083,osm,,
DGHL,Dighal,Haryana,28.7415,76.6401,osm,,
DGHR,Deoghar Junction,Jharkhand,24.5117,86.6972,osm,देवघर जंक्शन,
DGI,Dungri,Gujarat,20.6877,72.9492,osm,डुंगरी,
DGJ,Dungar,Gujarat,21.0782,71.5535,osm,,
DGLE,Dhulian Ganga,West Bengal,24.6717,87.9388,osm,,
DGN,Dongargaon,Madhya Pradesh,21.6201,76.3708,osm,,
DGNH,Dergaon Halt,Bihar,25.0886,85.7517,osm,,
DGNR,Durganagar,West Bengal,22.6505,88.4192,osm,दुर्गानगर,
DGO,Durgauti,Bihar,25.2079,83.5397,osm,,
DGPI,Durgapuri,Madhya Pradesh,25.8655,76.8097,datameet,,
DGPP,Dhengli Pp Goan,Maharashtra,19.4066,76.4917,datameet,,
DGQ,Dugdol,Gujarat,24.6333,72.098,osm,,
DGR,Durgapur,West Bengal,23.4949,87.3182,osm,दुर्गापुर,
DGS,Dagori,Chhattisgarh,21.9058,82.0693,osm,,
DGT,Dhulghat,Maharashtra,21.2958,76.7499,osm,,
DGU,Digaru,Assam,26.1536,91.9788,osm,डिगारु,
DGW,Dhigawara,Rajasthan,27.3209,76.6192,osm,,
DGX,Dahgaon,Assam,26.4431,92.6152,osm,,
DGY,Dighori Buzurg,Maharashtra,21.109,79.2307,osm,,
DH,Diamond Harbour,West Bengal,22.1926,88.1911,osm,,
DHA,Dheena,Uttar Pradesh,25.3541,83.4227,osm,,
DHAE,Dainhat,West Bengal,23.6008,88.1716,osm,,
DHBI,Dhabauli Halt,Bihar,25.6821,85.3422,osm,,
DHCA,Dhaca Cantt.,Bangladesh,,,dropped: trains zig-zag through it,,
DHD,Dahod,Gujarat,22.8439,74.2524,osm,दाहोद,
DHE,Dobhi,Uttar Pradesh,25.6111,82.9909,osm,,
DHG,Dhrangadhra Junction,Gujarat,22.9881,71.4778,osm,,
DHH,Dinhata,West Bengal,26.1238,89.4681,osm,,
DHI,Dhule,Maharashtra,20.8878,74.7682,osm,धुले,
DHJ,Dhinoj,Gujarat,23.6711,72.2815,osm,,
DHK,Dhakuria,West Bengal,22.5091,88.3711,osm,,ঢাকুরিয়া
DHKR,Dhoda Kheri,Haryana,30.0186,76.8424,osm,,
DHL,Devanahalli,Karnataka,13.2475,77.7054,osm,,ದೇವನಹಳ್ಳಿ
DHLI,Dethli,Gujarat,23.4858,72.1032,osm,,
DHM,Dadhal Inam,Gujarat,21.6355,73.062,osm,दढालईनाम,
DHMA,Dhamarda,Gujarat,22.8538,74.3039,osm,,
DHMZ,Dhola Mazra,Haryana,30.1154,76.8538,osm,,
DHN,Dhanbad Junction,Jharkhand,23.7913,86.4295,osm,धनबाद जंक्शन,
DHNA,Dhachna,Bihar,25.6552,87.9665,osm,,
DHND,Dhinda,Rajasthan,26.8922,75.3703,osm,,
DHNE,Dhone Junction,Andhra Pradesh,15.3953,77.8681,osm,,
DHNL,Dhanala,Gujarat,23.0097,71.0807,osm,,
DHNR,Dhanora(Deccan),Maharashtra,19.4654,78.1327,osm,,
DHO,Dholpur Junction,Rajasthan,26.6963,77.906,osm,धौलपुर जंक्शन,
DHOA,Dholpur Junction,Rajasthan,26.6971,77.9055,osm,धौलपुर जंक्शन,
DHP,Dichpalli,Telangana,18.6137,78.1953,osm,,
DHPD,Dahapara Dham,West Bengal,24.1989,88.2467,osm,,
DHPR,Dapper,Punjab,30.5174,76.8074,osm,,
DHQ,Dharakhoh,Madhya Pradesh,22.0098,77.9501,osm,,
DHR,Dharnoda,Madhya Pradesh,24.5982,77.0934,osm,,
DHRJ,Dhirganj,Uttar Pradesh,25.7456,81.9243,datameet,,
DHRN,Dhurana,Haryana,29.2469,76.7945,osm,,
DHRR,Dhirera,Rajasthan,28.3609,73.5986,osm,,
DHRY,Dhalpukhuri,Assam,25.9599,92.9065,osm,,
DHS,Dhavlas,Maharashtra,18.1295,75.3344,osm,,
DHT,Dhamara Ghat,Bihar,25.591,86.5994,osm,,
DHU,Dhubulia,West Bengal,23.4859,88.4403,osm,,
DHW,Dhariwal,Punjab,31.9516,75.3241,osm,,
DHWN,Daniyawan Junction,Bihar,25.4222,85.2873,osm,,
DHWS,Dhosawas,Madhya Pradesh,23.3709,75.0491,osm,,
DHY,Dharodi,Haryana,29.6397,76.0559,osm,,
DI,Dombivli,Maharashtra,19.2181,73.0861,osm,डोम्बिवली,
DIA,Didwana,Rajasthan,27.4061,74.5578,osm,,
DIB,Dibai,Uttar Pradesh,28.1952,78.3046,osm,,
DIBL,Dholi Bhal,Gujarat,22.4446,72.0685,osm,,
DIC,Dahisar,Maharashtra,19.2494,72.8596,osm,दहीसर,दहिसर
DIE,Demai,Gujarat,23.1622,73.2103,osm,,
DIG,Duggirala,Andhra Pradesh,16.3289,80.6239,osm,दूग्गिराला,
DIH,Dharuadihi,Odisha,21.9947,84.2233,osm,,
DIL,Dilawarnagar,Uttar Pradesh,26.9597,80.6678,osm,दिलावर नगर,
DIM,Dhansimla,West Bengal,23.2673,87.4659,osm,,
DING,Ding,Haryana,29.4601,75.2618,osm,,
DINR,Divine Nagar (Muringoor),Kerala,10.2858,76.3368,osm,,
DIP,Dipore,Maharashtra,20.7928,78.0411,osm,,
DIPA,Dipa Halt,Assam,27.7071,94.8496,osm,,
DIR,Dhanapur,Odisha,18.9421,82.5129,osm,,
DISA,Disa,Gujarat,24.2373,72.1794,osm,,
DIT,Dohrighat,Uttar Pradesh,26.2684,83.5135,osm,,
DIU,Dhing Halt,Assam,26.4516,92.4476,osm,,
DIVA,Diva Junction,Maharashtra,19.1888,73.0414,osm,दिवा जंक्शन,
DIW,Dhilwan,Punjab,31.5019,75.3274,osm,ढिलवां,
DIWR,Digwar Halt,Jharkhand,23.6902,85.5341,osm,दिगवार हॉल्ट,
DJ,Darjeeling,West Bengal,27.0381,88.2631,osm,,
DJA,Daotuhaja,Assam,25.2394,93.1703,osm,दाओतुहाजा,
DJB,Dijaobra,Assam,25.558,93.0934,osm,,
DJD,Didarganj Road,Uttar Pradesh,26.092,82.8016,osm,,
DJG,Duliajan,Assam,27.3674,95.3067,osm,,
DJHR,Deojhar,Odisha,22.0819,85.4773,osm,,
DJI,Dhoraji,Gujarat,21.722,70.4443,osm,,
DJKR,Dolaji Ka Khera,Rajasthan,25.4535,73.9372,osm,,
DJL,Doddajala,Karnataka,13.1807,77.6409,osm,,
DJR,Domjur,West Bengal,22.6432,88.2095,osm,,
DJRZ,To Darjeeling,West Bengal,26.8521,88.3332,datameet,,
DJS,Dhurant Jwas Halt,Bihar,25.2207,86.0473,osm,,
DJX,Dungripali,Odisha,21.0608,83.5591,osm,डुंगुरीपाली,ଡୁଙ୍ଗୁରିପାଲି
DK,Dakor,Gujarat,22.7466,73.1578,osm,,
DKAE,Dankuni,West Bengal,22.678,88.2908,osm,डांकुनी,
DKB,Dakshinbar,West Bengal,22.6561,88.1825,osm,,
DKBJ,Dahar-Ka-Balaji,Rajasthan,26.9445,75.7661,osm,,
DKC,Devarkadre,Telangana,16.6313,77.8387,osm,,
DKCH,Dakchya,Madhya Pradesh,22.8569,75.9501,osm,,
DKD,Donakonda,Andhra Pradesh,15.8337,79.4843,osm,,
DKDE,Dankaur,Uttar Pradesh,28.4121,77.645,osm,दनकौर,
DKDP,Dakshin Durgapur,West Bengal,22.3258,88.4063,osm,,
DKE,Dihakho,Assam,25.4307,93.1265,osm,डिहाखु,
DKGN,Dekargaon,Assam,26.6806,92.7628,osm,,
DKGS,Simaria,Bihar,25.4114,86.0145,datameet,,
DKI,Dharamkundi,Madhya Pradesh,22.5103,77.5487,osm,,
DKJ,Dornakal Junction,Telangana,17.4454,80.1529,osm,,డోర్నకల్ జంక్షన్
DKJB,Dornakal Bye Pass,Telangana,17.4292,80.1579,datameet,,
DKJC,Dkjc,,,,,,
DKJR,Dhekiajuli Road,Assam,26.8099,92.4517,osm,,
DKLU,Doikallu,Odisha,19.7412,83.4848,osm,,
DKM,Dikom,Assam,27.4639,95.0804,osm,,
DKN,Devangonthi,Karnataka,12.9852,77.8313,osm,,
DKNT,Dakaniya Talav,Rajasthan,25.1442,75.8657,osm,,
DKO,Devakottai Road,Tamil Nadu,10.038,78.7622,osm,देवकोट्टै रोड,தேவகோட்டை ரோடு
DKQ,Dhani Kasar,Rajasthan,24.9877,75.933,osm,,
DKR,Dekpura Halt,Bihar,25.2483,85.531,osm,,
DKRA,Dhuankheri,Madhya Pradesh,24.4924,75.8907,osm,,
DKS,Darekasa,Maharashtra,21.2708,80.5806,osm,,
DKSA,Draksharama,Andhra Pradesh,16.7972,82.0492,osm,,
DKT,Dhulkot,Haryana,30.3961,76.7878,osm,,
DKU,Dumri Khurd,Maharashtra,21.3104,79.3123,datameet,,
DKUR,Dokur,Telangana,16.5892,77.8532,osm,,
DKW,Dhanakwada,Gujarat,24.1466,71.8259,osm,,
DKWA,Dokwa,Rajasthan,28.5801,75.3233,osm,,
DKX,Dudhwakhara,Rajasthan,28.4598,75.1662,osm,,
DKY,Dhoki,Maharashtra,18.3537,76.1031,osm,,
DKZ,Delhi Kishanganj,Delhi,28.6627,77.1979,osm,दिल्ली किशनगंज,
DL,Daladi,Gujarat,22.5852,71.0701,osm,,
DLA,Daulta,Uttar Pradesh,24.9949,78.4289,osm,,
DLB,Daulatabad,Maharashtra,19.9164,75.2105,datameet,,
DLC,Dulmera,Rajasthan,28.4071,73.6562,osm,,
DLCB,Durg Link Cabin,Chhattisgarh,21.1972,81.3009,datameet,,
DLCR,Dullabcherra,Assam,24.4898,92.4328,osm,दुल्लभछड़ा,
DLD,Dalauda,Madhya Pradesh,23.9489,75.1059,osm,,
DLDE,Daldali,Assam,25.8202,93.5172,osm,,
DLF,Dalan,Bihar,25.6028,87.5631,osm,,
DLGN,Dhalgaon,Maharashtra,17.1224,74.991,osm,,
DLGS,Daklongia,Assam,26.6855,94.2827,osm,,
DLI,Delhi Junction,Delhi,28.6609,77.2276,osm,दिल्ली जंक्शन,
DLJ,Dhola Junction,Gujarat,21.8226,71.7396,osm,,
DLK,Dalkhola,Bihar,25.874,87.8391,osm,डालखोला,
DLMH,Dhaulimuhan,Odisha,20.0789,85.6051,osm,,
DLN,Dildarnagar Junction,Uttar Pradesh,25.4187,83.6669,osm,दिलदार नगर जंक्शन,
DLO,Dalgaon,West Bengal,26.7144,89.1372,osm,,
DLP,Dalpatpur,Uttar Pradesh,28.8209,78.8777,osm,,
DLPC,Daulatpur Chowk,Himachal Pradesh,31.77158,76.00816,osm,,
DLPH,Daulatpur Hat,West Bengal,25.3306,88.3369,osm,,
DLPI,Delhi Inderpuri,Delhi,28.6271,77.1437,osm,दिल्ली इंद्रपुरी,
DLPR,Dayalpur,Uttar Pradesh,25.6322,81.8895,datameet,,
DLPT,Dulakhapatna,Odisha,21.0076,86.2821,osm,,
DLQ,Dalelnagar,Uttar Pradesh,27.1188,80.4196,osm,दलेलनगर,
DLR,Dullahapur,Uttar Pradesh,25.8,83.4233,osm,,
DLSR,Dalhousie Road,Himachal Pradesh,32.2886,75.7509,osm,डलहौजी रोड,
DLW,Dilwa,Bihar,24.538,85.4196,osm,दिलवा,
DLWS,Dlws,,,,,,
DLX,Dalimgaon,West Bengal,25.6404,88.3865,osm,डालिमगाँव,ডালিমগাঁও
DLZ,Dholbaja,Bihar,26.2748,87.2714,datameet,,
DMA,Damodar,West Bengal,23.651,86.9086,osm,,
DMBR,Dumri Bihar,Jharkhand,23.8071,85.7638,osm,डुमरी बिहार,
DMC,Dhemaji,Assam,27.4895,94.5425,osm,,
DMCA,Damarcherla,Telangana,16.73,79.6296,osm,,
DMD,Dharmadam,Kerala,11.7787,75.4633,osm,,
DME,Damnagar,Gujarat,21.6882,71.5095,osm,,
DMF,Dumetra,Odisha,22.2139,84.9328,osm,डुमेत्रा,
DMG,Domingarh,Uttar Pradesh,26.765,83.3413,osm,,
DMGN,Dhamalgaon Junction,Assam,27.3874,94.8375,osm,धमल गांव जं,ধমল গাঁও জং
DMH,Dauram Madhepura,Bihar,25.9085,86.7829,osm,दौरम मधेपुरा,
DMJ,Dharmaj,Gujarat,,,,,
DMJR,Domjur Road,West Bengal,22.636,88.2215,osm,,
DMK,Dilmili,Chhattisgarh,18.9881,81.7375,osm,,
DML,Dharamtul,Assam,26.1883,92.3653,osm,,
DMLE,Dumurdaha,West Bengal,23.0407,88.433,osm,,
DMM,Dharmavaram Junction,Andhra Pradesh,14.4261,77.7152,osm,धर्मवरम जंक्शन,
DMN,Dhamangaon,Maharashtra,20.7843,78.139,osm,धामणगाँव,
DMNJ,Damanjodi,Odisha,18.7695,82.8654,osm,,
DMO,Damoh,Madhya Pradesh,23.8361,79.4321,osm,,
DMP,Dharampur Himachal,Himachal Pradesh,30.9,77.0239,osm,,
DMPR,Dharampur,Uttar Pradesh,28.1503,78.2657,datameet,,
DMR,Dharmanagar,Tripura,24.37,92.1699,osm,धर्मनगर,
DMRT,Dumuriput,Odisha,18.7805,82.804,osm,,
DMRX,Dumri Halt,Bihar,25.2462,86.029,osm,,
DMSR,Dhimsiri,Uttar Pradesh,27.0295,78.2003,osm,,
DMT,Diguvametta,Andhra Pradesh,15.3951,78.8266,osm,,
DMU,Dhamua,West Bengal,22.2903,88.3922,osm,,
DMV,Dimapur,Nagaland,25.9069,93.7285,osm,डिमापुर,
DMW,Dalmau Junction,Uttar Pradesh,26.0756,81.0544,osm,,
DMWP,"DMW, Patiala",Punjab,30.3612,76.4222,osm,,
DMYA,Damoy,Madhya Pradesh,23.9713,80.9978,osm,,
DMZ,Dhumdangi,West Bengal,26.4773,88.2961,osm,धूमडांगी,
DN,Dhanari,Uttar Pradesh,28.3285,78.5096,osm,,
DNA,Degana Junction,Rajasthan,26.8971,74.317,osm,,
DND,Dandupur,Uttar Pradesh,25.8016,82.0406,datameet,,
DNDI,Dhondi,Maharashtra,19.0867,76.7438,osm,,
DNDL,Dandimal,Odisha,20.7137,85.5368,osm,,
DNE,Dhamni,Maharashtra,19.649,77.1783,osm,,
DNEA,Danea,Jharkhand,23.801,85.6605,osm,,
DNGD,Dungarda,Gujarat,20.7959,73.4848,osm,डुंगरडा,ડુંગરડા
DNGI,Dangari,Assam,27.7093,95.568,osm,डांगरी,
DNH,Deonagar,Jharkhand,23.7587,86.1617,datameet,,
DNHK,Dhindhora Hukmi Kheda,Rajasthan,26.801,77.0959,osm,,
DNHL,Dhaniakhali Halt,West Bengal,22.951,88.1439,osm,,
DNI,Dansi,West Bengal,22.6221,88.2661,osm,,
DNJ,Daundaj,Maharashtra,18.2298,74.1774,osm,,
DNK,Dhanakya,Rajasthan,26.9184,75.6055,osm,,
DNKL,Dhenkanal,Odisha,20.6767,85.5902,osm,,
DNL,Dhanoli,Maharashtra,21.3216,80.4272,osm,,
DNM,Dhanmandal,Odisha,20.6868,86.1124,osm,,
DNN,Dina Nagar,Punjab,32.1333,75.4673,osm,,
DNPR,Dhanpura,Gujarat,23.4507,72.2205,osm,,
DNQ,Dandkhora,Bihar,25.5741,87.6471,osm,,
DNR,Danapur,Bihar,25.5823,85.0463,osm,,
DNRA,Dhandera,Uttarakhand,29.8435,77.9021,osm,,
DNRE,Dhanauri,Bihar,25.1713,86.1632,osm,,
DNRP,Dungarpur,Rajasthan,23.8659,73.6968,osm,,
DNT,Dantan,West Bengal,21.9306,87.284,osm,,
DNU,Dalasanur,Karnataka,13.2691,78.17,osm,,
DNUA,Dhansura,Gujarat,23.3522,73.1991,osm,,
DNV,Donkinavalasa,Andhra Pradesh,18.4713,83.3517,osm,,
DNW,Dangarwa,Gujarat,23.3817,72.4489,osm,,
DNWF,Dangarwa,Gujarat,23.4015,72.4413,datameet,,
DNWH,Daniyawan Bazar Halt,Bihar,25.4349,85.2912,osm,,
DNWR,Dhanwar,Jharkhand,24.4236,85.9654,osm,,
DNX,Dhansu,Haryana,29.2084,75.7997,osm,,
DNZ,Dhanori,Maharashtra,20.8793,78.2909,osm,,
DO,Dausa,Rajasthan,26.9001,76.3306,osm,,
DOA,Doraha,Punjab,30.8039,76.0437,osm,,
DOB,Dundlod Mukandgarh,Rajasthan,27.9389,75.2372,osm,,
DOC,Daun Kalan,Punjab,30.3788,76.4584,osm,,
DOD,Dhodhar,Madhya Pradesh,23.771,75.1036,osm,,
DODH,Dodh,Punjab,30.846,74.5242,osm,,
DOE,Deori,Madhya Pradesh,23.2983,80.0095,osm,,
DOGL,Donigal,Karnataka,12.9045,75.7348,osm,,ದೋಣಿಗಾಲ್
DOH,Dhodramohar,Madhya Pradesh,22.2812,77.8748,osm,,
DOHM,Devgarh Madriya,Rajasthan,25.5246,73.9007,osm,,
DOI,Domohani,West Bengal,26.5792,88.7696,osm,,
DOK,Dholka,Gujarat,22.7315,72.4344,osm,,
DOKM,Dokra Halt,Jharkhand,23.7829,86.477,osm,,
DOKY,Dukheri,Haryana,30.294,76.8864,osm,,
DOL,Dholi,Bihar,25.9766,85.5649,osm,,
DOLK,Dholikuva,Gujarat,20.8308,73.2124,osm,,
DON,Donta,Madhya Pradesh,23.2274,76.1003,osm,,
DOR,Dundara,Rajasthan,25.8957,72.7975,osm,,
DORD,Dev Road Halt,Bihar,24.8223,84.5649,osm,,
DOS,Dehri on Sone,Bihar,24.9143,84.1862,osm,,
DOT,Dhakia Tiwari,Uttar Pradesh,28.0463,79.8852,osm,,
DOTL,Deotala,West Bengal,25.2742,88.2942,osm,,
DOW,Davol,Gujarat,22.3986,72.9544,osm,,
DOX,Dohna,Uttar Pradesh,28.4558,79.4385,osm,,
DOY,Dornahalli,Karnataka,12.433,76.4249,osm,,ಡೋರ್ನಹಳ್ಳಿ
DOZ,Daurai,Rajasthan,26.3957,74.6193,osm,,
DPA,Durgapura,Rajasthan,26.8551,75.787,osm,,
DPC,Darliput,Odisha,18.3497,82.7036,osm,,
DPD,Dosapadu,Andhra Pradesh,16.469,80.9392,osm,,
DPDP,Dhapdhapi,West Bengal,22.3159,88.4603,osm,,ধপধপি
DPE,Devarapalli,Karnataka,13.7232,77.5119,osm,,
DPH,Dadhapara,Chhattisgarh,22.028,82.1233,osm,,
DPI,Doddampatti,Tamil Nadu,12.1813,78.4223,osm,,
DPJ,Dharmapuri,Tamil Nadu,12.1259,78.1542,osm,,தர்மபுரி
DPK,Dholipal,Rajasthan,29.7607,74.2519,osm,,
DPL,Danauli Phulwaria,Bihar,25.4216,86.26,osm,,
DPLN,Diplana,Rajasthan,29.1824,74.8813,osm,,
DPNR,Deepnagar Halt,Bihar,25.1441,85.4859,osm,,
DPO,Damanpur,West Bengal,26.5387,89.5364,datameet,,
DPP,Dhirpur,Haryana,30.0664,76.8444,osm,,
DPR,Dhampur,Uttar Pradesh,29.3057,78.5022,osm,,
DPRA,Dhupdhara,Assam,25.9811,91.048,osm,धूपधरा,
DPS,Dangoaposi,Jharkhand,22.1677,85.5937,osm,,
DPSR,Dapsaura,Uttar Pradesh,25.9599,80.2121,osm,,
DPT,Dalpat Singhpur,Rajasthan,29.9247,73.5182,osm,,
DPU,Diphu,Assam,25.8372,93.4384,osm,,
DPUR,Deypur P.H.,Odisha,19.976,83.2716,osm,देपुर पी.एच,ଦେପୁର ପି.ଏଚ
DPW,Dhapewara,Madhya Pradesh,21.8724,80.1912,osm,,
DPX,Dadpur,Bihar,24.8281,86.3506,osm,,
DPZ,Devpura,Rajasthan,26.0318,76.2541,osm,,
DQG,Dhupguri,West Bengal,26.5742,88.9938,osm,,
DQL,Dhalai Beel,Assam,26.7916,92.9232,osm,धलाईबिल,
DQN,Dhanera,Gujarat,24.5037,72.0325,osm,,
DQR,Dabirpura,Telangana,17.3665,78.4901,osm,,
DQV,Daula,Punjab,30.2066,74.7008,osm,,
DR,Dadar,Maharashtra,19.0174,72.843,osm,दादर,
DRA,Dulariya,Madhya Pradesh,22.5758,77.6545,osm,,
DRB,Debari,Rajasthan,24.6195,73.805,osm,,
DRBR,Deoraha Baba Road,Uttar Pradesh,26.2834,83.8704,osm,,
DRD,Dahanu Road,Maharashtra,19.9915,72.7434,osm,,डहाणू रोड
DRE,Dhogri,Punjab,31.3939,75.6331,osm,,
DRG,Darshannagar,Uttar Pradesh,26.7519,82.2084,osm,,
DRGM,Deoragram,Madhya Pradesh,24.1098,82.3592,osm,,
DRGU,Damru Ghutu,West Bengal,23.4516,86.0903,osm,,
DRH,Dharhara,Bihar,25.2581,86.4116,osm,,
DRHI,Dagarkhedi,Madhya Pradesh,22.0816,76.8269,osm,,
DRI,Dumri Juara,Bihar,25.7493,84.8714,osm,,
DRL,Derol,Gujarat,22.63,73.462,osm,डेरोल,
DRLA,Daurala,Uttar Pradesh,29.1239,77.7077,osm,दौराला,
DRN,Deoranian,Uttar Pradesh,28.6273,79.4745,osm,,
DRO,Daryaogonj,Uttar Pradesh,27.5981,79.0828,osm,,
DRPH,Devri P.H.,Madhya Pradesh,22.8413,79.8337,osm,,
DRQ,Dharminiya,Bihar,26.8297,84.7799,osm,,
DRR,Dharur,Telangana,17.2891,77.7582,osm,,
DRRN,Dr. Radhakrishna Nagar,Madhya Pradesh,23.3099,75.0065,osm,,
DRS,Dhareshwar,Rajasthan,25.7815,73.6716,osm,,
DRSN,Dhurwasin,Madhya Pradesh,23.1293,81.8462,osm,,
DRTP,Dasharathpur,Bihar,25.2652,86.4652,osm,,
DRU,Kadur Junction,Karnataka,13.5503,76.0087,osm,,ಕಡೂರು ಜಂಕ್ಷನ್
DRV,Darauli,Uttar Pradesh,25.3946,83.6044,osm,,
DRW,Dharewada,Gujarat,23.967,72.3808,osm,,ધારેવાડા
DRWN,Derowan,Jharkhand,22.488,85.2995,osm,,
DRZ,Dalli Rajhara,Chhattisgarh,20.5876,81.0684,osm,दल्लीराझरा,
DS,Dasna,Uttar Pradesh,28.6937,77.5446,osm,,
DSA,Delhi Shahdara Junction,Delhi,28.6735,77.2922,osm,,
DSAP,Delhi Shahdara A Panel,Delhi,28.6733,77.3195,datameet,,
DSB,Sadar Bazar,Delhi,28.6581,77.217,osm,सदर बाज़ार,
DSBC,Delhi Shahdara Block Cabin,Delhi,28.6774,77.3002,datameet,,
DSBP,Delhi Shahdara B Panel,Uttar Pradesh,28.6708,77.3428,datameet,,
DSD,Dosvada,Gujarat,21.1315,73.5149,osm,,
DSHI,Doddasiddavanhalli,Karnataka,14.2069,76.4783,osm,,
DSJ,Delhi Safdarjang,Delhi,28.5822,77.1862,osm,दिल्ली सफ़दरजंग,
DSK,Duskheda,Maharashtra,21.0736,75.8392,osm,,
DSKG,Dskg,,,,,,
DSL,Deswal,Rajasthan,26.8436,73.8873,osm,,
DSM,Darasuram,Tamil Nadu,10.9446,79.3563,osm,,
DSME,Dasra Halt BH,Jharkhand,24.2744,85.7905,osm,,
DSN,Darsana,West Bengal,23.5234,88.7958,datameet,,
DSNB,Darsana Border,Bangladesh,,,,,
DSNI,Dausni,Uttarakhand,29.7847,77.9796,osm,,
DSNR,Dashnagar,West Bengal,22.598,88.3084,osm,ढासनगर,
DSO,Deshnok,Rajasthan,27.7906,73.3387,osm,,
DSPN,Deshapran,West Bengal,22.0298,87.818,osm,,
DSPT,Danishpet,Tamil Nadu,11.8585,78.138,osm,ढेनिशपेटै,
DSR,Dhansiri,Assam,25.8114,93.6022,osm,धनसिरी जं,
DSS,Dalsingh Sarai,Bihar,25.665,85.8414,osm,,
DST,Dasampatti,Tamil Nadu,12.252,78.4397,osm,,
DSVS,Samudhravalli,Karnataka,12.9428,76.3174,osm,,
DSX,Desang,Assam,27.0607,94.6925,osm,डीसां,
DTAE,Dhatrigram,West Bengal,23.278,88.3119,osm,,
DTC,Ditokcherra,Assam,25.0924,92.8044,osm,डिटकछड़ा,ডিটকছড়া
DTE,Deulti,West Bengal,22.4534,87.9147,osm,,
DTF,Dantia,Rajasthan,27.1971,76.9596,osm,,
DTJ,Detroj,Gujarat,23.34,72.1844,osm,,
DTK,Dattapukur,,,,,,
DTL,Darritola Junction,Chhattisgarh,23.2893,82.3957,osm,,
DTN,Dhamtan Sahib,Haryana,29.6874,76.0063,osm,,
DTO,Daltonganj,Jharkhand,24.034,84.0744,osm,डालटनगंज,
DTP,Diviti Palli,Telangana,16.7413,78.0845,osm,,
DTQ,Datarda Kalan,Madhya Pradesh,25.7395,76.6971,osm,,
DTR,Dhamtari,Chhattisgarh,20.7152,81.551,osm,धमतरी,
DTRA,Dantra,Rajasthan,26.7748,75.154,osm,,
DTRD,Diyatra Road,Rajasthan,27.7335,72.84,osm,,
DTT,Dodnatta,Karnataka,13.3743,78.1365,osm,,
DTV,Dhutra,Odisha,21.897,84.0913,osm,,
DTVL,Dativali,Maharashtra,19.1871,73.0592,osm,दातिवली,
DTW,Datewas,Punjab,29.891,75.6205,osm,,
DTX,Dangtal,Assam,26.4693,90.4951,osm,डांगतल,
DUA,Dhaura,Uttar Pradesh,24.4505,78.3219,osm,,
DUAN,Duan,West Bengal,22.3548,87.585,osm,,
DUB,Dabtara,Uttar Pradesh,28.3646,79.0008,osm,,
DUBH,Dubaha,Bihar,25.9487,85.6168,osm,,
DUD,Dudhani,Maharashtra,17.3626,76.3803,osm,,
DUE,Dudahi,Uttar Pradesh,26.7987,84.1414,osm,दुदही,
DUH,Dudda,Karnataka,13.0961,76.2091,osm,,ದುದ್ದ
DUI,Dhuri Jn,Punjab,30.3727,75.8666,datameet,,
DUJ,Dubrajpur,West Bengal,23.803,87.3791,osm,,
DUK,Dudia,Rajasthan,25.9358,72.9041,osm,,
DULP,Daulatpur Haryana,Haryana,29.4498,75.8889,osm,,
DUM,Dhaurmui Jaghina,Rajasthan,27.2919,77.5362,osm,,
DUMK,Dumka,Jharkhand,24.2899,87.2552,osm,,
DUMR,Dumra,Bihar,26.5623,85.5334,osm,,
DUN,Duganpur,Uttar Pradesh,28.6565,79.1321,osm,,
DUO,Dhaursalar,Uttar Pradesh,26.7983,80.0814,datameet,,
DUP,Dhulipalla,Andhra Pradesh,16.4246,80.0865,osm,,
DUR,Desur,Karnataka,15.7529,74.4986,osm,,ದೇಸೂರು
DURE,Dumraon,Bihar,25.5718,84.1434,osm,,
DURG,Durg Junction,Chhattisgarh,21.2001,81.2916,osm,दुर्ग,
DURP,Durgapuri,Madhya Pradesh,25.845,76.7947,osm,,
DUS,Dulrasar,Rajasthan,28.2998,74.5104,osm,,
DUSI,Dusi,Andhra Pradesh,18.3702,83.8584,osm,दुसि,
DUT,Doomdooma,Assam,27.5738,95.556,osm,,
DUU,Dupadu,Andhra Pradesh,15.743,78.0131,osm,,
DV,Dhuva,Gujarat,22.711,70.9355,osm,,
DVA,Delvada,Gujarat,20.7736,71.0418,osm,,
DVBH,Makudan Virapandi Block Hut,Tamil Nadu,11.5808,78.0379,datameet,,
DVD,Duvvada,Andhra Pradesh,17.7036,83.1514,osm,,
DVG,Davanagere,Karnataka,14.468,75.9196,osm,,ದಾವಣಗೆರೆ
DVGM,Devgam,Gujarat,23.9608,71.5937,osm,,
DVH,Devi Halt,Madhya Pradesh,21.7152,78.8947,osm,,
DVJ,Dilli Dewan Ganj,Bihar,25.4329,87.7786,osm,दिल्ली दीवान गंज,
DVL,Devlali,Maharashtra,19.8966,73.8367,osm,,
DVM,Dalbhumgarh,Jharkhand,22.5056,86.553,osm,,
DVN,Devthana,Maharashtra,19.2805,77.7113,osm,,
DVR,Doravarichatram,Andhra Pradesh,13.8178,79.9484,osm,,
DVY,Devaliya,Gujarat,23.0277,71.0124,osm,,
DWA,Dailwara,Uttar Pradesh,24.7805,78.3933,osm,,
DWD,Dhekvad,Maharashtra,21.3536,74.1622,osm,,
DWDI,Dighwa Dubauli,Bihar,26.2663,84.7431,osm,,
DWF,Dudh Sagar Water Falls,Karnataka,15.3133,74.314,datameet,,
DWG,Dewanganj,Madhya Pradesh,23.4287,77.5924,osm,,
DWI,Dingwai,Uttar Pradesh,25.4181,80.4129,osm,,
DWJ,Dwarkaganj,Uttar Pradesh,26.3164,82.1091,datameet,,
DWJN,Diva Jn Cabin,Maharashtra,19.1887,73.0429,datameet,,
DWK,Dwarka,Gujarat,22.2505,68.9802,osm,,
DWL,Dhuwala,Rajasthan,25.4973,74.5819,osm,,
DWLE,Dhauni,Bihar,25.0105,86.9938,osm,,
DWM,Darwha Motibag,Maharashtra,20.3213,77.7684,osm,,
DWNA,Diwana,Haryana,29.3181,76.9802,osm,,
DWO,Doiwala,Uttarakhand,30.1759,78.1222,osm,,
DWP,Dwarapudi,Andhra Pradesh,16.9278,81.9209,osm,,
DWR,Dharwad,Karnataka,15.4424,75.0019,osm,धारवाड़,ಧಾರವಾಡ
DWT,Dewanhat,West Bengal,26.2356,89.4827,osm,,
DWV,Diwankhavati,Maharashtra,17.8551,73.4181,osm,,
DWX,Dewas Junction,Madhya Pradesh,22.978,76.052,osm,देवास,
DWZ,Dantewara,Chhattisgarh,18.9081,81.3558,osm,,
DXD,Digod,Rajasthan,25.1955,76.0276,osm,,
DXG,Dharangaon,Maharashtra,21.0062,75.2863,osm,,
DXH,Duhai,Uttar Pradesh,28.7298,77.4797,osm,दुहाई,
DXK,Dhana Kherli,Rajasthan,26.9492,77.5341,osm,,
DXN,Duddhinagar,Uttar Pradesh,24.2086,83.2166,osm,,
DXR,Digsar,Gujarat,22.7135,71.5015,osm,,
DXU,Dohru,Uttar Pradesh,26.0907,80.1754,osm,,
DY,Dumariya,Rajasthan,26.8643,77.2335,osm,,
DYD,Daryabad,Uttar Pradesh,26.8622,81.5501,osm,,
DYE,Dayanand Nagar,Telangana,17.4559,78.5314,osm,,
DYK,Dudhiya Khurd,Uttar Pradesh,28.4501,80.2125,osm,दुधिए खुर्द,
DYP,Daryapur Junction,Uttar Pradesh,26.1826,81.2484,osm,,
DYS,Dalapatisamudram,Tamil Nadu,8.4311,77.6383,osm,,
DYU,Diyuri,Uttar Pradesh,28.6032,79.876,datameet,,
DYW,Diyawan,Bihar,25.3812,85.2835,osm,,
DZA,Dasuya,Punjab,31.8085,75.658,osm,,
DZB,Dahina Zainabad,Haryana,28.2908,76.3917,osm,,
DZK,Durga Chak,West Bengal,22.0821,88.1554,osm,,
DZKT,Durga Chak Town,West Bengal,22.0663,88.1353,osm,,
DZL,Dhana Ladanpur,Haryana,28.75,76.1667,osm,,
DZP,Darazpur,Haryana,30.1528,77.1962,osm,,
EC28,Pura Halt,Bihar,24.815,85.2396,datameet,,
EC31,Kharuara Halt,Bihar,25.4081,85.5456,osm,,
ED,Erode Junction,Tamil Nadu,11.3286,77.7258,osm,,
EDA,Itwadundiala,Uttar Pradesh,24.9426,80.8452,osm,,
EDD,Edduladoddi,Andhra Pradesh,15.3291,77.5906,osm,,
EDG,Eden Gardens,West Bengal,22.5639,88.3383,osm,,
EDN,Edamann,Kerala,9.00717,76.9824,osm,,ഇടമൺ
EDU,Eriodu,Tamil Nadu,10.5157,78.0567,osm,,
EE,Eluru,Andhra Pradesh,16.7181,81.1195,osm,एलुरु,
EGT,Egattur,Tamil Nadu,13.1071,79.8842,osm,,
EGU,Iranagallu,Andhra Pradesh,15.8926,77.2637,osm,,
EKC,Ekchari,Bihar,25.2296,87.2163,osm,,
EKH,Eksari Halt,Bihar,25.1344,85.8873,osm,,
EKI,Eklakhi,West Bengal,25.1681,88.0989,osm,,
EKL,Ekdil,Uttar Pradesh,26.7661,79.1186,osm,,
EKM,Ekambarakuppam,Andhra Pradesh,13.3192,79.573,osm,,
EKMA,Ekma,Bihar,25.9663,84.537,osm,,
EKN,Ezhukone,Kerala,8.97952,76.7153,osm,,എഴുകോൺ
EKNR,Kevadiya,Gujarat,21.88851,73.68933,osm,केवड़िया,
EKR,Ekangarsarai,Bihar,25.2225,85.2323,osm,,
EL,Elamanur,Tamil Nadu,10.8797,78.5739,osm,,
ELL,Eraligul,Assam,24.6735,92.3713,osm,एरालीगुल,
ELM,Elimala,Kerala,12.0687,75.2309,osm,,
ELP,Achalpur,Maharashtra,21.2777,77.5192,osm,,
ELR,Elavur,Tamil Nadu,13.459,80.1159,osm,एलावुर,
EN,Isand,Gujarat,23.2889,72.4869,osm,,
ENB,Ellenabad,Haryana,29.4441,74.6579,osm,,
ENBG,Enbg,,,,,,
ENR,Ennore,Tamil Nadu,13.2175,80.3216,osm,,
EOC,Udl East Outer Cabin,West Bengal,23.5694,87.2036,datameet,,
EOCM,Eocm,Uttar Pradesh,25.3158,83.196,datameet,,
EPR,Mumbai Elphinstone Road,Maharashtra,19.0069,72.8354,datameet,,
ER08,Kalinagar,West Bengal,,,,,
ERC,Erach Road,Uttar Pradesh,25.8189,79.0337,osm,,
ERL,Eraniel,Tamil Nadu,8.21343,77.3076,osm,,இரணியல்
ERN,Ernakulam Town,Kerala,9.99166,76.2864,osm,एर्नाकुलम टाउन,
ERS,Ernakulam Junction,Kerala,9.969,76.2909,osm,,
ERSC,Ernakulam Jn C,Kerala,9.97806,76.2899,datameet,,
ERSD,Ernakulam D Cabin,Kerala,9.97995,76.3022,osm,,
ESV,Isivi,Andhra Pradesh,15.6576,77.2298,osm,,
ET,Itarsi Junction,Madhya Pradesh,22.6086,77.7671,osm,इटारसी,
ETAH,Etah,Uttar Pradesh,27.5712,78.6539,datameet,,
ETB,Itarsi B Cabin,Madhya Pradesh,22.5913,77.7092,datameet,,
ETF,Itarsi F Cabin,Madhya Pradesh,22.6152,77.7749,datameet,,
ETK,Etakkot,Kerala,11.806,75.4438,osm,,
ETM,Ettumanoor,Kerala,9.67515,76.546,osm,,
ETMD,Ettimadai,Tamil Nadu,10.8985,76.896,osm,,
ETP,Ettapur Road,Tamil Nadu,11.651,78.4684,osm,,
ETR,Elattur,Kerala,11.3464,75.7412,osm,,
ETUE,Etmadpur,Uttar Pradesh,27.2216,78.1983,osm,एतमादपुर,
ETW,Etawah Junction,Uttar Pradesh,26.7869,79.0209,osm,इटावा,
ETYD,Etyd,,,,,,
EVA,Edavai,Kerala,8.76333,76.6975,osm,,
EZP,Ezhupunna,Kerala,9.81991,76.3022,osm,,
FA,Falna,Rajasthan,25.2359,73.2352,osm,,
FAB,Fatehabad,Uttar Pradesh,27.0193,78.2997,osm,,
FAH,Fateha,Bihar,25.5991,85.8629,osm,,
FAN,Fateh Nagar,Rajasthan,24.8182,74.0962,osm,,
FAP,Fakharpur,Uttar Pradesh,28.8421,77.2945,osm,,
FAR,Farah,Uttar Pradesh,27.3346,77.7442,osm,फ़राह,
FBD,Farrukhabad Junction,Uttar Pradesh,27.3825,79.5716,osm,,
FBG,Forbesganj Junction,Bihar,26.2989,87.2622,osm,फारबिसगंज जंक्शन,
FDB,Faridabad,Haryana,28.4108,77.3071,osm,फ़रीदाबाद,
FDK,Faridkot,Punjab,30.6826,74.7621,osm,,ਫ਼ਰੀਦਕੋਟ
FDN,Faridabad New Town,Haryana,28.3774,77.3095,osm,,
FGCN,Fatehgarh Churian,Punjab,31.8636,74.9415,osm,फतेहगढ़ चूड़ियाँ,
FGH,Fatehgarh Haryana,Haryana,28.6508,76.2406,osm,,
FGR,Fatehgarh,Uttar Pradesh,27.3701,79.6208,osm,,
FGSB,Fatehgarh Sahib,Punjab,30.6511,76.3887,osm,,
FHT,Farah Town,Uttar Pradesh,27.3182,77.7581,datameet,,
FK,Ferok,Kerala,11.1759,75.8302,osm,,ഫറോക്ക്
FKA,Fazilka Junction,Punjab,30.4087,74.0268,osm,फाजिल्का,ਫ਼ਾਜ਼ਿਲਕਾ
FKB,Fakhrabad,Telangana,18.8164,77.9795,osm,,
FKG,Furkating Junction,Assam,26.4647,94.0018,osm,फरकाटिंग जंक्शन,ফৰকাটিং জংছন
FKM,Fakiragram Junction,Assam,26.3645,90.1859,osm,फकिराग्राम जंक्शन,
FL,Phulera Junction,Rajasthan,26.8736,75.246,osm,फुलेरा जंकशन,
FLD,Phulad,Rajasthan,25.6227,73.8119,osm,,
FLK,Falakata,West Bengal,26.5392,89.1915,osm,,
FLM,Falimari,West Bengal,26.0617,89.4739,osm,,
FLR,Fuleswar,West Bengal,22.4774,88.1156,osm,,
FLU,Phulia,West Bengal,23.23,88.4974,osm,,
FM,Falaknuma,Telangana,17.3327,78.4752,osm,,
FN,Farrukhnagar,Haryana,28.4672,76.8254,osm,,
FNB,Fateh Nagar,Telangana,17.4562,78.4499,osm,,
FNO,Fungo Halt,Bihar,25.6187,86.6044,osm,,
FOCM,Flyover Cabin Mughalsarai,Uttar Pradesh,25.2894,83.1724,datameet,,
FPS,Fatehpur Shekhawati,Rajasthan,28.0001,74.9706,osm,,
FRD,Farhedi,Uttar Pradesh,28.7117,78.7937,datameet,,
FRDH,Faridaha Halt,Uttar Pradesh,25.5582,83.1251,osm,,
FRG,Farangipete,Karnataka,12.8754,74.9567,osm,फ़रंगिपेटे,
FRH,Farhatnagar,Uttar Pradesh,27.0812,80.1432,datameet,,
FSG,Phursungi,Maharashtra,18.4572,74.0022,osm,,
FSP,Fateh Singh Pura,Rajasthan,26.8185,77.1409,osm,फ़तेहसिंघ पुरा,
FSR,Faqarsar,Punjab,30.1902,74.5792,osm,,
FSW,Fateh Singhwala,Rajasthan,29.9126,74.1032,osm,,
FTC,Fatehpur Chursi,Uttar Pradesh,26.8435,80.2618,datameet,,
FTD,Fatehabad Chandrawatiganj Junction,Madhya Pradesh,23.0111,75.6735,osm,,
FTG,Fursatganj,Uttar Pradesh,26.2445,81.4156,datameet,,
FTH,Fatuhi,Rajasthan,30.0533,73.869,osm,,
FTP,Fatehpur,Uttar Pradesh,25.9168,80.8017,osm,,
FTS,Fatehpur Sikri,Uttar Pradesh,27.0943,77.6707,osm,फ़तेहपुर सीकरी,
FUT,Fatuha Junction,Bihar,25.5032,85.304,osm,,
FYZ,Faizullapur,Uttar Pradesh,25.8676,80.8976,osm,,
FZD,Firozabad,Uttar Pradesh,27.1479,78.3864,osm,,
FZL,Fazalpur,Uttar Pradesh,29.5932,78.2775,osm,,
FZP,Firozpur City Junction,Punjab,30.9621,74.6013,osm,फिरोजपुर शहर,ਫ਼ਿਰੋਜ਼ਪੁਰ ਸਿਟੀ
FZR,Firozpur Cant,Punjab,30.9425,74.6184,datameet,,
G,Gondia Junction,Maharashtra,21.4611,80.1932,osm,,
GA,Gudha,Rajasthan,26.9505,75.1287,osm,,
GAA,Galan,Maharashtra,20.6092,75.2769,osm,,
GAD,Gevra Road,Chhattisgarh,22.3492,82.6462,osm,,
GADH,Goaldih,Odisha,21.7267,85.547,osm,,
GADJ,Gandhi Nagar Jaipur,Rajasthan,26.8728,75.7992,osm,,
GADM,Ganga Dham,Uttar Pradesh,27.2048,81.9336,osm,,
GAE,Gaipura,Uttar Pradesh,25.1605,82.3878,osm,,
GAG,Gangaghat,Jharkhand,23.3617,85.5075,osm,गंगाघाट,
GAGA,Galgalia,Bihar,26.5274,88.1134,osm,,
GAH,Gaunaha,Bihar,27.2899,84.5189,osm,गौनाहा,
GAHT,Ghusia Halt,Bihar,25.1923,84.2485,osm,,
GAI,Gouchhari,Bihar,25.44,86.6724,osm,,
GAJ,Ganeshganj,Madhya Pradesh,23.8955,79.0733,osm,,
GAJB,Gajara Bahara,Madhya Pradesh,24.0531,82.2942,osm,,
GAJU,Gaju Halt,Uttar Pradesh,27.2042,80.373,datameet,,
GAL,Ghatla,Rajasthan,27.7364,76.6304,osm,,
GALA,Gunadala,Andhra Pradesh,16.5381,80.6736,osm,,
GALE,Gankar,West Bengal,24.4042,88.0724,osm,,
GALG,GoldingGanj,Bihar,,,,,
GAM,Ganjam,Odisha,19.3953,85.0463,osm,,
GAMI,Gogameri,Rajasthan,29.1601,75.035,osm,,
GAMN,Gamani,Assam,26.9203,92.8046,osm,,
GANG,Gangaganj,Uttar Pradesh,26.2922,81.2019,osm,,
GANI,Gharni,Maharashtra,18.4793,76.764,osm,,
GANL,Ghanauli,Punjab,31.0266,76.5919,osm,घनौली,
GAO,Gaigaon,Maharashtra,20.7209,76.8902,osm,,
GAP,Gurpa,Bihar,24.5614,85.2985,osm,,
GAQ,Ganj Khawaja,Uttar Pradesh,25.2737,83.184,osm,,
GAR,Gadarwara,Madhya Pradesh,22.9004,78.7927,osm,,
GARA,Garha,Bihar,26.458,85.5117,osm,,
GATD,Gautamdhara,Jharkhand,23.3497,85.6326,osm,गौतमधारा,
GAUR,Gaur,Uttar Pradesh,26.9094,82.5723,osm,,
GAW,Gainjahwa,Uttar Pradesh,27.4541,82.2452,osm,गैंजहवा,
GAYA,Gaya Junction,Bihar,24.8035,84.9994,osm,गया जंक्शन,
GB,Gauri Bazar,Uttar Pradesh,26.5949,83.6681,osm,,
GBA,Garbeta,West Bengal,22.8445,87.3209,osm,,
GBB,Gubbi,Karnataka,13.3214,76.9388,osm,,ಗುಬ್ಬಿ
GBD,Gauribidanur,Karnataka,13.6135,77.5131,osm,गौरीबिदनूर,
GBE,Gayabari,West Bengal,26.8592,88.3125,osm,,
GBG,Gobardanga,West Bengal,22.8795,88.761,osm,,
GBHA,Garobigha Halt,Bihar,24.8268,85.4672,datameet,,
GBK,Gopalpur Balikuda,Odisha,20.4328,85.8787,osm,,
GBN,Garh Banaili,Bihar,25.9028,87.5352,osm,गढ़,
GBP,Gulabpura,Rajasthan,25.9025,74.6556,osm,,
GBQ,Godbhaga,Odisha,21.4168,83.8576,osm,,
GBRA,Gobra,West Bengal,22.6961,88.2794,osm,,
GBRI,Gobarwahi,Maharashtra,21.5146,79.7231,osm,,
GBX,Govindpur Road,Jharkhand,23.0615,85.0442,osm,गोबिन्दपुर रोड,
GBY,Guabari,,,,,,
GC,Ghatkopar,Maharashtra,19.0857,72.9084,osm,घाटकोपर,
GCAB,Gcab,Chhattisgarh,21.2046,81.4316,datameet,,
GCH,Gachhipura,Rajasthan,26.9532,74.4542,osm,,
GCN,Gocharan,West Bengal,22.2781,88.4586,osm,,গোচরণ
GCT,Ghazipur City,Uttar Pradesh,25.5835,83.5679,osm,,
GD,Gonda Junction,Uttar Pradesh,27.1546,81.9774,osm,,
GDA,Godhra Junction,Gujarat,22.7763,73.6059,osm,गोधरा जंक्शन,
GDB,Giddarbaha,Punjab,30.2013,74.6621,osm,,
GDBR,Gunda Bihar,Jharkhand,22.9961,86.094,osm,गुण्डा बिहार,
GDD,Gadra Road,Rajasthan,25.7432,70.6423,osm,,
GDE,Garladinne,Andhra Pradesh,14.8273,77.5928,osm,,
GDG,Gadag Junction,Karnataka,15.4365,75.6422,osm,,ಗದಗ ಜಂಕ್ಷನ್
GDGN,Gaudgaon,Karnataka,17.3365,76.5313,osm,,
GDH,Gidnahalli,Karnataka,13.4143,77.809,osm,,
GDHA,Godha,Uttar Pradesh,28.0059,78.1412,datameet,,
GDI,Gudageri,Karnataka,15.1246,75.3595,osm,,ಗುಡಗೇರಿ
GDK,Gonda Kachahri,Uttar Pradesh,27.1403,81.9342,osm,गोंडा कचहरी,
GDKP,Gudankhapa,Madhya Pradesh,21.6564,78.3985,osm,,
GDL,Gondal,Gujarat,21.9722,70.7955,osm,,
GDM,Gudma,Maharashtra,21.4145,80.2889,osm,,
GDN,Gangaikondan,Tamil Nadu,8.82912,77.7843,osm,,கங்கைகொண்டான்
GDO,Govardhan,Uttar Pradesh,27.5206,77.4621,osm,,
GDP,Gudupulli,Andhra Pradesh,12.8035,78.2748,osm,,
GDPL,Gundla Pochampally,Telangana,17.5687,78.4882,osm,,గుండ్ల పోచంపల్లి
GDPT,Gudaparti,Andhra Pradesh,17.0277,82.1308,osm,,
GDQ,Godamgura,Telangana,17.2901,77.8667,osm,,
GDR,Gudur Jn,Andhra Pradesh,14.1482,79.8451,datameet,,
GDRA,Gangadhara,Telangana,18.5821,78.9894,osm,,
GDU,Gudru Halt,Madhya Pradesh,22.2719,80.1163,datameet,,
GDV,Gudivada Junction,Andhra Pradesh,16.4306,80.9884,osm,,
GDW,Gadhwala,Rajasthan,27.9703,73.4554,osm,,
GDX,Ghoksadanga,West Bengal,26.4226,89.2777,osm,,
GDY,Guindy,Tamil Nadu,13.0087,80.2126,osm,गिंडी,
GDYA,Ghoradongri,Madhya Pradesh,22.1256,78.0022,osm,,
GDZ,Gundardehi,Chhattisgarh,20.9488,81.3028,osm,गुण्डरदेही,
GEA,Ghatera,Madhya Pradesh,23.8298,79.6736,osm,,
GEB,Garh Baruari,Bihar,26.0195,86.6056,osm,,
GED,Guledgudda Road,Karnataka,16.0673,75.6946,osm,,ಗುಳೇದಗುಡ್ಡ ರಸ್ತೆ
GEDE,Gede,West Bengal,23.491,88.7869,osm,,গেদে
GEG,Gir Gadhara,Gujarat,20.9075,70.9192,osm,,
GEK,Gegal Akhri,Rajasthan,26.5422,74.7777,osm,,
GELA,Ghadela Halt,Madhya Pradesh,21.7251,78.9107,osm,,
GEOR,Gunjaria,West Bengal,26.2179,88.1317,osm,गुंजरिया,
GER,Geratpur,Gujarat,22.9169,72.6552,osm,,
GFAE,Garifa,West Bengal,22.9084,88.4099,datameet,,
GG,Gandhigram,Gujarat,23.0268,72.5688,datameet,,
GGA,Ghogha,Bihar,25.2112,87.1642,osm,,
GGAR,Gangadhara,Gujarat,21.1403,73.0466,osm,,
GGB,Garhmuktesar Bridge,Uttar Pradesh,28.7607,78.1413,osm,,
GGC,Gangapur City,Rajasthan,26.4682,76.7267,osm,,
GGD,Gullaguda,Telangana,17.417,78.033,osm,,
GGG,Gangagarh Halt,Uttar Pradesh,27.8485,78.7351,osm,,
GGGS,Garha,Madhya Pradesh,23.1414,79.8647,osm,,
GGH,Ghogardiha,Bihar,26.2827,86.4687,osm,घोघरडीहा,
GGJ,Goshainganj,Uttar Pradesh,26.5702,82.3846,osm,,
GGKR,Govindgarh Khokhar,Punjab,29.992,75.8087,osm,,
GGLE,Gangatikuri,West Bengal,23.7184,88.0879,osm,,
GGM,Gora Ghuma,Gujarat,23.0387,72.4517,osm,,
GGN,Gurgaon,Haryana,28.4891,77.0112,osm,गुड़गाँव,
GGNP,Ganganapalli,Andhra Pradesh,14.4522,78.7041,osm,,
GGO,Goram Ghat,Rajasthan,25.6415,73.8673,osm,,
GGP,Gangnapur,West Bengal,23.1317,88.6399,osm,,
GGR,Gangarar,Rajasthan,25.0611,74.6252,osm,,
GGSY,Ganga Sahai,Bihar,25.2698,86.0188,datameet,,
GGT,Ghunghuti,Madhya Pradesh,23.3437,81.1859,osm,,
GGTA,Ghoraghata,West Bengal,22.4581,87.9438,osm,,
GGV,Ghora Ras Ghona,West Bengal,22.6518,88.7824,osm,,
GGY,Gagariya,Rajasthan,25.7164,70.7788,osm,,
GH,Ghughuli,Uttar Pradesh,27.0538,83.7139,osm,घुघुली,
GHA,Golehwala,Punjab,30.7897,74.7046,osm,,
GHAI,Ghatigaon,Madhya Pradesh,26.0664,77.9383,osm,,
GHB,Gahri Bhagi,Punjab,30.1215,74.9438,osm,,
GHD,Garhwa Road,Jharkhand,24.2148,83.8853,osm,,
GHE,Ghevra,Delhi,28.6913,76.9978,osm,,
GHER,Gher,Rajasthan,26.6719,77.9481,osm,,
GHG,Ghagghar,Punjab,30.6103,76.8483,osm,,
GHGL,Ghagwal,Jammu and Kashmir,32.5052,75.2134,osm,,
GHH,Garhi Harsaru Junction,Haryana,28.4383,76.9307,osm,,
GHJ,Gursahaiganj,Uttar Pradesh,27.118,79.7334,osm,गुरसहायगंज,
GHL,Gollahalli,Karnataka,13.1459,77.4173,osm,,ಗೊಲ್ಲಹಳ್ಳಿ
GHLE,Gadadharpur,West Bengal,24.0135,87.6917,osm,,
GHLU,Ghallu,Punjab,30.2582,74.1068,osm,,
GHN,Ghorparan,Bihar,24.7416,86.4985,datameet,,
GHNA,Gohana Junction,Haryana,29.1408,76.6897,osm,,
GHNH,Ghantikal Nidhipur,Odisha,20.511,85.7364,osm,,
GHPU,Gandhipuram,Telangana,17.4948,80.3122,osm,,
GHQ,Garwa,Jharkhand,24.1755,83.8135,osm,,
GHR,Gidhaur,Bihar,24.8562,86.324,osm,,
GHRI,Ghori Halt,Uttar Pradesh,27.374,80.5033,datameet,,
GHS,Guruhar Sahai,Punjab,30.7152,74.4005,osm,,
GHSR,Ghasara Halt,Uttar Pradesh,26.7228,79.3608,datameet,,
GHT,Ghaghara Ghat,Uttar Pradesh,27.1023,81.5031,osm,घाघरा घाट,
GHUM,Ghoom,West Bengal,27.0084,88.2536,osm,,
GHX,Garhara,Bihar,25.4409,86.0053,osm,,
GHY,Guwahati,Assam,26.1824,91.7501,osm,गुवाहाटी,
GI,Guduvancheri,Tamil Nadu,12.8452,80.0576,osm,,
GIA,Garia,West Bengal,22.4656,88.4055,osm,,গড়িয়া
GIBP,Ghoghi Bariarpur,Bihar,25.2058,86.3041,datameet,,
GID,Giddalur,Andhra Pradesh,15.3794,78.9263,osm,,
GIF,Gonu Dham Halt,Bihar,25.1631,86.9859,osm,,
GIHT,Gaighat Halt,Uttar Pradesh,27.9938,81.4323,osm,गाय घाट हॉल्ट,
GII,Gidhni,West Bengal,22.4881,86.8534,osm,,
GIL,Gaisal,Bihar,26.1845,88.09,osm,गाइसाल,
GILA,Ghiala,Punjab,32.1531,75.6475,osm,,
GILL,Gill,Punjab,30.841,75.849,osm,,
GIMB,Gandhidham Junction,Gujarat,23.0684,70.1477,osm,,
GIMC,Gandhidham Cabin,Gujarat,23.095,70.1507,datameet,,
GIN,Ginigera,Karnataka,15.348,76.2476,osm,,ಗಿಣಿಗೇರಾ
GIO,Goriyan,Rajasthan,27.5476,75.2653,osm,,
GIR,Gainsari Junction,Uttar Pradesh,27.5271,82.5471,osm,गैंसड़ी,
GIS,Garhi Sandra,Rajasthan,26.6692,77.7458,osm,,
GIT,Ghorpuri Transh,Maharashtra,18.5259,73.8988,datameet,,
GIW,Girdharpur,Madhya Pradesh,25.8273,76.7737,osm,,
GIZ,Gidam,Chhattisgarh,18.9367,81.4119,osm,,
GJ,Gangajhari,Maharashtra,21.4429,80.0588,osm,,
GJD,Gujhandi,Jharkhand,24.4981,85.4637,osm,गझंडी,
GJH,Goldinganj,Bihar,25.754,84.8268,osm,गोल्डिनगंज,
GJJ,Gajjelakonda,Andhra Pradesh,15.7778,79.4023,osm,,
GJL,Gajraula Junction,Uttar Pradesh,28.8348,78.2504,osm,गजरोला जंक्शन,
GJMB,Ganjmuradabad,Uttar Pradesh,26.9879,80.177,datameet,,
GJN,Gajner,Rajasthan,27.9358,73.0614,osm,,
GJS,Gajsinghpur,Rajasthan,29.658,73.4375,osm,,
GJT,Jannagatta,Karnataka,13.2137,78.1366,osm,,
GJTA,Gurudijhatia,Odisha,20.5694,85.8336,osm,,
GJUT,Gangsar Jaito,Punjab,30.4458,74.8789,osm,,
GJW,Gajuwala,Haryana,29.5753,75.8732,osm,,
GK,Gola Gokarannath,Uttar Pradesh,28.0831,80.4767,osm,,
GKA,Gokhula,Bihar,27.0688,84.5419,osm,,
GKB,Ghata-Ka-Varana,Rajasthan,25.5059,76.16,osm,,
GKC,Gorakhpur Cantonment,Uttar Pradesh,26.7511,83.4185,osm,,
GKD,Gadhakda,Gujarat,21.238,71.382,osm,,
GKG,Gokulgarh,Haryana,28.2467,76.6176,osm,,
GKH,Guskara,West Bengal,23.4904,87.7337,osm,,
GKHT,Gram Kharika,Bihar,25.672,85.3879,osm,,
GKJ,Golakganj Junction,Assam,26.1082,89.8307,osm,गोलकगंज जंक्शन,
GKK,Gokak Road,Karnataka,16.2054,74.7391,osm,,
GKL,Gokulpur,West Bengal,22.3757,87.2938,osm,,
GKM,Gundlakamma Junction,Andhra Pradesh,15.9846,79.6449,osm,,
GKP,Gorakhpur Junction,Uttar Pradesh,26.7597,83.382,osm,,
GKPE,Gorakhpur East,Uttar Pradesh,26.7588,83.3874,datameet,,
GKPI,Gate Karepalli,Telangana,17.4854,80.2328,osm,,
GKT,Gankhera Halt,Maharashtra,21.3891,80.1919,datameet,,
GKV,Gottihalli,Karnataka,13.2348,78.1426,osm,,
GKX,Ghalkalan,Punjab,30.8227,75.1093,osm,,
GLA,Garla,Telangana,17.4862,80.1396,osm,,గార్ల
GLBA,Golabai,Odisha,20.0173,85.5562,osm,,
GLBN,Gujran Balwa,Uttar Pradesh,29.4071,77.302,osm,,
GLD,Ghelda,Gujarat,23.3676,72.2092,osm,,
GLE,Gajulagudem,Telangana,17.6112,80.6594,osm,,
GLG,Gulabhganj,Madhya Pradesh,23.6838,77.9119,osm,,
GLGT,Golaghat,Assam,26.5091,93.9618,osm,गोलाघाट,গোলাঘাট
GLH,Gulaothi,Uttar Pradesh,28.5816,77.8013,osm,,
GLI,Galsi,West Bengal,23.3585,87.6814,osm,,
GLKN,Gugulwa Kirtan,Rajasthan,28.5408,75.6006,osm,,
GLMA,Gulma,West Bengal,26.8031,88.4044,osm,गुलमा,গুলমা
GLNA,Gulana,Rajasthan,27.1017,76.565,osm,,
GLP,Gollaprolu,Andhra Pradesh,17.1517,82.2905,osm,,
GLPT,Goalpara Town,Assam,26.1271,90.6211,osm,गोवालपारा टाउन,
GLTA,Gahlota,Rajasthan,26.6742,74.9709,osm,,
GLU,Gullipadu,Andhra Pradesh,17.4099,82.6341,osm,,
GLV,Gulvanchi,Maharashtra,17.1728,75.0562,osm,,
GLY,Gollapally,Telangana,16.8183,78.1574,osm,,
GM,Garmadi,Gujarat,23.7198,71.1251,osm,,
GMA,Gudimetta,Andhra Pradesh,15.4247,79.0113,osm,,
GMAN,Gumani,Jharkhand,24.799,87.8054,osm,गुमानी,
GMC,Kanpur Goods Marshal,Uttar Pradesh,26.4523,80.3396,datameet,,
GMD,Guramkhedi,Madhya Pradesh,22.682,78.1006,osm,,
GMDA,Gumada,Andhra Pradesh,18.8876,83.4575,osm,,
GMDN,Girimaidan,West Bengal,22.3409,87.307,osm,,
GMDP,Gramdadpur,,,,,,
GME,Gummandev,Gujarat,21.6989,73.1197,osm,गुमानदेव,
GMG,Gumgaon,Maharashtra,20.9939,79.0301,osm,,
GMGM,Gomangalam,Tamil Nadu,10.6099,77.1327,osm,गोमांगलम,கோமங்கலம்
GMH,Gamharia Jn.,Jharkhand,22.7966,86.1011,osm,,
GMI,Gond Umari,Maharashtra,21.0225,80.0903,osm,,
GMIA,Gumia,Jharkhand,23.8025,85.8302,osm,,
GMK,Gulma Khola,West Bengal,26.8382,88.4374,datameet,,
GMM,Gumman,Himachal Pradesh,30.8422,76.9718,osm,,
GMMG,Gram Masagra,,,,,,
GMN,Goregaon,Maharashtra,19.1649,72.8495,osm,गोरेगाँव,गोरेगाव
GMO,Netaji SC Bose Junction Gomoh,Jharkhand,23.8719,86.1526,osm,नेताजी सुभाष चन्द्र बोस जंक्शन गोमो,
GMR,Gahmar,Uttar Pradesh,25.4888,83.8041,osm,,
GMS,Garhmuktesar,Uttar Pradesh,28.7817,78.0735,datameet,,
GMTO,Gumto,Assam,27.137,93.7915,osm,,
GMU,Gauriyamau,Uttar Pradesh,26.757,81.7937,datameet,,
GMX,Gurmura,Uttar Pradesh,24.3547,83.0479,osm,,
GMZ,Gumani Hat,West Bengal,26.4741,89.2393,datameet,,
GN,Gopalnagar,West Bengal,23.0626,88.7457,osm,,
GNA,Goneana,Punjab,30.3188,74.9097,osm,,
GNAN,Gonda Jn,Uttar Pradesh,27.1539,81.9776,datameet,,
GNB,Jnanabharati,Karnataka,12.9351,77.511,osm,,ಜ್ಞಾನಭಾರತಿ
GNC,Gandhinagar Capital,Gujarat,23.2348,72.6303,osm,,
GNCN,Gurla N Cabin,Rajasthan,25.2972,75.9047,datameet,,
GND,Govindgarh Malikpur,Rajasthan,27.2404,75.6462,osm,,
GNDI,Gondwali,Madhya Pradesh,24.2171,82.5112,osm,,
GNDM,Gunrajpur Dhama Halt,Bihar,26.0694,84.821,osm,,
GNG,Gauriganj,Uttar Pradesh,26.204,81.6857,osm,,
GNGD,Gangadharpur,Odisha,19.8157,85.293,osm,,
GNGL,Gangauli,Uttar Pradesh,25.6681,82.8631,datameet,,
GNGR,Gungrana,Punjab,30.7161,75.8258,osm,,
GNGT,Gangatola,Madhya Pradesh,22.4049,79.9948,osm,गंगाटोला,
GNH,Gangakher,Maharashtra,18.9739,76.7556,osm,,
GNHI,Gandhi Halt,Bihar,25.5715,84.9577,osm,,
GNJ,Gunji,Karnataka,15.5437,74.4804,osm,,ಗುಂಜಿ
GNJB,Gopinathjew Banikunda,Odisha,20.2908,86.4429,osm,,
GNK,Garhnokha,Bihar,25.0972,84.1228,osm,,
GNL,Gongle,Maharashtra,21.2222,80.1479,osm,,
GNN,Gangineni,Andhra Pradesh,16.745,80.5196,osm,,గంగినేని
GNNA,Ganganiyan,Bihar,25.2365,86.6645,osm,,
GNO,Goregaon Road,Maharashtra,18.1626,73.303,osm,,
GNP,Ghanpur,Telangana,17.8498,79.3763,osm,,
GNPR,Gunupur,Odisha,19.0698,83.8106,osm,,
GNPT,Ganpatpura,Gujarat,22.0673,73.1916,osm,,
GNQ,Godhani,Maharashtra,21.2116,79.0686,osm,,
GNR,Gadiganuru,Karnataka,15.2186,76.5992,osm,,ಗಾದಿಗನೂರು
GNRD,Genoli Road,Rajasthan,25.2038,75.165,osm,,
GNRL,Gangraul,Uttar Pradesh,28.2827,77.7547,osm,,
GNS,Ghunsore,Madhya Pradesh,22.6556,79.9546,osm,घंसौर,
GNST,Gandhismriti,Gujarat,20.9207,72.922,osm,,
GNSYM,Gnsym,,,,,,
GNT,Guntur Junction,Andhra Pradesh,16.3011,80.4431,osm,,
GNTR,Gauntra Halt,Uttar Pradesh,27.1345,80.2179,datameet,,
GNU,Ganaur,Haryana,29.1315,77.0111,osm,,
GNV,Gandevi,Gujarat,20.8029,72.9968,osm,गणदेवी,ગણદેવી
GNVR,Gondwana Visapur,Maharashtra,19.8825,79.3284,osm,गोण्डवाना विसापूर,
GNW,Gangiwara,Madhya Pradesh,22.0958,78.8477,osm,,
GNZ,Gahandran,Punjab,31.1175,75.4229,osm,,
GO,Ghoti,Maharashtra,19.7237,73.6363,osm,,
GOA,Gohad Road,Madhya Pradesh,26.4681,78.4086,osm,,
GOC,Ponmalai (Golden Rock),Tamil Nadu,10.7916,78.7104,osm,,
GOD,Giddarpindi,Punjab,31.153,75.1248,osm,,
GODA,Godda,Jharkhand,24.82971,87.19286,osm,,
GOE,Ghograpar,Assam,26.4511,91.5288,osm,,
GOF,Ghutiari Sharif,West Bengal,22.3679,88.5528,osm,,
GOG,Ghorghat,Bihar,25.2707,86.5846,datameet,,
GOGH,Gossaigaon Hat,Assam,26.4296,89.977,osm,गोसाईगाँव हाट,
GOH,Garot,Madhya Pradesh,24.2788,75.6845,osm,,
GOK,Gokarna Road,Karnataka,14.5838,74.3677,osm,,ಗೋಕರ್ಣ ರಸ್ತೆ
GOL,Goilkera,Jharkhand,22.5056,85.3808,osm,,
GOLE,Gole,Rajasthan,25.8918,71.9999,osm,,
GOM,Gogamukh,Assam,27.4417,94.3212,osm,,
GOP,Gop Jam,Gujarat,22.0537,69.9085,osm,,
GOPA,Ghosipura,Madhya Pradesh,26.2151,78.1505,datameet,,
GOPG,Gopalganj,Bihar,26.4538,84.4353,osm,,
GOPL,Gundla Pochampalli,Telangana,17.5676,78.4878,datameet,,
GOR,Gopinathpur,West Bengal,23.088,87.8477,osm,,
GOS,Ghosrana,Rajasthan,27.1852,76.916,osm,,
GOT,Got,Uttar Pradesh,28.8452,78.8206,osm,,
GOTN,Gotan,Rajasthan,26.6527,73.738,osm,,
GOV,Govindpuri,Uttar Pradesh,,,,,
GOVR,Govindnagar,Uttar Pradesh,26.8531,82.7219,osm,,
GOX,Gobindpur Dugauli,Uttar Pradesh,26.0809,83.7861,osm,,
GOY,Govindpuri,Uttar Pradesh,26.4537,80.3129,osm,,
GOZ,Golsar,Rajasthan,28.1538,74.5468,osm,,
GP,Rajgangpur,Odisha,22.1861,84.5835,osm,राजगांगपुर,ରାଜଗାଙ୍ଗପୁର
GPAE,Guptipara,West Bengal,23.1969,88.4182,osm,,
GPB,Ghataprabha,Karnataka,16.241,74.7599,osm,,ಘಟಪ್ರಭಾ
GPBN,Gandhi Park Halt,Telangana,18.6528,77.8943,osm,,
GPC,Ghatpindrai,Madhya Pradesh,22.952,79.2662,osm,,
GPD,Gummidipundi,Tamil Nadu,13.4098,80.1237,osm,,
GPDE,Gudipudi,Andhra Pradesh,16.4339,80.205,osm,,
GPE,Gogipothia Halt,Bihar,26.2291,87.2981,osm,,
GPH,Garposh,Odisha,22.1344,84.4205,osm,,
GPI,Gajapatinagaram,Andhra Pradesh,18.2933,83.3338,osm,,
GPJ,Gorapur,Andhra Pradesh,18.3467,82.794,osm,,
GPLG,Gopalpurgram,West Bengal,,,dropped: trains zig-zag through it,गोपालपुर ग्राम,গোপালপুর গ্রাম
GPPR,Gopalpura,Gujarat,23.0854,70.1322,osm,,
GPR,Ghorpuri,Maharashtra,18.5282,73.8939,osm,,घोरपडी
GPRW,Ghorpuri West,Maharashtra,18.5317,73.8918,datameet,,
GPSA,Ghatparsia Halt,Madhya Pradesh,22.06,79.0533,osm,,
GPT,Gopalapatnam,Andhra Pradesh,17.7411,83.2318,osm,,
GPU,Gulapalyamu,Andhra Pradesh,15.0869,77.3997,osm,,
GPW,Ghaunspur,Punjab,31.8886,75.6316,osm,,
GPX,Gautampura Road,Madhya Pradesh,23.0268,75.5288,osm,,
GPY,Gangayapalle,Andhra Pradesh,14.5531,78.7174,osm,,
GPZ,Gohpur,Assam,26.8971,93.6218,osm,,
GQD,Gourdaha Halt,West Bengal,22.3783,88.5348,osm,,
GQL,Gurla Junction,Rajasthan,25.2712,75.8864,osm,,
GQLN,Gurla N,Rajasthan,25.2936,75.9003,datameet,,
GQLW,Gurla W,Rajasthan,25.2895,75.885,osm,,
GQN,Garhani,Bihar,25.4117,84.5701,osm,,
GRA,Gharaunda,Haryana,29.5409,76.9654,osm,,
GRAE,Gurap,West Bengal,23.0251,88.1122,osm,,
GRAK,Garkha,Uttar Pradesh,27.7482,78.8833,osm,,
GRB,Garh Dhrubeswar,West Bengal,23.5093,86.6177,osm,,
GRBH,Garea Bihar,Jharkhand,24.1289,85.9155,datameet,,
GRBL,Garudubilli,Andhra Pradesh,18.2032,83.3544,osm,,
GRCP,Ramchandrapur P.H.,Odisha,19.9909,83.3481,osm,रामचन्द्रपुर पी.एच,ରାମଚନ୍ଦ୍ରପୁର ପି.ଏଚ
GRD,Giridih,Jharkhand,24.1818,86.3145,osm,गिरिडीह,
GRE,Gola Road,Jharkhand,23.5321,85.7091,osm,,
GRF,Gambhiri Road,Rajasthan,24.6936,74.6705,osm,,
GRFB,Gambhir Br,Madhya Pradesh,23.2263,75.6372,datameet,,
GRG,Gwarighat,Madhya Pradesh,23.11,79.9378,osm,,
GRH,Ghorasahan,Bihar,26.8207,85.1273,osm,,
GRHM,Gir Hadmatiya,Gujarat,21.0042,70.6354,osm,,
GRHX,Garra,Madhya Pradesh,21.8,80.1471,osm,,
GRI,Guriya,Rajasthan,25.9975,73.9548,osm,,
GRJ,Gatra,Maharashtra,21.558,80.2053,osm,,
GRJA,Gorinja,Gujarat,22.1761,69.0409,osm,,
GRKA,Gurha Kemla,Haryana,28.3138,76.2556,osm,,
GRKN,Gorakhnath,Odisha,20.3085,86.2605,osm,,
GRL,Goraul,Bihar,25.9312,85.3186,osm,,
GRM,Garhmau,Uttar Pradesh,25.5017,78.6613,osm,,
GRMA,Ghormara,Jharkhand,24.4427,86.8643,osm,,
GRMP,Gangarampur,West Bengal,25.3902,88.5163,osm,,
GRMR,Garhi Manikpur,Uttar Pradesh,25.7767,81.4145,osm,,
GRMT,Gur Market,Maharashtra,16.7019,74.269,osm,,
GRN,Gurney,Punjab,29.8587,75.8039,osm,,
GRNA,Gurhanwa,Bihar,26.746,85.2245,osm,,
GRO,Gurra,Madhya Pradesh,22.6319,77.8693,osm,,
GRP,Gangpur,West Bengal,23.2236,87.9265,osm,,
GRPA,Garhpura,Bihar,25.6593,86.2071,osm,,
GRR,Gorphar,Bihar,25.5861,87.6746,osm,,
GRRG,Gurli Ramgarhwa,Uttar Pradesh,27.185,83.78,osm,,
GRRU,Guraru,Bihar,24.811,84.7915,osm,,
GRU,Garopara,West Bengal,26.6545,89.4876,osm,,
GRWD,Ghorawadi,Maharashtra,18.7213,73.6962,osm,,
GRX,Gaura,Uttar Pradesh,25.7357,82.1083,osm,,
GRY,Goraya,Punjab,31.1299,75.7742,osm,,
GRZ,Gurthuri,Haryana,29.636,76.158,osm,,
GS,Godhaneshwar,Gujarat,22.6827,72.3701,osm,,
GSA,Guagachha Halt,Assam,26.5008,91.0241,osm,,
GSB,Garna Sahib,Punjab,31.78,75.6535,osm,,
GSD,Ghosunda,Rajasthan,24.8716,74.5352,osm,,
GSDH,Garsanda Halt,Bihar,25.1426,86.0113,osm,,
GSGB,Gosaingram,West Bengal,24.2477,88.2143,osm,,
GSGJ,Ghausganj,Uttar Pradesh,27.1351,80.2918,datameet,,
GSI,Ghosi,Uttar Pradesh,26.1194,83.5448,osm,,
GSL,Godapiasal,West Bengal,22.5307,87.3205,osm,,
GSO,Ghaso,Haryana,29.5311,76.1433,osm,,
GSP,Gurdaspur,Punjab,32.0436,75.4199,osm,,
GSPR,Gosalpur,Madhya Pradesh,23.3817,80.0592,osm,,
GSQ,Guir Saranga,West Bengal,23.1263,87.7534,osm,,
GSR,Garhshankar,Punjab,31.224,76.1385,osm,,
GSRM,Gauri Sriram,Uttar Pradesh,26.7699,84.1875,osm,,
GSW,Gurusar Sahnewala,Punjab,30.1388,74.8863,osm,,
GT,Ghatkesar,Telangana,17.4529,78.6783,osm,,
GTA,Golanthra,Odisha,19.2185,84.7407,osm,,
GTD,Gourinathdham,West Bengal,23.3958,86.2745,osm,,
GTE,Gothaj,Gujarat,22.7591,72.8027,osm,,
GTF,Gumthal,Uttar Pradesh,28.4968,78.7582,osm,,
GTI,Ghutai,Uttar Pradesh,25.2893,79.442,osm,,
GTJT,Getor Jagatpura,Rajasthan,26.837,75.832,osm,,
GTK,Ghutku,Chhattisgarh,22.1665,82.086,osm,,
GTL,Guntakal Junction,Andhra Pradesh,15.1737,77.3699,osm,गुंतकल जंक्शन,
GTLM,Gotlam,Andhra Pradesh,18.1516,83.3659,osm,,
GTLW,Guntakal West,Andhra Pradesh,15.1672,77.3424,osm,,
GTM,Ghatampur,Uttar Pradesh,26.1515,80.1746,osm,,
GTNR,Gomati Nagar,Uttar Pradesh,26.8603,81.0034,datameet,,
GTP,Ghatpuri,Uttar Pradesh,28.1277,79.2076,osm,,
GTQ,Gumtali,Punjab,31.0717,75.6274,osm,,
GTRA,Gotra,Uttar Pradesh,28.8127,77.3004,osm,,
GTS,Ghatsila,Jharkhand,22.586,86.4792,osm,,
GTST,Gautamsthan,Bihar,25.7899,84.639,osm,,
GTT,Gomta,Gujarat,21.873,70.729,osm,,
GTU,Ghatnandur,Maharashtra,18.7236,76.5633,osm,,
GTW,Gatora,Chhattisgarh,22.0532,82.2276,osm,,
GTWD,Ghatwad,Gujarat,20.927,70.7496,osm,,
GTX,Gothangam,Gujarat,21.2908,72.8791,osm,गोठनगाम,
GTY,Golapatti,Madhya Pradesh,23.7979,79.7455,osm,,
GUA,Gua,Jharkhand,22.2153,85.3805,osm,गुआ,
GUB,Gularbhoj,Uttarakhand,29.1114,79.3018,osm,,
GUD,Galudih,Jharkhand,22.648,86.4116,osm,,
GUDM,Gudum,Chhattisgarh,20.4382,81.0855,osm,गुदुम,
GUG,Garh Jaipur,West Bengal,23.4143,86.1473,osm,,
GUH,Guldhar,Uttar Pradesh,28.7038,77.4555,osm,गुलधर,
GUK,Guntakoduru,Andhra Pradesh,16.4567,81.077,osm,,
GUL,Gujjangivalasa,Andhra Pradesh,18.21,83.4849,osm,,
GULR,Guler,Himachal Pradesh,32.0048,76.1513,osm,गुलेर,
GUMA,Guma,West Bengal,22.8086,88.6009,osm,,
GUMI,Gorumahisani,Odisha,22.3338,86.2762,osm,,
GUNA,Guna Junction,Madhya Pradesh,24.6409,77.3143,osm,,
GUNS,Ghunas,Punjab,30.3198,75.4209,osm,,
GUP,Gauripur,Assam,26.0772,89.9556,osm,गौरीपुर,
GUR,Ganagapur Road,Karnataka,17.3407,76.5895,osm,,
GURN,Gurudas Nagar,West Bengal,22.1997,88.2158,osm,,
GUS,Ghumasan,Gujarat,23.3787,72.4498,datameet,,
GUSB,Ghumasan,Gujarat,23.3503,72.4604,osm,,
GUU,Gundratimadugu,Telangana,17.5321,80.08,osm,,గుండ్రాతిమడుగు
GUV,Guruvayur,Kerala,10.5972,76.0459,osm,,ഗുരുവായൂർ
GUX,Gurhi,Madhya Pradesh,21.6301,76.5813,osm,,
GUZ,Gumanihat,West Bengal,26.4742,89.2397,osm,,
GVA,Ganguvada,Andhra Pradesh,18.6671,84.1067,osm,,
GVB,Guneru Bamori,Madhya Pradesh,24.4621,78.063,osm,,
GVD,Gholvad,Maharashtra,20.0868,72.7377,osm,,
GVDP,Govindpur,Jharkhand,22.7428,86.2607,osm,,
GVG,Mandi Gobindgarh,Punjab,30.6693,76.2975,osm,,
GVH,Govindgarh,Rajasthan,27.4992,76.9878,osm,,
GVI,Garividi,Andhra Pradesh,18.2738,83.5313,osm,,
GVL,Gudlavalleru,Andhra Pradesh,16.3482,81.0468,osm,,
GVMH,Gangavaram,Andhra Pradesh,16.7318,82.0496,osm,,
GVMR,Govindi Marwar,Rajasthan,27.0315,75.093,osm,,
GVN,Godavari,Andhra Pradesh,17.007,81.7713,osm,गोदावरी,
GVP,Gate Vanampalli,Telangana,17.4432,77.8901,osm,,
GVR,Goreswar,Assam,26.5279,91.7222,osm,,
GW,Girwar,Madhya Pradesh,23.8328,78.9718,osm,,
GWA,Ganj Dundwara,Uttar Pradesh,27.7262,78.9388,osm,,
GWD,Gadwal,Telangana,16.2252,77.8095,osm,,
GWH,Ghoswar Junction,Bihar,25.741,85.2468,osm,घोसवर,
GWL,Gwalior Junction,Madhya Pradesh,26.2162,78.1826,osm,ग्वालियर जंक्शन,
GWM,Gannavaram,Andhra Pradesh,16.5561,80.7961,osm,,
GWO,Gwalior NG,Madhya Pradesh,26.2165,78.1823,datameet,,
GWP,Gangawapur Halt,Uttar Pradesh,26.9588,79.998,datameet,,
GWS,Gaushala,Uttarakhand,29.2986,79.0098,datameet,,
GWSB,Govindwal Sahib,Punjab,31.3707,75.1101,osm,,
GWV,Gowdavalli,Telangana,17.6108,78.4684,osm,,గౌడవల్లి
GWYR,Greenways Road,Tamil Nadu,13.0216,80.2527,osm,,
GXG,Geong,Haryana,29.8219,76.4667,osm,,
GY,Gooty Junction,Andhra Pradesh,15.1495,77.6252,osm,गुत्ती जंक्शन,
GYJ,Gooty Junction Cabin,Andhra Pradesh,15.14,77.6509,datameet,,
GYM,Gudiyattam,Tamil Nadu,12.9373,78.9143,osm,,
GYN,Gopiganj / Gyanpur Road,Uttar Pradesh,25.28,82.4278,osm,,
GZA,Gurujala,Andhra Pradesh,16.5484,79.6387,osm,,
GZB,Ghaziabad Junction,Uttar Pradesh,28.6529,77.4282,osm,ग़ाज़ियाबाद जंक्शन,
GZH,Gulzarbagh,Bihar,25.5977,85.2043,osm,,
GZKA,Gazika,Rajasthan,27.6127,76.6613,osm,,
GZL,Gazulapalle,Andhra Pradesh,15.4305,78.5996,osm,,
GZM,Gour Malda,West Bengal,24.9483,88.1109,osm,,
GZN,Naya Ghaziabad,Uttar Pradesh,28.6744,77.4378,osm,नया गाज़ियाबाद,
GZO,Gazole,West Bengal,25.2248,88.198,osm,,
GZS,Giani Zail Singh Sandhwan,Punjab,30.6136,74.8016,osm,,
GZT,Ghazipur Ghat,Uttar Pradesh,25.6031,83.6098,osm,,
H,Venkatagiri Kote Halt,Karnataka,,,,,
HA,Hargaon,Uttar Pradesh,27.7722,80.7284,osm,,
HAA,Harwada,Karnataka,14.7404,74.2594,osm,,ಹಾರವಾಡ
HAB,Bah,Uttar Pradesh,26.866,78.6176,osm,,
HAD,Haripad,Kerala,9.2777,76.4632,osm,,ഹരിപ്പാട്
HAH,Hosa Agrahara,Karnataka,12.5701,76.3617,osm,,ಹೊಸ ಅಗ್ರಹಾರ
HALT,Halt,,,,,,
HAM,Hamirhati PH,West Bengal,23.3223,87.3601,osm,,
HAN,Hindaun City,Rajasthan,26.7558,77.0315,osm,,
HAPA,Hapa,Gujarat,22.4686,70.1178,osm,,
HAQ,Hastavaramu,Andhra Pradesh,14.2189,79.122,osm,,
HAR,Hamirpur Road,Uttar Pradesh,26.0162,80.1903,osm,,
HAS,Hassan Junction,Karnataka,13.0034,76.1174,osm,,ಹಾಸನ ಜಂಕ್ಷನ್
HAT,Hathuran,Gujarat,21.5007,72.9695,osm,हथुरण,
HATB,Hatibari,Odisha,21.3094,84.1179,datameet,,
HATI,Hati,Madhya Pradesh,24.6881,80.8427,osm,,
HAUR,Haur,West Bengal,22.3657,87.6557,osm,,
HB,Habra,West Bengal,22.8409,88.6576,osm,,
HBE,Habibpur,West Bengal,23.2117,88.539,osm,,
HBF,Haddubhangi,Odisha,18.8217,83.9419,osm,,
HBG,Howbagh Jabalpur,Madhya Pradesh,23.1563,79.9322,datameet,,
HBL,Hombala,Karnataka,15.5223,75.5777,osm,,ಹೊಂಬಳ
HBLN,HBL Nagar,Telangana,17.1341,78.2741,osm,,
HBN,Haibargaon,Assam,26.3565,92.6728,osm,,
HBP,Harpar Bochaha,Bihar,25.604,85.7576,osm,,
HBQ,Hubli East Cab,Karnataka,15.3481,75.1554,datameet,,
HBS,Hebsur,Karnataka,15.4232,75.2859,osm,,ಹೆಬ್ಸೂರು
HBU,Halbarga,Karnataka,17.9749,77.3405,osm,,ಹಲಬರ್ಗಾ
HBW,Habibwala,Uttar Pradesh,29.3482,78.4788,osm,,
HC,Hindu College,Tamil Nadu,13.1185,80.0744,osm,,
HCAB,Bmy H Cabin,Chhattisgarh,21.221,81.4649,datameet,,
HCM,Harishchandrapuram,Andhra Pradesh,18.4792,84.1216,osm,हरिश्चन्द्रपुरम,
HCNR,Harichandanpur,Odisha,21.3269,85.7948,osm,,
HCP,Harchandpur,Uttar Pradesh,26.3459,81.1592,osm,,
HCR,Harishchandrapur,West Bengal,25.4038,87.8685,osm,,
HD,Harda,Madhya Pradesh,22.339,77.1016,osm,,
HDA,Hirnoda,Rajasthan,26.8857,75.3285,osm,,
HDB,Haldibari,West Bengal,26.3353,88.7825,osm,हल्दीबाड़ी,
HDC,Harishdapur,West Bengal,22.575,88.0436,osm,,
HDD,Haddinagundu,Karnataka,15.1529,76.9828,osm,,ಹದ್ದಿನಗುಂಡು
HDE,Hardas Bigha,Bihar,25.4915,85.3567,osm,,
HDGR,Hadgaon Road,Maharashtra,19.3326,77.7233,osm,,
HDIH,Hoodi,Karnataka,12.9959,77.7193,osm,,
HDK,Handia Khas,Uttar Pradesh,25.357,82.1911,osm,,
HDL,Hodal,Haryana,27.8865,77.3881,osm,होडल,
HDM,Hirdamali,Maharashtra,21.343,80.1977,osm,,
HDN,Haidarnagar,Jharkhand,24.4972,83.9501,osm,हैदर नगर,
HDP,Hadapsar,Maharashtra,18.527,73.9278,osm,,
HDS,Haridaspur,Odisha,20.7243,86.1172,osm,,
HDT,Hardattpur,Uttar Pradesh,25.2765,82.9067,osm,,
HDU,Hardua,Madhya Pradesh,23.9139,80.2872,osm,,
HDW,Haldwani,Uttarakhand,29.2157,79.5334,osm,,
HDWL,Hardorawal,Punjab,31.9144,74.926,osm,हार्डोरवाल,
HEB,Hebbal,Karnataka,13.0426,77.5863,osm,हेब्बाल,
HEI,Heggere,Karnataka,13.3415,77.0511,osm,,ಹೆಗ್ಗೆರೆ
HEM,Himayatnagar,Maharashtra,19.4171,77.869,osm,,
HEN,Henria,West Bengal,21.9718,87.7944,osm,,
HER,Her,Maharashtra,18.4267,76.9713,osm,,
HET,Hetampur,Madhya Pradesh,26.611,77.9438,osm,,
HFG,Haflong Hill,Assam,,,,,
HFZ,Hafeezpet,Telangana,17.4824,78.363,osm,,
HG,Hotgi Junction,Maharashtra,17.5653,75.9896,osm,,
HGA,Hogla,West Bengal,22.255,88.452,osm,,হোগলা
HGH,Haidergarh,Uttar Pradesh,26.6209,81.3639,osm,,
HGI,Hagari,Karnataka,15.1511,77.0553,osm,,ಹಗರಿ
HGJ,Harduaganj,Uttar Pradesh,27.9908,78.1291,osm,,
HGL,Harangul,Maharashtra,18.3905,76.4959,osm,,
HGR,Hemagir,Odisha,21.8761,83.7428,osm,,
HGT,Hinganghat,Maharashtra,20.5426,78.8332,osm,,
HGY,Hooghly,West Bengal,22.9052,88.3761,osm,,
HHD,Hunsi Hadgil,Karnataka,17.3528,76.6468,osm,,
HHG,Hehegara Halt,Jharkhand,23.7886,84.2671,osm,हेहेगड़ा हॉल्ट,
HHL,Hirehalli,Karnataka,13.2807,77.1888,osm,,ಹಿರೇಹಳ್ಳಿ
HHP,Harhar Fatehpur,Uttar Pradesh,29.5624,77.3877,osm,,
HHR,Hridaypur,West Bengal,22.711,88.47,osm,,
HHT,Habhanghatta,Karnataka,13.227,76.25,osm,,ಹಬ್ಬನಗಟ್ಟ
HIH,Hajigarh,West Bengal,23.0063,88.1216,osm,,
HIJ,Hijli,West Bengal,22.3197,87.3193,osm,,
HIL,Hilsa,Bihar,25.3174,85.277,osm,,
HIND,Hind,Uttar Pradesh,29.5291,77.363,osm,,
HIP,Haldipada,Odisha,21.5715,86.9968,osm,,
HIR,Harinagar,Bihar,27.1563,84.3243,osm,हरिनगर,
HIS,Hisua,Bihar,24.8596,85.4178,datameet,,
HISE,Hirisave,Karnataka,12.9472,76.5745,osm,,
HIVR,Hiwarkheda,Maharashtra,21.4319,78.1129,datameet,,
HJI,Hojai,Assam,26.002,92.8517,osm,होजाई,হোজাই
HJL,Hejjala,Karnataka,12.8484,77.4183,osm,,ಹೆಜ್ಜಾಲ
HJLI,Hugrajuli Halt,Assam,26.806,92.3593,osm,,
HJN,Howrah Jn Cabin,West Bengal,22.5835,88.3428,datameet,,
HJO,Harangajao,Assam,,,,,
HJP,Hajipur Junction,Bihar,25.7019,85.2149,osm,हाजीपुर,
HK,Helak,Rajasthan,27.2341,77.3746,osm,,
HKD,Hailakandi,Assam,24.6813,92.568,osm,,
HKG,Hirakud,Odisha,21.4798,83.9054,osm,,
HKH,Haranyakheri,Madhya Pradesh,22.5852,75.7777,osm,,
HKL,Harkia Khal,Madhya Pradesh,24.3631,74.919,osm,,
HKNT,Hiwarkhed,Maharashtra,21.4056,78.0678,osm,,
HKP,Hakimpur,Uttar Pradesh,28.8796,78.6591,osm,,
HKR,Hiwarkhed,Maharashtra,21.1867,76.8748,osm,,
HLAR,Hole Alur,Karnataka,15.8203,75.6467,osm,,ಹೊಳೆ ಆಲೂರು
HLB,Hadala Bhal,Gujarat,22.4864,72.1311,osm,,
HLD,Haludpukur,Jharkhand,22.6047,86.1485,osm,,
HLDD,Haldi Road,Uttarakhand,29.0393,79.4594,osm,,
HLDR,Haldaur,Uttar Pradesh,29.2906,78.2751,osm,,
HLE,Heelalige,Karnataka,12.8133,77.7111,osm,,ಹೀಲಲಿಗೆ ರೈಲು ನಿಲ್ದಾಣ
HLG,Hill Grove,Tamil Nadu,11.342,76.8357,osm,,ஹில்குரோவ்
HLIN,Holding Line,Uttar Pradesh,26.4383,80.2602,datameet,,
HLK,Holalkere,Karnataka,14.0402,76.1309,osm,,ಹೊಳಲ್ಕೆರೆ
HLKH,Hallikhed,Karnataka,17.8483,77.2772,osm,,
HLKK,Hallikherk,,,,,,
HLKT,Halakatta,Karnataka,17.0427,76.9918,osm,,ಹಲಕಟ್ಟ
HLN,Hole Narsipur,Karnataka,12.7854,76.2466,osm,,ಹೊಳೆನರಸೀಪುರ
HLP,Haldharpur,Uttar Pradesh,25.9633,83.6791,osm,,
HLR,Halisahar,West Bengal,22.921,88.437,osm,,
HLTS,Halkatta Sharief,Karnataka,17.0171,76.9926,datameet,,
HLV,Haliyuru,Karnataka,14.2105,76.3089,osm,,ಹಳಿಯೂರು
HLW,Hirnawali,Rajasthan,29.7101,74.2723,osm,,
HLX,Hilara,Assam,24.942,92.6029,osm,हिलारा,হিলারা
HLZ,Haldia,West Bengal,22.0446,88.0655,osm,,
HM,Hadmatiya,Gujarat,22.4285,70.471,osm,,
HMA,Humma,Odisha,19.4435,85.0763,osm,,
HMB,Harebetta,Karnataka,12.8232,75.6222,osm,,
HMBD,Humanabad,Karnataka,17.7715,77.1394,osm,,
HME,Hamre,Jammu and Kashmir,34.2226,74.5122,osm,हामरे,
HMG,Hamirgarh,Rajasthan,25.1875,74.6176,osm,,
HMH,Hanumangarh Junction,Rajasthan,29.6117,74.2936,osm,,
HMI,Himmatana,Punjab,30.4524,75.8662,osm,,
HMK,Hindumalkot,Rajasthan,30.1365,73.9166,osm,,
HML,Helem,Assam,26.873,93.4528,osm,,
HMO,Hanumangarh Town,Rajasthan,29.5744,74.3312,osm,,
HMP,Hempur,Uttar Pradesh,27.6165,80.5707,osm,,
HMPR,Hurmujpur Halt,Uttar Pradesh,25.7215,83.3523,datameet,,
HMQ,Himmatpura,Haryana,29.7479,75.8645,osm,,
HMR,Hamira,Punjab,31.456,75.4332,osm,,
HMRR,Hamarapur,Maharashtra,18.7839,73.0792,osm,,
HMT,Himmatnagar Junction,Gujarat,23.5919,72.9603,osm,,
HMY,Harmuti Junction,Assam,27.119,93.8606,osm,,
HMZ,Hind Motor,West Bengal,22.6837,88.3418,osm,,
HN,Hathbandh,Chhattisgarh,21.6314,81.8458,osm,,
HNA,Honnavar,Karnataka,14.3159,74.4324,osm,,ಹೊನ್ನಾವರ
HNB,Hasnabad,West Bengal,22.5711,88.9135,osm,,
HNC,Hindan Cabin,Uttar Pradesh,29.94,77.5972,datameet,,
HND,Hindol Road,Odisha,20.7684,85.4239,osm,,
HNDR,Hendegir,Jharkhand,23.6976,85.1771,osm,,
HNEO,Hathbandh,Chhattisgarh,21.6319,81.8458,datameet,,
HNG,Hirangaon,Uttar Pradesh,27.1757,78.3146,osm,,
HNH,Hanumanahalli,Karnataka,14.3587,75.9985,osm,,ಹನುಮನಹಳ್ಳಿ
HNHL,Harnahalli,Karnataka,14.0485,75.4591,osm,,ಹಾರನಹಳ್ಳಿ
HNK,Hanakere,Karnataka,12.5656,76.981,osm,,ಹನಕೆರೆ
HNL,Hingoli Deccan,Maharashtra,19.7267,77.1478,osm,,
HNM,Hinautaramban,Madhya Pradesh,24.5694,80.9647,osm,,
HNMN,Hanuman Circle,Andhra Pradesh,15.1491,77.3768,osm,,
HNN,Harana Kalan,Haryana,28.945,77.0389,osm,,
HNPA,Handapa,Odisha,20.9433,84.6847,osm,,
HNR,Hansara,Assam,27.5543,95.5396,osm,हेंसारा,
HNS,Hansi,Haryana,29.0881,75.9475,osm,हांसी,
HNSL,Haslang P.H.,Jharkhand,23.0824,86.0303,osm,हसलंग,
HNU,Hanspura,Madhya Pradesh,24.1314,75.6476,osm,,
HNZM,Delhi Hazrat Nizamuddin,Delhi,28.587,77.2539,datameet,,
HOD,Haldita Bihar,Bihar,26.1656,87.3589,osm,,
HOH,Honaganahalli,Karnataka,16.681,75.7319,osm,,ಹೊನಗನಹಳ್ಳಿ
HOJ,Hamiltonganj,West Bengal,26.6888,89.421,osm,,
HOL,Hol,Maharashtra,21.1981,74.7856,osm,,
HP,Haripur,Rajasthan,26.0142,74.0302,osm,,
HPA,Hampapura,Karnataka,12.4845,76.397,osm,,ಹಂಪಾಪುರ
HPG,Huppuguda,Telangana,17.3415,78.4825,osm,,
HPGM,Haripurgram,Odisha,20.1374,85.7057,osm,,
HPH,Hanumapura,Karnataka,15.9726,77.3067,osm,,ಹನುಮಾಪುರ
HPI,Harapatti,Bihar,25.8833,87.1521,osm,,
HPKA,Hinotia Pipalkhera,Madhya Pradesh,24.5313,77.7996,osm,,
HPL,Haripal,West Bengal,22.8316,88.1192,osm,,
HPLB,Hatpuraini,Bihar,25.1553,86.9846,datameet,,
HPLE,Hatpuraini,Bihar,25.1434,86.9858,osm,,
HPO,Hasanpur Road,Bihar,25.7148,86.1858,osm,,
HPP,Harpalpur,Madhya Pradesh,25.2903,79.3336,osm,,
HPR,Hirapur,Maharashtra,20.4245,74.9366,osm,,
HPRD,Hapa Road,Gujarat,23.5432,72.9413,osm,,
HPT,Hosapete Junction,Karnataka,15.2865,76.3866,osm,होसपेटे जंक्शन,ಹೊಸಪೇಟೆ ಜಂಕ್ಷನ್
HPU,Hapur Junction,Uttar Pradesh,28.7395,77.779,osm,,
HQR,Hirenanduru,Karnataka,17.2582,76.8721,osm,,ಹಿರೆನಂದೂರ
HR,Harpalu,Rajasthan,28.5692,75.4911,osm,,
HRB,Harri,Chhattisgarh,22.8273,81.8824,osm,,
HRBR,Harubera,Jharkhand,23.5002,85.7604,osm,,
HRD,Harsud,Madhya Pradesh,,,,,
HRDR,Harsar Dehri,Himachal Pradesh,32.105,76.0377,osm,हरसर देहरी,
HRE,Hirodih,Jharkhand,24.3828,85.5966,osm,हीरोडीह,
HRF,Hathras Qila,Uttar Pradesh,27.5948,78.0583,osm,,
HRG,Hirdagarh,Madhya Pradesh,22.1422,78.5169,osm,,
HRH,Harthala,Uttar Pradesh,28.872,78.7356,datameet,,
HRI,Hardoi,Uttar Pradesh,27.4001,80.1475,osm,हरदोई,
HRM,Hadmadiya,Gujarat,20.9348,70.8409,osm,,
HRN,Harauni,Uttar Pradesh,26.7063,80.7479,osm,,
HRNG,Harpur Nag Halt,Bihar,26.3859,85.0768,osm,,
HRNR,Hira Nagar,Jammu and Kashmir,32.4871,75.2682,osm,,
HRNS,Harinsing,Jharkhand,24.2394,87.5741,osm,,
HRO,Harua Road,West Bengal,22.6619,88.6906,osm,,
HRPG,Harpalganj,Uttar Pradesh,25.9472,82.405,osm,,
HRR,Harihar,Karnataka,14.5153,75.811,osm,हरिहर,ಹರಿಹರ
HRS,Hathras Junction,Uttar Pradesh,27.6246,78.1373,osm,,
HRSB,Hiller Shahabad,Jammu and Kashmir,33.5675,75.1921,osm,,
HRSN,Harisinga,Assam,26.7253,91.9866,osm,,
HRSR,Harish Nagar Halt,West Bengal,23.4698,88.778,osm,,
HRT,Harnaut,Bihar,25.3717,85.5406,osm,,
HRV,Harrad,Madhya Pradesh,23.1613,81.904,osm,,
HRW,Harrawala,Uttarakhand,30.2602,78.0972,osm,,
HSA,Hasimara,West Bengal,26.7269,89.3473,osm,,
HSB,Hasan Bazar,Bihar,25.279,84.3637,osm,,
HSD,Hosadurga Road,Karnataka,13.8626,76.1331,osm,,ಹೊಸದುರ್ಗ ರಸ್ತೆ
HSDA,Hansdiha,Jharkhand,24.6115,87.0855,osm,,
HSI,Harsauli,Rajasthan,27.8652,76.615,osm,,
HSJ,Hussain Sagar J,Telangana,17.4264,78.4619,datameet,,
HSK,Harishanker Rd,Odisha,20.6271,82.7653,osm,,
HSL,Hisvahal,Maharashtra,20.2812,74.5603,osm,,
HSM,Hausnagar,West Bengal,24.6467,87.9499,datameet,,
HSP,Hasanparthi Road,Telangana,18.078,79.5023,osm,,
HSQ,Husainpur,Punjab,31.3117,75.3295,osm,,
HSR,Hisar Junction,Haryana,29.1523,75.7246,osm,,
HSRA,Hosur,Tamil Nadu,12.7183,77.823,osm,,ஓசூர்
HSWS,Hansiawas,Rajasthan,28.8389,75.3522,osm,,
HSX,Hoshiarpur,Punjab,31.5243,75.906,osm,,
HSY,Harsingpur Goba,Uttar Pradesh,27.4301,79.4986,osm,,
HT,Hotar,West Bengal,22.3093,88.3997,osm,,
HTA,Hatighisa,West Bengal,26.6876,88.2423,datameet,,
HTC,Hathras City,Uttar Pradesh,27.5998,78.0545,osm,,
HTCY,HITEC City,Telangana,17.4698,78.3854,osm,,
HTD,Hatundi,Rajasthan,26.3656,74.6493,osm,,
HTE,Hatia,Jharkhand,23.3094,85.3085,osm,हटिया,
HTGR,Hathigadh,Gujarat,21.5822,71.4256,osm,,
HTJ,Hathras Road,Uttar Pradesh,27.623,78.1384,osm,,
HTK,Hatkanangale,Maharashtra,16.7477,74.4212,osm,,
HTL,Hathikali,Assam,25.6401,93.1015,osm,हातीखाली,
HTN,Hatanpur,Madhya Pradesh,21.7565,78.3481,osm,,
HTNL,Hitnal,Karnataka,15.3286,76.3087,osm,,ಹಿಟ್ನಾಳ
HTT,Hatta Road,Madhya Pradesh,21.7053,80.2079,osm,,
HTW,Hathua,Bihar,26.3689,84.3402,osm,,
HTZ,Hathidah Junction,Bihar,25.3659,85.9874,osm,,
HTZU,Hathidah Junction Upper Station,Bihar,25.3674,85.9884,osm,,
HUK,Holambi Kalan,Delhi,28.8016,77.1025,osm,,
HUN,Hunasenahalli,Karnataka,13.4003,77.9467,osm,,
HUP,Hindupur,Andhra Pradesh,13.8188,77.4999,osm,,
HVD,Halvad,Gujarat,23.0182,71.1834,osm,,
HVL,Honnavalli Road,Karnataka,13.2754,76.3683,osm,,ಹೊನ್ನವಳ್ಳಿ ರಸ್ತೆ
HVM,Hamsavaram,Andhra Pradesh,17.3162,82.4896,osm,,
HVR,Haveri,Karnataka,14.7948,75.4111,osm,,ಹಾವೆರಿ
HW,Haridwar,Uttarakhand,29.9475,78.1543,osm,हरिद्वार,
HWH,Howrah Junction,West Bengal,22.5829,88.3428,osm,,
HWHG,Howrah Goods,West Bengal,22.5901,88.3347,osm,,
HWR,Hatwar,Bihar,26.0443,87.8929,osm,हटवार,
HWT,Hanwant,Rajasthan,26.0633,73.0058,osm,,
HWX,Habaipur,Assam,25.8715,92.9854,osm,,
HX,Kadapa,Andhra Pradesh,14.4516,78.8293,osm,कडपा,
HXR,Hansapore,Gujarat,20.9056,72.9264,osm,,
HYA,Hadiyaya,Punjab,30.3448,75.4952,osm,,
HYB,Hyderabad Deccan Nampally,Telangana,17.3924,78.4676,osm,,హైదరాబాద్ దక్కన్ నాంపల్లి
HYG,Hooghly Ghat,West Bengal,,,dropped: trains zig-zag through it,,
HYL,Hadyal,Rajasthan,28.5318,75.268,osm,,
HYT,Haiaghat,Bihar,26.0202,85.8783,osm,,
HZBN,Hazaribag Town,Jharkhand,23.9832,85.3404,osm,,
HZD,Hazaribagh Road,Jharkhand,24.1746,85.8919,osm,हजारीबाग रोड,
HZN,Hazrat Nagar Halt,Uttar Pradesh,28.6333,78.6659,datameet,,
HZR,Hafizpur,Uttar Pradesh,28.6725,77.7865,osm,,
IAA,Indara Junction,Uttar Pradesh,25.9875,83.6198,osm,इन्दारा जंक्शन,
IAM,Mai,Bihar,25.1692,84.9871,osm,,
IB,Ib,Odisha,21.8163,83.949,osm,ईब,ଈବ୍
IBH1,Ibh1,Odisha,21.8619,83.6259,datameet,,
IBH2,Ibh2,Odisha,21.8748,83.7941,datameet,,
IBH3,Ibh3,Chhattisgarh,22.0162,82.8925,datameet,,
IBH4,Ibh4,Chhattisgarh,22.0299,82.4312,datameet,,
IBH5,Ibh5,Chhattisgarh,22.0198,82.6201,datameet,,
IBH6,Ibh6,Chhattisgarh,22.0212,82.7379,datameet,,
IBHA,Ibha,Chhattisgarh,21.2066,81.3846,datameet,,
IBHC,Ibhc,Chhattisgarh,21.3864,81.742,datameet,,
IBHD,Ibhd,Chhattisgarh,21.4438,81.7635,datameet,,
IBHE,Ibhe,Chhattisgarh,21.6008,81.8152,datameet,,
IBHF,Ibhf,Chhattisgarh,21.6825,81.8961,datameet,,
IBHG,Ibhg,Chhattisgarh,21.7752,81.9884,datameet,,
IBHH,Ibhh,Chhattisgarh,21.8464,82.0575,datameet,,
IBL,Indrabil,West Bengal,23.4452,86.7817,osm,,
ICBN,Icbn,Uttar Pradesh,25.2974,83.1666,osm,,
ICG,Ichchangadu,Tamil Nadu,11.3706,79.2194,osm,,
ICL,Ichauli,Uttar Pradesh,25.5216,80.1792,osm,,
ICP,Ichchiputtur,Tamil Nadu,13.1328,79.6389,datameet,,
IDAR,Idar,Gujarat,23.8362,73.0115,osm,,
IDG,Indragarh Sumerganj Mandi,Rajasthan,25.7283,76.2328,osm,इंद्रगढ़ सुमेरगंज मंडी,
IDGH,Indergarh,Madhya Pradesh,25.7779,77.7386,osm,,
IDGJ,Iradatganj,Uttar Pradesh,25.318,81.8194,osm,,
IDH,Idgah Agra Jn,Uttar Pradesh,27.1727,77.9978,datameet,,
IDJ,ldalhond,Karnataka,15.696,74.5238,osm,,
IDL,Indalvai,Telangana,18.5494,78.2451,osm,,
IDM,Indemau,Uttar Pradesh,26.3183,80.767,datameet,,
IDP,Indupalli,Andhra Pradesh,16.4794,80.8771,osm,,
IDR,Indi Road,Karnataka,17.2109,75.9189,osm,,ಇಂಡಿ ರಸ್ಕೆ
IDS,Ishardaspur,Uttar Pradesh,25.9478,81.254,datameet,,
IDT,Sidlagatta,Karnataka,13.3921,77.8641,osm,,
IFCO,Iffco Cabin,Gujarat,23.1792,72.5357,datameet,,
IFFC,Iffco Cabin,Gujarat,23.2121,72.5201,datameet,,
IGL,Iringal,Kerala,11.5487,75.6096,osm,,
IGP,Igatpuri,Maharashtra,19.6944,73.5639,osm,इगतपुरी,
IGPX,Igpx,,,,,,
IGR,Ingur,Tamil Nadu,11.2256,77.5874,osm,,
IGRL,Ingorala,Gujarat,21.8223,71.6821,osm,,
IGTA,Ingohta,Uttar Pradesh,25.7582,80.1269,osm,,
IGU,Irugur Junction,Tamil Nadu,11.0159,77.0678,osm,,
IHP,Inchhapuri,Haryana,28.3201,76.7189,osm,,
IJ,Itaunja,Uttar Pradesh,27.0778,80.893,osm,,
IJK,Irinjalakuda,Kerala,10.3407,76.2808,osm,,
IK,Ikran,Rajasthan,27.2116,77.6083,osm,,
IKC,Ikarchala,,,,,,
IKD,Ikdori,Madhya Pradesh,26.0544,76.9517,osm,,
IKI,Itikyala,Telangana,16.0738,77.8527,osm,,
IKK,Ikkar,Uttarakhand,29.8919,78.1003,osm,,
IKR,Iklehra,Madhya Pradesh,22.208,78.7089,osm,,
ILA,Silaiman,Tamil Nadu,9.86751,78.2011,osm,,
ILO,Illoo,Jharkhand,23.3182,85.8656,osm,,
IMBG,Imlibigha Halt,Bihar,25.3008,85.5314,datameet,,
IMGE,Ismailpur,Bihar,24.8151,84.7236,osm,,
IMLI,Imli,Bihar,25.5555,86.3029,osm,,
IMR,Ibrahimpur,Karnataka,16.8034,75.7199,osm,,ಇಬ್ರಾಹಿಂಪುರ
INCI,Ishan Chandi Halt,West Bengal,23.3342,87.739,osm,,
INDB,Indore Junction,Madhya Pradesh,22.717,75.8685,osm,इंदौर जंक्शन,
INDM,Indore Junction MG,Madhya Pradesh,22.7171,75.8681,datameet,,
INDR,Indira Nagar,Tamil Nadu,12.9961,80.2497,osm,,இந்திரா நகர்
INDRG,Indrg,,,,,,
INJ,Innanje,Karnataka,13.2565,74.7615,osm,इनंजे,
INK,Intakanne,Telangana,17.7285,79.8612,osm,,
INP,Indapur,Maharashtra,18.2991,73.2447,osm,इन्दापुर,
INS,Indas,West Bengal,23.1574,87.6347,osm,,
IP,Ichhapur,West Bengal,22.7998,88.3739,osm,,
IPG,Ippuguda,Telangana,17.8018,79.3272,osm,,
IPL,Idappalli,Kerala,10.0345,76.2988,osm,,
IPM,Ichchapuram,Andhra Pradesh,19.1115,84.6807,osm,,
IPPM,Ipurupalem,Andhra Pradesh,15.8519,80.3853,osm,,
IPPN,Ipurupalem Halt,Andhra Pradesh,15.8523,80.3855,datameet,,
IPR,Islampur,Bihar,25.1375,85.2172,osm,,
IPRA,Hazi Md Mohsin Halt,West Bengal,22.9723,88.3953,osm,,
IQB,Iqbalpur,Uttarakhand,29.8751,77.8029,osm,,
IQG,Iqbal Gadh,Gujarat,24.3464,72.534,osm,,
IRA,Israna,Haryana,29.2784,76.8367,osm,,
IRN,Irgaon,Jharkhand,23.4216,84.7833,osm,इरगाँव,
IRP,Eravipuram,Kerala,8.86679,76.6247,osm,,
ISA,Isarda,Rajasthan,26.1702,76.0303,osm,,
ISH,Isarwara,Madhya Pradesh,23.9268,78.5484,osm,,
ISHN,Ishanagar,Madhya Pradesh,24.854,79.3933,osm,,
ISM,Ismaila Haryana,Haryana,28.7997,76.7399,osm,,
ISRI,Isapur Khera,Haryana,29.2163,76.5929,osm,,
ITA,Itola,Gujarat,22.1504,73.1569,osm,,
ITE,Intiyathok,Uttar Pradesh,27.2934,82.0359,osm,इंटियाथोक,
ITKL,Itayakalan,Madhya Pradesh,23.0554,77.541,osm,,
ITKY,Itki,Jharkhand,23.3521,85.1277,osm,इटकी,
ITMA,Itarsi Marshaling Yard,Madhya Pradesh,22.6063,77.7594,datameet,,
ITR,Itwari,Maharashtra,21.1578,79.1192,datameet,,
ITRN,Itwari Jn (Ng),Maharashtra,21.1569,79.1183,datameet,,
IVL,Illavalengal,Tamil Nadu,8.93851,77.8725,osm,,
IZN,Izatnagar Junction,Uttar Pradesh,28.3889,79.4214,osm,,
J,Jalna,Maharashtra,19.8318,75.8909,osm,जालना,जालना
JA,Jaliya,Gujarat,21.8155,71.6326,osm,,
JAA,Jhalda,West Bengal,23.3695,85.9734,osm,,
JAB,Yamuna Bridge,Uttar Pradesh,27.1922,78.0389,osm,यमुना ब्रिज,
JAC,Jalsu,Rajasthan,26.8465,74.1992,osm,,
JACN,Jalsu Nanak,Rajasthan,26.8684,74.25,osm,,
JADR,Jadar,Gujarat,23.7458,72.9523,osm,,
JAG,Jalalgarh,Bihar,25.9526,87.53,osm,जलालगढ,
JAIS,Jais,Uttar Pradesh,26.2622,81.5191,datameet,,
JAJ,Jhajha,Bihar,24.7729,86.3863,osm,,
JAK,Jakanur,Karnataka,15.8383,75.6491,osm,,ಜಕನೂರ
JAL,Jawali,Rajasthan,25.4631,73.3969,osm,,
JALD,Jalia Devani,Gujarat,22.4243,70.4203,osm,,
JAM,Jamnagar,Gujarat,22.493,70.0535,osm,,
JAMA,Jama,Jharkhand,24.3425,87.1532,osm,,
JAN,Jarangdih,Jharkhand,23.7698,85.9298,osm,,
JAO,Jaora,Madhya Pradesh,23.6291,75.1159,osm,,
JAQ,Jandrapeta,Andhra Pradesh,15.8097,80.3343,osm,,
JAR,Junair Halt,Bihar,25.2736,85.2507,datameet,,
JARI,Jari,Gujarat,24.5866,72.0609,osm,,
JAT,Jammu Tawi,Jammu and Kashmir,32.706,74.88,osm,,
JATP,Jaitpura,Uttar Pradesh,26.7493,78.8884,osm,,
JAU,Jhaua,Bihar,25.6132,87.7755,osm,,
JAUA,Jamua,Jharkhand,24.3584,86.1542,osm,,
JBB,Jambur,Gujarat,21.0332,70.5933,osm,,
JBCN,Joda Block Cabin,Odisha,22.0242,85.4338,datameet,,
JBD,Jalalabad,Punjab,30.6075,74.2692,osm,,
JBG,Jung Bahadurgnj,Uttar Pradesh,27.7691,80.1729,osm,,
JBK,Jaggambhotla Krishnapuram,Andhra Pradesh,15.552,79.0721,osm,,
JBN,Jogbani,Bihar,26.4028,87.2637,osm,जोगबनी,
JBO,Jamadoba,Jharkhand,23.7008,86.4104,osm,,
JBP,Jabalpur,Madhya Pradesh,23.165,79.9513,osm,,
JBPN,Jabalpur Jn (Ng),Madhya Pradesh,23.1642,79.9508,datameet,,
JBR,Jahangirabad Rj,Uttar Pradesh,26.9742,81.2476,osm,,
JBS,Jadoli Ka Bas,Rajasthan,27.5397,76.8809,osm,,
JBU,Jabugam,Gujarat,22.2873,73.7613,osm,जबुगाम,જબુગામ
JBW,Jhabelwali,Punjab,30.5091,74.5998,osm,,
JBX,Jabri,Madhya Pradesh,23.2936,76.8905,osm,,
JCH,Jetha Chandan,Rajasthan,27.0001,71.3065,osm,,
JCL,Jadcherla,Telangana,16.753,78.142,osm,,
JCN,Juni Chavand,Gujarat,21.3857,70.6848,osm,,
JCNR,Juichandra,Maharashtra,19.3605,72.8723,osm,जूचंद्र,जूचन्द्र
JCU,Jaicholi,Rajasthan,27.1308,77.3975,osm,,
JCY,Jind City,Haryana,29.3098,76.3176,osm,,
JDA,Jasoda,Uttar Pradesh,27.0838,79.8192,osm,,
JDB,Jagdalpur,Chhattisgarh,19.0665,82.0139,osm,जगदलपुर,
JDD,Jerthi Dadhia,Rajasthan,27.7307,75.201,osm,,
JDDA,Jetha,Chhattisgarh,22.0166,82.8753,osm,,
JDH,Jam Jodhpur,Gujarat,21.9067,70.0313,osm,,
JDI,Jharadih,Chhattisgarh,22.0004,83.0492,osm,,
JDL,Jagdevwala,Rajasthan,28.3262,73.4771,osm,,
JDN,Jagudan,Gujarat,23.5159,72.4034,osm,,જગુદણ રેલ્વે સ્ટેશન
JDNF,Jagudan,Gujarat,23.5221,72.4019,datameet,,
JDNM,Jagudan,Gujarat,23.5219,72.4017,datameet,,
JDNX,Joginder Nagar,Himachal Pradesh,31.9892,76.7895,osm,जोगिंदर नगर,
JDP,Jadavpur,West Bengal,22.495,88.375,osm,,যাদবপুর
JDPR,Jagdishpur,Jharkhand,24.2731,86.5255,datameet,,
JDPT,Jagdishpur,Bihar,25.1482,86.9846,datameet,,
JDR,Jiwdhara,Bihar,26.5785,84.9068,osm,,
JDW,Jarauda Nara,Uttar Pradesh,29.4035,77.7051,osm,,
JEA,Nakaha Jungle,Uttar Pradesh,26.8022,83.3604,osm,,
JEN,Jenapur,Odisha,20.8512,86.0656,osm,,
JEP,Jeonathpur,Uttar Pradesh,25.2319,83.0626,osm,,
JER,Jaleswar,Odisha,21.7976,87.2201,osm,,
JERD,Jenapur Ph,Odisha,20.0186,85.787,datameet,,
JES,Jaitsar,Rajasthan,29.3453,73.6622,osm,,
JET,James Street,Telangana,17.433,78.4873,osm,,
JEUR,Jeur,Maharashtra,18.2612,75.1623,osm,,
JFD,Jiadhal,Assam,27.4515,94.5031,osm,,
JFG,Jafarganj,Uttar Pradesh,26.3603,82.5823,datameet,,
JGA,Jogiara,Bihar,26.407,85.7459,osm,,
JGBR,Jogeswar Bihar,Jharkhand,23.7455,85.6265,osm,,
JGD,Jagadishpur,Jharkhand,24.2728,86.5251,osm,जगदीशपुर,
JGDL,Jagaddal,West Bengal,22.8517,88.3954,osm,,
JGE,Jagannath Temple Gate,Kerala,11.7386,75.5082,osm,,
JGF,Jogidih,Uttar Pradesh,24.2764,83.0528,osm,,
JGG,Jangiganj,Uttar Pradesh,25.3053,82.3503,osm,,
JGI,Jhagadiya,Gujarat,21.7267,73.1493,osm,झगडिया जंक्शन,
JGJ,Jagesharganj,Uttar Pradesh,26.0276,81.9289,datameet,,
JGJN,Jugijan,Assam,26.0394,92.8028,osm,,
JGKS,Jigni Khas,Uttar Pradesh,25.8022,84.0063,datameet,,
JGLP,Jatinga Lampur,Assam,25.1109,92.9496,osm,जाटिंगा लामपुर,
JGM,Jhargram,West Bengal,22.4544,86.9982,osm,,
JGN,Jagraon,Punjab,30.8008,75.4725,osm,,
JGNR,Jogendranagar,Tripura,23.8114,91.3074,osm,,
JGP,Jalalpur,Bihar,26.5869,84.3128,osm,,
JGR,Jaswantnagar,Uttar Pradesh,26.873,78.8937,osm,,
JGW,Jogiwala,Punjab,31.0947,75.063,osm,,
JGWL,Jagjeevan Halt,Bihar,25.548,84.6291,osm,,
JGX,Jariagarh,Jharkhand,23.0088,84.9867,datameet,,
JGZ,Jamgaon,Madhya Pradesh,22.4189,80.1979,osm,,
JHA,Jakhaura,Uttar Pradesh,24.8708,78.4005,osm,,
JHBN,Jhamatpur Baharan,West Bengal,23.75,88.0987,datameet,,
JHD,Jehanabad,Bihar,25.2265,84.9911,osm,जहानाबाद,
JHDC,Jehanabad Court,Bihar,25.2003,84.9845,osm,,
JHG,Jhingura,Uttar Pradesh,25.124,82.6533,osm,,
JHH,Jhalra Halt,Uttar Pradesh,29.4203,78.1764,datameet,,
JHIR,Jhir,Rajasthan,26.8527,76.1155,osm,,
JHJ,Jhajjar Junction,Haryana,28.5934,76.6388,osm,,
JHK,Jethuke,Punjab,30.2886,75.3191,osm,,
JHL,Jakhal Junction,Haryana,29.8031,75.8208,osm,,
JHMR,Jhimri,Jharkhand,23.0714,86.0788,osm,झिमरी,
JHN,Jakhim,Bihar,24.8289,84.5265,osm,,
JHP,Juhjarpur,Madhya Pradesh,22.5981,77.7558,datameet,,
JHSA,Jhansi A Cabin,Uttar Pradesh,25.4195,78.5458,datameet,,
JHT,Junheta,Madhya Pradesh,22.7831,78.5973,osm,,
JHW,Jhalawar Road,Rajasthan,24.5421,75.9203,osm,,
JHWR,Jhawar,Punjab,32.0033,75.3787,osm,,
JI,Jhusi,Uttar Pradesh,25.4312,81.9161,osm,,
JIA,Jigna,Uttar Pradesh,25.1576,82.318,osm,,
JID,Jagi Road,Assam,26.1254,92.1973,osm,,
JIGT,Jirighat,Assam,24.8041,93.1077,osm,,
JIL,Jalila Road,Gujarat,22.2428,71.8034,osm,,
JIND,Jind Junction,Haryana,29.3296,76.2895,osm,,
JIR,Jira Road,Gujarat,21.4505,71.3454,osm,,
JIT,Jirat,West Bengal,23.0975,88.4616,osm,,
JITE,Jite,Maharashtra,18.8201,73.0868,osm,,
JJ,Jajau,Uttar Pradesh,26.9341,77.9362,osm,,
JJA,Jajan Patti,Uttar Pradesh,27.3552,77.5744,osm,,
JJG,Jiaganj,West Bengal,24.2443,88.2772,osm,,
JJJ,Jaijon Doaba,Punjab,31.3499,76.1335,osm,,
JJK,Jhinjhak,Uttar Pradesh,26.5548,79.7347,osm,,
JJKR,Jajpur Keonjhar Road Junction,Odisha,20.9436,86.1331,osm,,
JJN,Jhunjhunun,Rajasthan,28.1071,75.39,osm,,
JJP,Jhanjharpur Junction,Bihar,26.2303,86.2707,osm,झंझारपुर,
JJPR,Jhanjharpur Bazar,Bihar,26.2606,86.283,osm,झंझारपुर बाजार,
JJR,Jejuri,Maharashtra,18.2872,74.1717,osm,,
JJT,Jai Jai Wanti,Haryana,29.1683,76.3685,osm,,
JJW,Jojwa,Gujarat,22.2506,73.6389,osm,,
JK,Jakolari,Punjab,32.2188,75.5456,osm,,
JKA,Jakhvada,Gujarat,23.0844,72.1553,osm,,
JKAR,Jaklair,Telangana,16.5783,77.6073,osm,,
JKB,Jakhalabandha,Assam,26.5804,92.9906,osm,,
JKDP,Janakadeipur,Odisha,19.8895,85.8191,osm,,
JKE,Jukehi,Madhya Pradesh,23.9858,80.4325,osm,,
JKH,Jahanikhera,Uttar Pradesh,27.7441,80.2397,osm,,
JKHI,Jakhod Khera,Haryana,29.2098,75.5738,osm,,
JKI,Kauriaa Jungle,Uttar Pradesh,26.8772,83.3019,osm,,
JKL,Jalal Khali,West Bengal,23.3471,88.514,osm,,
JKM,Jankampet,Telangana,18.7027,78.0539,osm,,
JKN,Jakhanian,Uttar Pradesh,25.7409,83.3697,osm,,
JKNI,Jharkhandi,Uttar Pradesh,27.4332,82.1804,osm,झारखण्डी,
JKO,Jakkalacheruvu,Andhra Pradesh,15.1087,77.7279,osm,,
JKP,Jharekapur,Uttar Pradesh,27.6752,80.7287,osm,,
JKPR,Jakhapura Junction,Odisha,20.9163,86.0647,osm,,
JKR,Jaulkhera,Madhya Pradesh,21.8604,78.1998,osm,,
JKS,Jaksi,Gujarat,23.1975,72.0985,osm,,
JKT,Jekot,Gujarat,22.8659,74.1596,osm,,
JKZ,Jita Kheri,Haryana,29.0122,75.9875,osm,जीता खेड़ी,
JL,Jalgaon Junction,Maharashtra,21.018,75.5632,osm,,
JLBR,Jhaluarbar,West Bengal,22.6275,88.2522,osm,,
JLD,Jarwal Road,Uttar Pradesh,27.1207,81.5404,osm,जरवल रोड,
JLF,Julmi,Rajasthan,24.6027,75.9864,osm,,
JLG,Jawalgaon (Deccan),Maharashtra,19.3866,77.7935,osm,,
JLHI,Jhilahi,Uttar Pradesh,27.069,82.1778,osm,,
JLI,Jalasi,West Bengal,22.5882,88.0578,osm,,
JLL,Jalalganj,Uttar Pradesh,25.6111,82.7733,osm,,
JLLO,Jhilo,Rajasthan,27.8484,75.8851,osm,,
JLM,Jaliya Math,Gujarat,23.2237,72.8741,osm,,
JLN,Jakhalaun,Uttar Pradesh,24.5472,78.342,osm,,
JLQ,Jalpur,Uttar Pradesh,28.995,78.8588,osm,,
JLR,Jetalsar Junction,Gujarat,21.7292,70.5743,osm,,
JLRF,Jetalsar Jn,Gujarat,21.7296,70.5741,datameet,,
JLS,Jalesar Road,Uttar Pradesh,27.4467,78.1703,osm,,
JLT,Jhamat,Uttar Pradesh,27.2055,83.344,osm,,
JLW,Jhalwara,Madhya Pradesh,23.7725,80.4742,osm,,
JLWC,Jhalawar City,Rajasthan,24.5803,76.1465,osm,,
JLY,Jhilmili,Madhya Pradesh,22.0541,79.1543,datameet,,
JM,Jalamb Junction,Maharashtra,20.8128,76.573,osm,,
JMB,Jambusar Junction,Gujarat,22.0464,72.8141,osm,जम्बूसर जंक्शन,જંબુસર જંક્શન
JMBC,Jambusar City,Gujarat,,,,,
JMBL,Jambhali,Maharashtra,19.1667,77.5928,osm,,
JMD,Jamdha,Maharashtra,20.5736,74.9863,osm,,
JMDG,Jammalamadugu,Andhra Pradesh,14.8473,78.3978,osm,,
JMG,Jamga,Chhattisgarh,21.8751,83.5644,osm,,
JMI,Jamuguri,Assam,26.3861,93.9592,osm,जामगुरी,জামগুৰি
JMIR,Jamira Halt,Bihar,25.5575,84.7056,osm,,
JMK,Jamunamukh,Assam,26.1095,92.7405,osm,,
JMKL,Jamuniya Kalan,Madhya Pradesh,24.4068,74.8929,osm,,
JMKR,Jawalamukhi Road,Himachal Pradesh,32.0162,76.2266,osm,,
JMKT,Jammikunta,Telangana,18.29,79.4767,osm,,
JML,Jumnal,Karnataka,16.7219,75.7142,osm,,
JMM,Jaimurtinagar F,Bihar,26.8369,85.0661,datameet,,
JMN,Jamuawan,Bihar,24.8144,85.2937,osm,,
JMNR,Jamner,Maharashtra,20.8064,75.7749,osm,,
JMP,Jamalpur Junction,Bihar,25.3153,86.4934,osm,,
JMPT,Jimidipeta,Odisha,19.0446,83.4223,osm,,
JMQ,Jamirghata,West Bengal,24.9167,88.0679,osm,,
JMRA,Jamira,Assam,24.3185,92.5279,osm,,
JMS,Jamsar,Rajasthan,28.2444,73.3898,osm,,
JMSY,Jmsy,,,,,,
JMT,Jamtara,Jharkhand,23.9593,86.806,osm,जामताड़ा,
JMU,Jamui,Bihar,24.9727,86.2551,osm,,
JMV,Jambara,Madhya Pradesh,21.9429,78.2516,osm,,
JMX,Jamuni,Jharkhand,23.7696,86.2034,osm,,
JN,Jhund Junction,Gujarat,23.1607,71.9342,osm,,
JNA,Julana,Haryana,29.1212,76.3955,osm,,
JND,Junagadh Junction,Gujarat,21.5294,70.4578,osm,,
JNDO,Jehanabad Court,Bihar,25.2012,84.9842,datameet,,
JNE,Janiyana,Rajasthan,25.8268,72.3368,osm,,
JNH,Janghai Junction,Uttar Pradesh,25.55,82.3101,osm,,
JNK,Jhinkpani,Jharkhand,22.4207,85.7712,osm,झींकपानी,
JNKR,Janakinagar,Bihar,25.882,87.1195,osm,जानकीनगर,
JNL,Jandiala,Punjab,31.5892,75.0569,osm,,
JNM,Jaynagar Majilpur,West Bengal,22.1695,88.416,osm,जयनगर मजिलपुर,জয়নগর মজিলপুর
JNN,Jamuniatand,Jharkhand,23.7549,86.1919,osm,,
JNNA,Jamuniatanr Halt,Jharkhand,23.7543,86.1871,osm,जमुनिया टाँड़,
JNO,Junnordeo,Madhya Pradesh,22.1914,78.5921,osm,,
JNP,Jagannathapur,Odisha,19.3304,84.8678,osm,,
JNR,Janakpur Road,Bihar,26.4688,85.7008,osm,,
JNRD,Junagarh Road,Odisha,19.8738,82.9467,osm,,
JNRI,Jalindri,Rajasthan,25.2919,75.3856,osm,,
JNT,Jaintipura,Punjab,31.7729,75.1028,osm,,
JNTR,Jinti Road,Maharashtra,18.325,74.8779,osm,,
JNU,Jaunpur Junction,Uttar Pradesh,25.7613,82.6994,osm,,
JNUK,Jaunpur Kutcherry,Uttar Pradesh,25.7252,82.6926,datameet,,
JNX,Jagannathji Road,Rajasthan,25.2707,72.628,osm,,
JNZ,Jenal,Gujarat,24.3277,72.0383,osm,,
JO,Jagabor,Gujarat,23.7402,73.4538,osm,,
JOA,Janwal,Maharashtra,18.5594,76.7555,osm,,
JOB,AsaIpur Jobner,Rajasthan,26.9005,75.4244,osm,,
JOBA,Joba,Madhya Pradesh,24.09,81.7027,osm,,
JOC,Joychandi Pahar,West Bengal,23.5172,86.6812,osm,,
JOH,Juharpura,Rajasthan,28.1958,74.8406,osm,,
JOK,Jodhka,Haryana,29.4927,75.2187,osm,,
JOL,Jogal,Odisha,21.7026,86.8753,osm,,
JOM,Jogi Magra,Rajasthan,26.6983,73.8192,osm,,
JON,Jonha,Jharkhand,23.3587,85.6095,osm,,
JONA,Jonha,Jharkhand,,,,,
JONR,Jeonara,Madhya Pradesh,22.4644,80.0842,osm,,
JOO,Jamai Osmania,Telangana,17.4116,78.5182,osm,,
JOP,Jaunpur City,Uttar Pradesh,25.7337,82.6669,osm,,
JOQ,Jorai,West Bengal,26.4549,89.8045,osm,,
JOR,Jalor,Rajasthan,25.3543,72.6342,osm,,
JOS,Jogeshwari (Western Line),Maharashtra,19.1361,72.8489,osm,जोगेश्‍वरी,जोगेश्‍वरी
JOX,Janai Road,West Bengal,22.7214,88.2653,osm,,
JP,Jaipur Junction,Rajasthan,26.9208,75.7866,osm,जयपुर जंक्शन,
JPAH,Jagdishpur Halt,Bihar,,,,,
JPD,Jalalpur Dhai,Uttar Pradesh,26.0083,81.1558,osm,,
JPE,Jalpaiguri Road,West Bengal,26.5592,88.7094,osm,,
JPG,Jalpaiguri,West Bengal,26.5186,88.724,osm,जलपाईगुड़ी,
JPH,Jhantipahari,West Bengal,23.3536,86.9047,osm,,
JPI,Jhadupudi,Andhra Pradesh,19.0281,84.613,osm,,
JPL,Japla,Jharkhand,24.539,84.0029,osm,,
JPM,Jiyapuram,Tamil Nadu,10.8732,78.6062,osm,,
JPML,Jai Prakash Mahuli,Bihar,25.4538,85.5988,osm,,
JPO,Jora Alapur,Madhya Pradesh,26.3446,77.8023,osm,,
JPP,Jalalpur Panwara,Uttar Pradesh,27.0623,79.8736,datameet,,
JPQ,Jhapandanga,West Bengal,23.0639,88.0911,osm,,
JPR,Jakpur,West Bengal,22.3626,87.3896,osm,,
JPRD,Jenapur Road,Odisha,20.0182,85.7863,osm,,
JPS,Jamalpur Shaikhan,Haryana,29.6999,75.8569,osm,,
JPV,Jamtara Paraswara,Madhya Pradesh,23.092,79.9604,datameet,,
JPZ,Jogighopa,Assam,26.2404,90.5755,osm,,
JRA,Jaraikela,Odisha,22.3094,85.1134,osm,,
JRAE,Jaugram,West Bengal,23.0795,88.0801,osm,,
JRBM,Jiribam,Assam,24.8024,93.1165,osm,,
JRC,Jalandhar Cantonment Junction,Punjab,31.3073,75.6312,osm,,
JREA,Jhareda,Rajasthan,27.4752,77.0352,osm,,
JRG,Jugpura,Odisha,21.6688,86.9129,osm,,
JRJ,Jargaon,Uttar Pradesh,28.5535,78.7673,osm,,
JRK,Jeruakhera,Madhya Pradesh,23.9731,78.4802,osm,,
JRKN,Jorkian,Rajasthan,29.6626,74.2853,osm,,
JRKT,Jadarama Kunti,Karnataka,16.2823,75.8374,osm,,
JRL,Jharli,Haryana,28.5067,76.3738,osm,,
JRLE,Jangipur Road,West Bengal,24.4591,88.0413,osm,,
JRLI,Jaroli,Odisha,21.9524,85.4191,osm,,
JRMG,Jairamnagar,Chhattisgarh,22.0337,82.2973,osm,,
JRNA,Jirania,Tripura,23.8269,91.4309,osm,,
JRO,Jiron,Uttar Pradesh,24.608,78.3613,osm,,
JRPD,Jarapada,Odisha,20.8851,84.8876,osm,,
JRQ,Jharokhas,Uttar Pradesh,24.1795,83.1641,osm,झारो खास,
JRR,Jugaur,Uttar Pradesh,26.8816,81.0889,osm,,
JRRI,Jrri,Uttar Pradesh,25.3082,83.1786,datameet,,
JRS,Joravasan,Gujarat,20.7308,72.9662,osm,,
JRT,Jarati,Odisha,18.8908,82.6655,osm,,
JRTR,Jurtara,Madhya Pradesh,22.2537,79.7622,osm,,
JRU,Chikjajur Junction,Karnataka,14.1238,76.1399,osm,चिक्कजाजुर जंक्शन,ಚಿಕ್ಕಜಾಜೂರು ಜಂಕ್ಷನ್
JRV,Juna Rajuvadia,Gujarat,21.8168,73.3566,osm,जूना राजुवडिया,
JRW,Joramow,Jharkhand,24.2037,86.7054,osm,,
JRWN,Jirwan,Madhya Pradesh,21.682,76.5008,osm,,
JRX,Juriagaon,Assam,26.4401,92.6537,osm,,
JRZ,Joranda Road,Odisha,20.6223,85.6418,osm,,
JSA,Jasai,Rajasthan,25.7214,71.2307,osm,,
JSB,Yamuna South Bank,Uttar Pradesh,25.9025,80.2269,osm,,
JSC,Jalesar City,Uttar Pradesh,27.4601,78.3059,osm,,
JSD,Jaisindar,Rajasthan,25.7559,70.3592,osm,जैसिंधार,
JSG,Jharsuguda Junction,Odisha,21.8632,84.0189,osm,झारसुगुड़ा जंक्शन,ଝାରସୁଗୁଡ଼ା ଜଙ୍କସନ
JSGR,Jharsuguda Road,Odisha,21.8461,84.0115,osm,झारसुगुड़ा रोड़,ଝାରସୁଗୁଡ଼ା ରୋଡ଼
JSH,Jaswantgarh,Rajasthan,27.6676,74.4429,osm,,
JSI,Jasali,Gujarat,24.1682,71.909,osm,,
JSKA,Jataula Jauri Sampka,Haryana,28.3728,76.7994,osm,,
JSL,Jassowal,Punjab,30.8001,75.8321,osm,,
JSM,Jaisalmer,Rajasthan,,,dropped: trains zig-zag through it,,
JSME,Jasidih Junction,Jharkhand,24.5153,86.6442,osm,जसीडीह जंक्शन,
JSP,Jayasingpur,Maharashtra,16.7907,74.551,osm,,
JSPN,Jaspalon,Punjab,30.7848,76.0806,osm,,
JSPR,Jashapar,Gujarat,21.8421,69.8739,osm,,
JSR,Jasra,Uttar Pradesh,25.2812,81.7763,osm,,
JSRD,Jhankad Sarala Road,Odisha,20.2907,86.3049,osm,,
JSRY,Jharsuguda R Yard,Odisha,21.8876,84.0719,datameet,,
JSS,Jasia,Haryana,29.0184,76.6548,osm,,
JSV,Jarandeswar,Maharashtra,17.7506,74.0771,osm,,
JTB,Jagatbela,Uttar Pradesh,26.7716,83.2793,osm,,
JTDM,Jatdumri Junction,Bihar,25.4722,85.0944,osm,जटडुमरी जंक्शन,
JTG,Jatinga,Assam,25.1326,93.008,datameet,,
JTH,Jhok Tahal Singh,Punjab,30.8005,74.4866,osm,,
JTI,Jaithari,Madhya Pradesh,23.0449,81.7967,osm,,
JTIN,Jethian,Bihar,24.9294,85.3142,osm,,
JTJ,Jolarpettai Junction,Tamil Nadu,12.564,78.5784,osm,जोलारपेट्टै जंक्शन,ஜோலார்பேட்டை சந்திப்பு
JTK,Jhitkia,West Bengal,25.6253,88.0633,osm,झिटकिया,ঝিটকিয়া
JTKN,Jaitpur Kalan,Uttar Pradesh,26.8349,78.7105,osm,,
JTL,Jhapater Dhal,West Bengal,23.353,87.7506,osm,,
JTN,Jotana,Gujarat,23.4644,72.2995,osm,,
JTO,Jutogh,Himachal Pradesh,31.1014,77.1224,osm,,
JTP,Jetpur,Gujarat,21.7357,70.645,osm,,
JTR,Jatkanhar,Chhattisgarh,21.1792,80.8218,osm,,
JTRD,Jath Road,Maharashtra,17.2183,75.1117,osm,,
JTS,Jatusana,Haryana,28.3301,76.5213,osm,,
JTT,Jumma Patti,Maharashtra,19.0018,73.3026,osm,जुम्‍मा पट्टी,
JTTN,Jorhat Town,Assam,26.7502,94.2163,osm,जोरहाट टाउन,যোৰহাট টাউন
JTU,Jaitipur,Uttar Pradesh,26.6633,80.6891,osm,,
JTV,Jetalvad,Gujarat,21.353,70.8248,osm,,
JTW,Jaitwar,Madhya Pradesh,24.7407,80.8637,osm,,
JTX,Jatpipli,Gujarat,23.076,71.7026,osm,,
JTY,Jethi,Gujarat,24.2969,72.5097,osm,,
JU,Jodhpur,Rajasthan,26.2839,73.0227,osm,,
JUA,Jarauna,Uttar Pradesh,25.5571,82.3991,datameet,,
JUBS,Jubbasahani,Bihar,26.1749,85.3698,datameet,,
JUC,Jalandhar City Junction,Punjab,31.3312,75.5907,osm,,
JUCT,Jodhpur Cantt.,Rajasthan,26.3128,73.093,osm,,
JUD,Yamunanagar-Jagadhri,Haryana,30.1168,77.2876,datameet,,
JUDW,Jagadhri Workshop,Haryana,30.1359,77.2423,osm,,
JUH,Jujharpur,Madhya Pradesh,22.605,77.7564,datameet,,
JUJA,Jujumura,Odisha,21.2416,84.1344,osm,,
JUK,Jaulka,Maharashtra,20.2848,77.0753,osm,,
JUL,Jhulasan,Gujarat,23.3257,72.4722,osm,,
JULF,Jhulasan,Gujarat,23.3265,72.4711,datameet,,
JUNC,Junc,,,,,,
JUNX,Junona,Maharashtra,19.4761,77.1618,osm,,
JUP,Jhunpa,Rajasthan,28.7658,75.5138,osm,,
JUR,Jutturu,Andhra Pradesh,14.9785,77.8975,osm,,
JUYA,Jodhpuriya,Rajasthan,25.0767,74.824,osm,,
JVA,Javale,Maharashtra,17.2994,75.1586,osm,,
JVL,Jamwala,Gujarat,20.9708,70.772,osm,,
JVN,Joravar Nagar,Gujarat,22.7129,71.641,osm,,
JVT,Jivanti Halt,West Bengal,24.0805,88.1924,datameet,,
JW,Jatwara,Rajasthan,26.8696,76.2172,osm,,
JWB,Jawai Bandh,Rajasthan,25.1144,73.1475,osm,,
JWK,Jawaharpur Kamsan,Uttar Pradesh,27.5248,78.5883,datameet,,
JWKA,Jandwala,Punjab,30.3584,74.0297,osm,,
JWL,Jajiwal,Rajasthan,26.3677,73.2222,osm,,
JWLS,Jawanwala Shahr,Himachal Pradesh,32.1421,76.0045,osm,जवांवाला शहर,
JWN,Jiwa Arain,Punjab,30.6565,74.3399,osm,,
JWNR,Jawaharnagar,Tripura,23.9198,91.9018,osm,,
JWO,Jawad Road,Madhya Pradesh,24.5585,74.7652,osm,,
JWP,Jwalapur,Uttarakhand,29.9284,78.1208,osm,,
JWS,Jharwasaa,Rajasthan,26.1954,74.7052,osm,,
JXN,Jirona,Maharashtra,19.4082,77.9503,osm,,
JYG,Jaynagar,Bihar,26.5903,86.1356,osm,जयनगर,
JYK,Jonekarang,Assam,27.7847,95.1612,osm,,
JYM,Jai Samand Road,Rajasthan,24.2215,73.869,osm,,
JYP,Jeypore,Odisha,18.896,82.554,osm,जयपुर,ଜଇପୁର
KAA,Kaurara,Uttar Pradesh,27.0288,78.6648,osm,कौरारा,
KAD,Khandala,Maharashtra,18.7549,73.3767,osm,खंडाला,
KADH,Khairadih Halt,Bihar,25.0362,84.056,osm,,
KADI,Kadi,Gujarat,23.2925,72.3267,osm,,
KADL,Kumradol,Bihar,24.662,87.0647,osm,,
KADR,Kadiyadra,Gujarat,23.8823,73.0574,osm,,
KAG,Kodaganuru,Karnataka,14.3304,76.0336,osm,,ಕೊಡಗನೂರು
KAGA,Kurhagada,,,,,,
KAGR,Kahangarh,Punjab,29.8359,75.7457,osm,,
KAH,Kalhar,Madhya Pradesh,23.977,78.0575,osm,,
KAI,Kairla,Rajasthan,25.8474,73.1952,osm,,
KAJ,Kaliyaganj,West Bengal,25.639,88.3276,osm,कालियागंज,কালিয়াগঞ্জ
KAJG,Karanjgaon,Maharashtra,19.9497,74.9248,osm,,
KAKN,Kaimarakalan,Madhya Pradesh,26.1707,77.2037,osm,,
KAL,Kallal,Tamil Nadu,9.97232,78.6677,osm,कल्लल,கல்லல்
KALD,Kalanad,Kerala,,,,,
KALI,Kaili,Uttar Pradesh,28.7902,77.7514,osm,,
KALN,Kalana,Rajasthan,29.0067,75.1719,osm,,
KALS,Kalas,Karnataka,15.0865,75.3901,osm,,ಕಳಸ
KAMA,Kamta Halt,Bihar,25.3367,85.2779,datameet,,
KAMG,Kamakhyaguri,West Bengal,26.4769,89.7299,osm,कामाख्यागुड़ी,
KAMP,Kamalpur,Uttar Pradesh,28.1635,77.8554,osm,,
KAMR,Khurrampur,Bihar,25.1687,85.2213,datameet,,
KAN,Khana Junction,West Bengal,23.3214,87.7696,osm,,
KANJ,Kanij,Gujarat,22.8659,72.7056,osm,,
KANL,Kanl,,,,,,
KANO,Kanoh,Himachal Pradesh,30.9919,77.1175,osm,,
KANS,Kansiya Nes,Gujarat,21.2536,70.65,osm,,
KAO,Kalubathan,Jharkhand,23.7592,86.6615,osm,,
KAOT,Kaotha,Maharashtra,20.7374,78.3774,osm,,
KAP,Kalianpur,Uttar Pradesh,26.5033,80.2527,osm,,
KAPE,Kakapor,Jammu and Kashmir,33.9531,74.9135,osm,,
KAPG,Kalupara Ghat,Odisha,19.8971,85.4034,osm,,
KAPM,Kottapalem,Andhra Pradesh,,,,,
KAPP,Khariapipra Halt,Bihar,25.2436,86.6275,datameet,,
KAQ,Kolanukonda,Andhra Pradesh,16.4484,80.6045,osm,,
KAR,Karna,Uttar Pradesh,27.3201,80.1982,osm,कर्ण,
KARD,Kaman Road,Maharashtra,19.3367,72.9191,osm,कामन रोड,कामण रोड
KARH,Kakraha Rest House,Uttar Pradesh,28.0962,81.3196,osm,ककरहा रेस्ट हाउस,
KARJ,Karjhausa,,,,,,
KARK,Karaikkurichchi,Tamil Nadu,8.67913,77.5368,osm,,
KARO,Khario P.H.,Jharkhand,23.8266,86.1916,osm,,
KARR,Kharar,Punjab,30.7267,76.6362,osm,,
KART,Kiratpur Sahib,Punjab,31.1867,76.5629,osm,,
KASH,Kultham Abdulla Shah,Punjab,31.2032,75.8454,osm,,
KASR,Kanas Road,Odisha,20.0623,85.7433,osm,,
KASU,Kasu,Maharashtra,18.6414,73.0793,osm,,
KAT,Khatauli,Uttar Pradesh,29.2739,77.7375,osm,,
KATA,Katili,Uttar Pradesh,27.6164,80.6007,osm,,
KATB,Khatkura,West Bengal,22.4775,86.9314,osm,,
KATI,Kanthi,West Bengal,21.7885,87.7339,osm,,
KATL,Katol,Maharashtra,21.2634,78.5905,osm,काटोल,
KATR,Katariya,Gujarat,23.285,70.6143,osm,,
KAU,Kachna,West Bengal,25.6338,88.0249,osm,कचना,কাচনা
KAUA,Kathautia,Jharkhand,24.1717,85.2248,osm,,
KAV,Kalamna,Maharashtra,21.1679,79.1409,osm,,
KAVI,Kavi,West Bengal,22.4723,88.3981,datameet,,
KAVM,Kathivakkam,Tamil Nadu,13.204,80.3166,osm,,
KAVR,Kalavur,Kerala,9.56799,76.3186,osm,,
KAW,Khajuri,Madhya Pradesh,25.5605,77.6169,osm,,
KAWL,Kandwal,Himachal Pradesh,32.28,75.7771,osm,,
KAWR,Karwar,Karnataka,14.8202,74.1826,osm,,ಕಾರವಾರ
KAWT,Kanwat,Rajasthan,27.5871,75.6758,osm,,
KAY,Karaimadai,Tamil Nadu,11.2393,76.9584,osm,,காரமடை
KAYI,Kaydi Halt,Madhya Pradesh,21.7953,80.1093,osm,,
KAYR,Kayar,Maharashtra,19.9067,78.9073,osm,,
KB,Khairabad Awadh,Uttar Pradesh,27.5221,80.7397,osm,,
KBA,Kurabalakota,Andhra Pradesh,13.6672,78.4854,osm,,
KBE,Kurebhar,Uttar Pradesh,26.4101,82.112,osm,,
KBGB,Komagata Maru Budge Budge,West Bengal,22.4928,88.1944,datameet,,
KBGH,Karea Kadambagachhi,West Bengal,22.7046,88.535,osm,,
KBGN,Khubagaon,Maharashtra,20.963,78.2393,osm,,
KBH,Khandbara,Maharashtra,21.3048,74.0451,osm,,
KBI,Kambarganvi,Karnataka,15.4634,74.8294,osm,,ಕಂಬಾರಗಣವಿ
KBJ,Kantabanji,Odisha,20.474,82.9073,osm,कंटाबांजी,କଣ୍ଟାବାଞ୍ଜି
KBK,Khamil Ghat,Rajasthan,25.5559,73.866,osm,,
KBKN,Khabra Kalan,Haryana,29.3451,75.3817,osm,,
KBL,Koppala,Karnataka,15.3539,76.1449,osm,,ಕೊಪ್ಪಳ
KBM,Kotabommali,Andhra Pradesh,18.4881,84.1996,osm,,
KBN,Karbigwan,Uttar Pradesh,26.1979,80.506,osm,,
KBP,Kuberpur,Uttar Pradesh,27.223,78.1309,osm,,
KBPR,Kabaka Puttur,Karnataka,12.7687,75.2047,osm,कबक पुुत्तूर,ಕಬಕ ಪುತ್ತೂರು
KBQ,Kumrabad Rohini,Jharkhand,24.475,86.6435,osm,,
KBR,Kabrai,Uttar Pradesh,25.3852,80.0388,osm,,
KBRV,Kanjari Boriyavi Junction,Gujarat,22.6157,72.9218,osm,,
KBS,Kusmuda Block Station,Chhattisgarh,22.343,82.6801,datameet,,
KBSH,Krishna Ballabh Sahay Halt,Jharkhand,24.2584,86.4898,osm,,
KBSN,Kasbe Sukene,Maharashtra,20.0743,74.0313,osm,,
KBT,Kadambattur,Tamil Nadu,13.0998,79.8632,osm,,
KBU,Kasu Begu,Punjab,30.8695,74.6656,osm,,
KBY,Khoirabari,Assam,26.6031,91.8121,osm,,
KCA,Kuchman,Uttar Pradesh,25.3193,83.2152,osm,कुछमन,
KCAB,K-Cabin Bondamunda,Odisha,22.2333,84.9139,datameet,,
KCB,Kuslamb,Maharashtra,18.2791,75.7817,osm,,
KCC,Krishna Canal Junction,Andhra Pradesh,16.4773,80.606,osm,,
KCCN,Kccn,Rajasthan,25.2391,75.8793,datameet,,
KCD,Kurichedu,Andhra Pradesh,15.9126,79.572,osm,,
KCF,Kalchini,West Bengal,26.6877,89.4484,osm,,
KCG,Kacheguda,Telangana,17.3893,78.4992,osm,,
KCHV,Kachchanavilai,Tamil Nadu,8.57831,78.0206,osm,,
KCI,Kalikiri,Andhra Pradesh,13.6439,78.8002,osm,,
KCJ,Kasimpur,Uttar Pradesh,26.2572,81.5399,datameet,,
KCKI,Kechki,Jharkhand,23.9287,84.1466,osm,,
KCLA,Kenchanalu,Karnataka,14.0175,75.2849,osm,,
KCM,Kalasamudram,Andhra Pradesh,14.2178,78.0988,osm,,
KCN,Karchana,Uttar Pradesh,25.3136,81.916,osm,,
KCNR,Kachnara Road,Madhya Pradesh,23.8555,75.1027,osm,,
KCO,Kachhla Bridge,Uttar Pradesh,27.9368,78.8592,osm,,
KCP,Kalagapura,Karnataka,18.1582,77.1937,osm,,ಕಳಗಾಪುರ
KCR,Khonker,Madhya Pradesh,25.3123,77.5799,osm,,
KCT,Kirakat,Uttar Pradesh,25.6478,82.9186,osm,,
KCU,Kachhla Halt,Uttar Pradesh,27.9535,78.8699,osm,,
KCV,Krishna Chandrapur,Odisha,21.8249,86.8214,osm,,
KCY,Kaichar,West Bengal,23.5368,88.0116,osm,,
KCYN,Kachhiyana Halt,Bihar,25.1331,85.9801,datameet,,
KD,Kundarkhi,Uttar Pradesh,28.6805,78.7884,osm,,
KDAG,Kyatsndra Go,,,,,,
KDBA,Kodimbala,Karnataka,12.718,75.481,osm,,ಕೋಡಿಂಬಾಳ
KDBM,Khed Brahma,Gujarat,24.0297,73.0415,osm,,
KDBR,Khadki Bazar,Maharashtra,19.4084,77.836,osm,,
KDE,Koradacheri,Tamil Nadu,10.7714,79.4902,osm,,கொரடாச்சேரி
KDER,Kunder Halt,Bihar,25.01,86.2239,osm,,
KDF,Khundaur Station,Uttar Pradesh,26.0489,82.0204,osm,,
KDG,Kedgaon,Maharashtra,18.4821,74.3767,osm,,
KDGH,Kodigehalli,Karnataka,13.0631,77.5758,osm,,
KDGI,Kudgi,Karnataka,16.5175,75.8158,osm,,ಕುಡಗಿ
KDGL,Kondrapol,Telangana,16.7853,79.601,osm,,
KDH,Khardaha,West Bengal,22.7248,88.3777,osm,,
KDHA,Karachha,Madhya Pradesh,23.1048,75.9102,osm,,
KDHI,Kaladehi,Madhya Pradesh,22.8821,79.8349,osm,,
KDHL,Kundhela,Gujarat,22.2169,73.295,osm,कुंढेला,કુંઢેલા
KDHN,Kandhran,Rajasthan,28.5916,75.4591,osm,,
KDI,Kundali,Gujarat,22.2783,71.6835,osm,,
KDJ,Khudaganj,Uttar Pradesh,27.1845,79.6663,datameet,,
KDJR,Kendujhargarh,Odisha,21.6605,85.6266,osm,,
KDK,Kohdad,Madhya Pradesh,21.6847,76.3645,osm,,
KDKN,Kendukona,Assam,26.3685,91.6444,osm,,
KDL,Kankroli,Rajasthan,25.0342,73.9051,osm,,
KDLG,Kundalgarh,Rajasthan,24.0281,73.8104,osm,,
KDLR,Kandel Road,Odisha,20.1291,83.2772,osm,कान्डेल रोड,କାନ୍ଡେଲ ରୋଡ
KDM,Kesamudram,Telangana,17.6863,79.897,osm,,కేసముద్రం
KDMD,Kandambakkam,Tamil Nadu,11.8983,79.4555,osm,,
KDMR,Khodiyar Mandir,Gujarat,21.7393,72.0044,osm,,
KDN,Kudatini,Karnataka,15.2147,76.7634,osm,,ಕುಡುತಿನಿ
KDNL,Kadayanallur,Tamil Nadu,9.08569,77.363,osm,,
KDO,Kadakola,Karnataka,12.1908,76.6639,osm,,ಕಡಕೊಳ
KDP,Kondapuram,Andhra Pradesh,14.7733,78.1935,osm,,
KDPA,Khadapa,Odisha,18.9827,82.4687,osm,,
KDPR,Kumedpur Junction,Bihar,25.428,87.8067,osm,कुमेदपुर जंक्शन,
KDPS,Kadipur Sani Halt,Uttar Pradesh,27.863,80.7793,osm,,
KDQ,Kadipur,Uttar Pradesh,25.4484,83.0912,osm,,
KDRA,Kadampura,Bihar,,,,,
KDRD,Khuldil Road,Uttar Pradesh,24.3619,82.8563,osm,,
KDRI,Kendri,Chhattisgarh,21.1021,81.7411,osm,केन्द्री,
KDRL,Kondrapol,Telangana,16.7847,79.6003,datameet,,
KDRP,Kandarpur,Odisha,20.397,86.0182,osm,,
KDS,Kusunda Junction,Jharkhand,23.79,86.3967,osm,,
KDSB,Khadur Sahib,Punjab,31.4158,75.1166,osm,,
KDSD,Kudsad,Gujarat,21.3745,72.9153,osm,,
KDT,Khadarpet,Andhra Pradesh,14.9828,77.5426,osm,,
KDTN,Kadethan,Maharashtra,18.4779,74.4224,osm,,
KDTR,Kirodimal Nagar,Chhattisgarh,21.9272,83.3321,osm,,
KDTY,Kaduturutty,Kerala,9.75569,76.4924,osm,,
KDU,Kadambur,Tamil Nadu,9.00115,77.8635,osm,कडम्बूर,கடம்பூர்
KDUH,Kunduru,Andhra Pradesh,16.7559,82.0542,osm,,
KDV,Khadavli,Maharashtra,19.3567,73.219,osm,खडवली,
KDX,Kada Bari Halt,West Bengal,26.4808,88.7292,osm,काद बाड़ी हाट,
KDY,Kettandapatti,Tamil Nadu,12.6253,78.5709,osm,,கெட்டாண்டப்பட்டி
KDZ,Kandaghat,Himachal Pradesh,30.9663,77.1075,osm,,
KE,Khardi,Maharashtra,19.5802,73.3938,osm,खर्डी,
KEA,Katra,Uttar Pradesh,26.844,82.2044,osm,,
KEB,Karambeli,Gujarat,20.3166,72.9012,osm,,
KED,Kenduapada,Odisha,21.0302,86.3834,osm,,
KEE,Kaseetar Halt,Jharkhand,24.01,86.7465,osm,कासीटाँड़ हल्ट,
KEF,Krishnammakona,Andhra Pradesh,15.5028,78.2502,osm,,
KEG,Karengi,Uttar Pradesh,28.3432,79.0511,osm,,
KEH,Kapsethi,Uttar Pradesh,25.3576,82.7182,osm,,
KEI,Kashi,Uttar Pradesh,25.3268,83.0318,osm,,
KEJ,Kathleeghat,Himachal Pradesh,31.022,77.1035,osm,,
KEK,Karkheli,Maharashtra,18.944,77.7393,osm,,
KEM,Kem,Maharashtra,18.1768,75.2744,osm,,
KEMA,Kukma,Gujarat,23.2151,69.7719,osm,,
KEMK,Khem Karan,Punjab,31.1398,74.5535,osm,,
KEMP,Kempalsad,Maharashtra,21.0877,79.2634,datameet,,
KEMR,Kemri,Uttar Pradesh,28.8112,79.2013,osm,,
KEN,Kotala,Andhra Pradesh,13.6048,79.286,osm,,
KEP,Kelanpur,Gujarat,22.2412,73.2693,osm,केलनपुर,કેલનપુર
KEPR,Koiripur,Uttar Pradesh,26.0222,82.3404,osm,,
KEQ,Kachhpura,Madhya Pradesh,23.1707,79.8989,osm,,
KER,Kirihrapur,Uttar Pradesh,26.0437,83.7355,osm,,
KES,Kesri,Haryana,30.2654,76.9338,osm,,
KESR,Kesri Singhpur,Rajasthan,29.9509,73.6193,osm,,
KEV,Kela Devi,Rajasthan,27.0167,77.3297,osm,केला देवी,
KEX,Khekra,Uttar Pradesh,28.8714,77.289,osm,,
KEY,Kagankarai,Tamil Nadu,12.4102,78.5085,osm,,
KEZ,Kelzar,Maharashtra,19.9841,79.5671,osm,,
KFA,Koparia,Bihar,25.6622,86.5986,osm,,
KFC,Kalpattichatram,Tamil Nadu,10.5197,78.2383,osm,,
KFD,Karanjadi,Maharashtra,17.9992,73.4042,osm,,
KFE,Chottanikkara Road,Kerala,9.92447,76.376,osm,,
KFF,Kolde,Maharashtra,21.1614,73.868,osm,,
KFH,Katphal,Maharashtra,18.2331,74.5958,osm,,
KFI,Kappil,Kerala,8.77956,76.6793,osm,,
KFK,Katka,Uttar Pradesh,25.2504,82.6339,osm,,
KFN,Kanor,Rajasthan,24.4588,74.2677,osm,,
KFP,Kukrakhapa,Madhya Pradesh,21.8081,78.9088,osm,,
KFPR,Kafurpur,Uttar Pradesh,28.8657,78.3608,osm,काफूरपुर,
KFQ,Kumaranalloor,Kerala,9.61702,76.5322,osm,,
KFT,Kajri,Jharkhand,24.1252,84.0668,osm,,
KFU,Kohand,Haryana,29.4957,76.9686,osm,,
KFV,Kundara East,Kerala,8.96946,76.691,osm,,കുണ്ടറ കിഴക്ക്
KFX,Kochewahi,,,,,,
KFY,Karapgaon,Madhya Pradesh,22.9148,78.9827,osm,,
KGA,Khaga,Uttar Pradesh,25.7622,81.1013,osm,खागा,
KGB,Kargi Road,Chhattisgarh,22.2976,82.0265,osm,,
KGBS,Kishangarh Balawas,Haryana,28.2633,76.571,osm,,
KGD,Kalligudi,Tamil Nadu,9.69568,77.9741,osm,,
KGE,Katangi,Madhya Pradesh,21.7654,79.8099,osm,,
KGF,Kathghar,Uttar Pradesh,28.8254,78.7958,osm,कटघर,
KGFE,Kathghar East,Uttar Pradesh,28.8327,78.8095,datameet,,
KGFR,Kathghar Right Bank,Uttar Pradesh,28.8321,78.8082,datameet,,
KGG,Khagaria,Bihar,25.5064,86.4663,osm,खगड़िया जंक्शन,
KGH,Kotegangoor,Karnataka,13.9762,75.5276,osm,,
KGI,Kengeri,Karnataka,12.9177,77.4838,osm,,ಕೆಂಗೇರಿ
KGIH,Kalgurki,Karnataka,16.5688,75.7857,osm,,
KGK,Kankurgachhi Road,West Bengal,22.5726,88.3851,datameet,,
KGKD,Kang Khurd,Punjab,31.1258,75.2127,osm,,
KGL,Kuppagal,Andhra Pradesh,15.7269,77.2198,osm,,
KGLE,Khagraghat Road,West Bengal,24.1066,88.2265,osm,,
KGM,Kathgodam,Uttarakhand,29.2666,79.5466,osm,,
KGMR,Kangra Mandir,Himachal Pradesh,32.0974,76.2869,osm,,
KGN,Kurseong,West Bengal,26.8776,88.2772,osm,,
KGP,Kharagpur Junction,West Bengal,22.3399,87.325,osm,,
KGPW,Kgpw,,,,,,
KGQ,Kasaragod,Kerala,12.4915,74.9878,osm,कासरगोड,
KGRA,Kangra,Himachal Pradesh,32.0851,76.2627,osm,कांगड़ा,
KGS,Khongsara,Chhattisgarh,22.5513,81.9347,osm,,
KGVE,Konagavalli,Karnataka,14.0262,75.4949,osm,,
KGVL,Kadagaravalli,Karnataka,12.838,75.696,osm,,
KGW,Kariganuru,Karnataka,15.2515,76.4333,osm,,ಕಾರಿಗನೂರು
KGWD,Kagwad,,,,,,
KGX,Kanginhal,Karnataka,15.4484,75.7196,osm,,ಕಣಗಿನಹಾಳ
KGY,Kulgachia,West Bengal,22.4721,88.0206,osm,,
KGZ,Karunguzhi,Tamil Nadu,12.5321,79.9115,osm,,
KH,Kahiliya,Uttar Pradesh,27.7749,79.9602,osm,,
KHA,Khaigaon,Madhya Pradesh,22.0062,76.4778,osm,,
KHAI,Khirai,West Bengal,22.3749,87.6969,osm,,
KHAR,Khar Road,Maharashtra,19.0682,72.84,osm,खार रोड,खार रोड
KHAT,Khat,Maharashtra,21.2426,79.5506,osm,,
KHBJ,Khanna Banjari,Madhya Pradesh,23.8967,80.8225,osm,,
KHBV,Kharbhav,Maharashtra,19.2983,72.9845,osm,,
KHC,Khorana,Gujarat,22.4196,70.8392,osm,,
KHD,Khodiyar,Gujarat,23.1565,72.5482,datameet,,
KHDB,Khodiyar Junction,Gujarat,23.1559,72.5483,osm,,
KHDH,Karahdih,Bihar,25.0708,85.4337,osm,,
KHDI,Khanderi,Gujarat,22.3616,70.7173,osm,,
KHDP,Khudlapur,Uttar Pradesh,27.099,79.7803,datameet,,
KHDR,Khandrai,Haryana,29.1792,76.6747,osm,,
KHE,Kankather,Uttar Pradesh,28.8027,78.1816,osm,कांकाठेर,
KHED,Khed,Maharashtra,17.7126,73.4107,osm,खेड़,
KHF,Khantapara,Odisha,21.3965,86.8229,osm,,
KHGP,Khargapur,Madhya Pradesh,24.8461,79.1845,osm,,
KHGR,Kashinagar,West Bengal,21.905,88.2008,osm,,কাশীনগর
KHH,Kichha,Uttarakhand,28.9129,79.5197,osm,,
KHHJ,Khatkarkalan Jhandaji,Punjab,31.1642,76.0303,osm,,
KHI,Kurhani,Bihar,25.9799,85.3395,osm,,
KHJ,Khajraha,Uttar Pradesh,25.304,78.4784,osm,,
KHJA,Khanja,Uttar Pradesh,26.0874,82.7204,osm,,
KHKN,Khera Kalan,Delhi,28.7697,77.1159,osm,,
KHKT,Khotkhoti,Assam,25.9528,93.7548,osm,,
KHLL,Ketohalli,Karnataka,12.7587,77.3355,osm,,ಕೇತೋಹಳ್ಳಿ
KHM,Kusmhi,Uttar Pradesh,26.7003,83.4951,osm,,
KHMA,Khatima,Uttarakhand,28.9151,79.9694,osm,,
KHMP,Khempur,,,,,,
KHN,Khanyan,West Bengal,23.0467,88.3152,osm,,
KHNM,Kundaharnamganj,Uttar Pradesh,25.7142,81.5099,osm,,
KHNP,Khanapur Junction,Karnataka,17.9425,77.3842,osm,,ಖಾನಾಪುರ ಜಂಕ್ಷನ್
KHNR,Kachnara,Madhya Pradesh,23.8399,75.1024,osm,,
KHOH,Khoh,Uttar Pradesh,25.2101,80.9766,osm,,
KHPL,Khaliapali,Odisha,20.9491,83.536,osm,खलियापाल्लि,ଖଲିଆପାଲି
KHQ,Kharik,Bihar,25.3891,87.0165,osm,,
KHR,Khairee,Madhya Pradesh,22.3342,79.8517,osm,,
KHRA,Khachera,Rajasthan,27.53,75.6484,osm,,
KHRI,Kharkhari,Jharkhand,23.7685,86.2281,osm,,
KHRJ,Kumbhraj,Madhya Pradesh,24.3626,77.079,osm,,
KHRK,Kharak,Haryana,28.8366,76.3076,osm,,
KHRS,Khareshwar Road,Gujarat,23.0643,71.9829,osm,,
KHRY,Khairahi,Uttar Pradesh,24.802,82.9861,osm,,
KHS,Kharsia,Chhattisgarh,21.992,83.1041,osm,,
KHSN,Khera Sandhan Halt,Uttar Pradesh,27.2406,77.7271,datameet,,
KHST,Kashanatti,Karnataka,15.4394,74.7836,osm,,
KHT,Sri Kalahasti,Andhra Pradesh,13.7458,79.6833,osm,,
KHTG,Khatgaon,Maharashtra,21.2527,73.9842,osm,,
KHTN,Khutauna,Bihar,26.4945,86.3973,osm,खुटौना,
KHTU,Khatu,Rajasthan,27.1161,74.3316,datameet,,
KHTX,Khed Temple,Rajasthan,25.8606,72.1709,osm,,
KHU,Khurhand,Uttar Pradesh,25.3654,80.4788,osm,,
KHV,Karainthi,Haryana,29.0142,76.4826,osm,,
KHW,Kheroda,Rajasthan,24.571,74.0694,osm,,
KHXB,Khakhrechi,Gujarat,23.0534,70.9167,osm,,
KI,Kondapalli,Andhra Pradesh,16.6237,80.5469,osm,,కొండపల్లి
KIA,Khari Amrapur,Gujarat,23.3909,72.9128,osm,,
KIAT,Kyatsandra,Karnataka,13.3156,77.1478,osm,,ಕ್ಯಾತಸಂದ್ರ
KIB,Kizha Ambur,Tamil Nadu,8.75079,77.3993,osm,,
KIC,Kallidaikurichi,Tamil Nadu,8.6809,77.4651,osm,,
KID,Khairar Junction,Uttar Pradesh,25.4519,80.2363,osm,,
KIE,Khiria Khurd,Uttar Pradesh,27.9845,79.8862,osm,,
KIF,Kuri,Kerala,9.03501,76.8174,osm,,
KIG,Kolaghat,West Bengal,22.4338,87.8818,osm,,
KIGL,Kunigal,Karnataka,13.0166,77.0111,osm,,
KII,Kille,Tamil Nadu,11.4384,79.7233,osm,,
KIJ,Kuldiha,Odisha,22.1902,86.1891,osm,,
KIK,Karaikal,Puducherry,10.9171,79.839,osm,,
KIKA,Kurwai Kethora,Madhya Pradesh,24.1183,78.1157,osm,,
KILE,Kandivali,Maharashtra,19.2041,72.8517,osm,कांदिवली,कांदिवली
KIM,Kim,Gujarat,21.3997,72.9266,osm,,
KIN,Kapasan,Rajasthan,24.8614,74.311,osm,,
KIP,Khalilpur,Haryana,28.2753,76.6784,osm,,
KIQ,Khai Phemeki,Punjab,30.9032,74.5521,osm,,
KIR,Katihar Junction,Bihar,25.548,87.5652,osm,,
KIRB,Katihar Cbo Mb,Bihar,25.5527,87.5789,datameet,,
KIRP,Khidirpur,West Bengal,22.5376,88.3158,osm,,
KIS,Kapilas Road Junction,Odisha,20.5573,85.9931,osm,,
KISN,Kalisen,West Bengal,23.1816,87.1625,datameet,,
KIT,Khallikot,Odisha,19.611,85.1278,osm,,
KITA,Kita,Jharkhand,23.3642,85.7608,osm,,
KITN,Kheri Town,Uttar Pradesh,27.9025,80.7887,osm,,
KIU,Kinana,Haryana,29.2279,76.3355,osm,,
KIUL,Kiul Junction,Bihar,25.1716,86.1057,osm,,
KIV,Kailsa,Uttar Pradesh,28.8806,78.5608,osm,कैलसा,
KIW,Kanwalpura,Rajasthan,24.7807,75.9831,osm,,
KIY,Kalayat,Haryana,29.6789,76.2282,osm,,
KIZ,Kansudhi,Gujarat,22.7889,73.6473,osm,कानसुधी,
KJ,Kajgaon,Maharashtra,20.5736,75.1407,osm,,
KJA,Khajurhat,Uttar Pradesh,26.5273,82.1269,osm,,
KJC,Kasganj City,Uttar Pradesh,27.815,78.6581,datameet,,
KJG,Karajgi,Karnataka,14.8519,75.4084,osm,,ಕರಜಗಿ
KJGY,Khanalampura Gy,Uttar Pradesh,29.9292,77.5835,datameet,,
KJH,Kajra,Bihar,25.1823,86.2622,osm,,
KJI,Khajauli,Bihar,26.4841,86.1618,osm,खजौली,
KJJ,Kodavaluru,Andhra Pradesh,14.5645,79.9946,osm,,
KJKD,Kanjikode,Kerala,10.8003,76.7548,osm,,
KJL,Kumgaon Burti,Maharashtra,20.8696,76.3962,osm,,
KJLU,Khari Jhalu,Uttar Pradesh,29.3335,78.2149,osm,,
KJM,Krishnarajapuram,Karnataka,13.0006,77.6755,osm,,
KJME,Kajoragram,West Bengal,23.6164,87.1856,osm,,
KJMG,Kanjur Marg,Maharashtra,19.1282,72.928,datameet,,
KJN,Kannauj,Uttar Pradesh,27.0281,79.9249,osm,,
KJNC,Kannauj City,Uttar Pradesh,27.0398,79.91,datameet,,
KJP,Khojeepura,Madhya Pradesh,25.9214,76.8582,osm,,
KJPD,Kurinjipadi,Tamil Nadu,11.5727,79.5964,osm,,குறிஞ்சிப்பாடி
KJR,Kalajhari,Odisha,20.3697,85.838,datameet,,
KJRA,Karjana,West Bengal,23.3303,87.8892,osm,,
KJRM,Karjanagram,West Bengal,23.3446,87.8923,osm,,
KJS,Krishnarajasagara,Karnataka,12.401,76.5672,osm,,ಕೃಷ್ಣರಾಜಸಾಗರ
KJT,Karjat,Maharashtra,18.91,73.321,osm,कर्जत,
KJTW,Kajgaon Terhwan,Uttar Pradesh,25.6857,82.7054,datameet,,
KJU,Kuntighat,West Bengal,23.0171,88.4136,osm,,
KJV,Khijadiya Junction,Gujarat,21.7409,71.2763,osm,,
KJW,Khajwana,Rajasthan,26.9233,73.8612,osm,,
KJY,Khurja City,Uttar Pradesh,28.2535,77.8423,osm,,
KJZ,Karonji,Chhattisgarh,23.278,82.9339,osm,,
KK,Khadki,Maharashtra,18.563,73.8405,datameet,,
KKA,Kanki,West Bengal,26.0022,87.8651,osm,कानकी,কানকি
KKAE,Kaikala,West Bengal,22.8409,88.0908,osm,,
KKAH,Kankaha,Uttar Pradesh,26.6191,81.008,osm,,
KKAS,Katkamsandi,Jharkhand,24.1224,85.1984,osm,,
KKB,Karakbel,Madhya Pradesh,22.992,79.3413,osm,,
KKBA,Kakbara,,,,,,
KKD,Kalakund,Madhya Pradesh,22.4777,75.8598,osm,,
KKDE,Kurukshetra Junction,Haryana,29.9699,76.8517,osm,,
KKDI,Karaikkudi Junction,Tamil Nadu,10.0697,78.794,osm,,காரைக்குடி சந்திப்பு
KKET,Kamrup Khetri,Assam,26.1272,92.0834,osm,,
KKF,Kankaria,Gujarat,23.0088,72.6071,datameet,,
KKG,Kekatumar,Maharashtra,20.0257,77.1034,osm,,
KKGM,Kakiriguma,Odisha,18.9224,83.0068,osm,,
KKGT,Kalkalighat,Assam,24.5806,92.2955,osm,कलकलीघाट,
KKHT,Kakarghatti,Bihar,26.1835,85.9486,osm,,
KKI,Karkeli,Madhya Pradesh,23.4607,80.9211,osm,,
KKJ,Kakori,Uttar Pradesh,26.884,80.8002,osm,काकोरी,
KKK,Khakhriya,Gujarat,21.6773,70.8788,osm,,
KKL,Kala Bakra,Punjab,31.476,75.6304,osm,,
KKLR,Kaikaluru,Andhra Pradesh,16.5506,81.2177,osm,,
KKLU,Kaklur,Chhattisgarh,18.8831,81.6202,osm,,
KKM,Kamalapuram,Andhra Pradesh,14.5929,78.6663,osm,,
KKMB,Kastla Kasambad,Uttar Pradesh,28.7211,77.7103,datameet,,
KKN,Khirkiya,Madhya Pradesh,22.1659,76.859,osm,,
KKNA,Khunkhuna,Rajasthan,27.278,74.4927,osm,,
KKNH,Karukhirharnagar Halt,Bihar,25.8884,86.6096,osm,करुखिरहरनगर हॉल्ट,
KKP,Kot Kapura Junction,Punjab,30.5799,74.8174,osm,,
KKPM,Kallakkudi Palanganatham,Tamil Nadu,10.9665,78.9497,osm,,
KKPR,Kokpara,Jharkhand,22.4748,86.6346,osm,,
KKQ,Kalaikunda,West Bengal,22.3296,87.2449,osm,,
KKR,Khakhrala Road,Gujarat,22.8763,70.7499,osm,,
KKRD,Kikakui Road,Gujarat,21.1295,73.4926,osm,,
KKRH,Karahia Halt,Uttar Pradesh,25.4715,83.7715,osm,,
KKRL,Kakrala,Punjab,30.3685,76.0927,osm,,
KKRM,Kaikaram,Andhra Pradesh,16.8151,81.3641,osm,,
KKS,Kurasti Kalan,Uttar Pradesh,25.9589,80.7493,osm,,
KKT,Kath Kuiyan,Uttar Pradesh,26.857,84.0483,osm,,
KKTA,Kollikhutaha,Bihar,25.1912,86.9882,osm,,
KKTI,Kuttakudi,Tamil Nadu,11.5919,79.1544,osm,,
KKU,Kanakpura,Rajasthan,26.9292,75.7033,osm,,
KKV,Kunkavav,Gujarat,21.6531,70.9745,osm,,
KKW,Kankavali,Maharashtra,16.2594,73.7199,osm,,
KKY,Kila Kadaiyam,Tamil Nadu,8.8186,77.3809,osm,,
KKZ,Kottarakara,Kerala,9.00026,76.7659,osm,,കൊട്ടാരക്കര
KL,Kherli,Rajasthan,27.2003,77.0371,osm,,
KLA,Kulwa,Uttar Pradesh,27.9802,78.0099,osm,कुलवा,
KLAD,Kalanad,Kerala,12.4678,74.9984,osm,,
KLAR,Kulpahar,Uttar Pradesh,25.2948,79.6364,osm,,
KLAT,Kolvihir,Maharashtra,21.2555,77.8363,osm,,
KLB,Kiraoli,Uttar Pradesh,27.134,77.7859,osm,,
KLBA,Kalambha,Maharashtra,21.3444,78.5588,osm,,
KLBG,Kalaburagi,Karnataka,17.31493,76.82563,osm,,
KLCR,Katlicherra,Assam,24.453,92.547,datameet,,
KLD,Khalilabad,Uttar Pradesh,26.7751,83.0542,osm,खलीलाबाद,
KLDI,Kaldhari,Andhra Pradesh,16.836,81.6779,osm,,
KLE,Kaithal,Haryana,29.7931,76.398,osm,,
KLG,Kalunga,Odisha,22.2221,84.734,osm,कलुंगा,କଲୁଙ୍ଗା
KLGD,Kollengode,Kerala,10.627,76.6989,osm,,
KLGM,Kallagam,Tamil Nadu,11.0252,79.005,osm,,
KLGN,Kalangani,Tamil Nadu,11.3315,78.176,osm,,
KLGR,Kolaigram,West Bengal,26.5516,89.0499,osm,,
KLH,Khemli,Rajasthan,24.6929,73.8461,osm,,
KLHD,Kolhadi,Maharashtra,20.9005,76.064,osm,,
KLI,Kauli,Punjab,30.4154,76.5179,osm,,
KLJ,Kamalganj,Uttar Pradesh,27.2587,79.6303,osm,,
KLJI,Kalijai,Odisha,19.6478,85.1519,osm,,
KLK,Kalka,Haryana,30.8392,76.9316,osm,कालका,
KLKA,Koilakuntla,Andhra Pradesh,15.2212,78.3072,osm,,
KLKH,Kalladaka,Karnataka,12.8444,75.0601,osm,,
KLKR,Kalikapur,West Bengal,22.4121,88.476,osm,,
KLL,Kalol Junction,Gujarat,23.2437,72.5033,osm,,
KLLF,Kalol Jn,Gujarat,23.2444,72.5035,datameet,,
KLM,Kadlimatti,Karnataka,16.2364,75.7956,osm,,ಕಡ್ಲಿಮಟ್ಟಿ
KLMC,Kalamboli,Maharashtra,19.0345,73.115,osm,,
KLMD,Kollumangudi,Tamil Nadu,10.9807,79.6559,datameet,,
KLMG,Kalamboli Goods,Maharashtra,19.0351,73.1149,datameet,,
KLMJ,Kalhemajra,Punjab,30.3359,76.2116,osm,,
KLMR,Kalamassery,Kerala,10.0624,76.3272,osm,कलमश्शेरि,
KLNA,Kothana Halt,Bihar,24.8111,85.1943,osm,,
KLNC,Kullanchavadi,Tamil Nadu,11.6282,79.6671,osm,,
KLNK,Kalanaur Kalan,Haryana,28.8337,76.3865,osm,कलानौर कलां,
KLNP,Kalinarayanpur Junction,West Bengal,23.2081,88.5732,osm,,
KLNT,Kalinagar,West Bengal,23.3659,88.3359,osm,,
KLOD,Kelod,Maharashtra,21.4702,78.891,datameet,,
KLP,Kotalpukur,Jharkhand,24.7404,87.8238,osm,कोटालपोखर,
KLPG,Kamalpurgram,Chhattisgarh,23.1711,83.0709,osm,,
KLPM,Kailasapuram,Tamil Nadu,8.84945,77.9923,osm,कैलासपुरम,கைலாசபுரம்
KLQ,Kilikollur,Kerala,8.91813,76.6326,osm,,കിളികൊല്ലൂർ
KLRD,Kali Road,Gujarat,23.0981,72.5781,osm,,
KLRE,Khalari,Jharkhand,23.6505,85.0029,osm,,
KLRS,Kolaras,Madhya Pradesh,25.2256,77.591,osm,,
KLS,Kolatur,Tamil Nadu,10.7005,78.5472,osm,,
KLSP,Kushalpura,Haryana,28.4806,75.7685,osm,,
KLSX,Kaulseri,Punjab,30.3694,75.9391,osm,,
KLT,Kulithalai,Tamil Nadu,10.9336,78.421,osm,,குளித்தலை
KLTR,Kalmitar,Chhattisgarh,22.2348,82.0577,osm,,
KLU,Kalluru Junction,Andhra Pradesh,14.925,77.5815,osm,,
KLV,Kelve Road,Maharashtra,19.6241,72.7912,osm,केलवे रोड,केळवे रोड
KLVA,Kalva,Maharashtra,19.1952,72.9963,osm,कलवा,
KLVD,Kalavad,Gujarat,21.8997,69.8083,datameet,,
KLVR,Kolvihir,Maharashtra,21.2659,77.8543,datameet,,
KLW,Kulpi,West Bengal,22.0765,88.2558,osm,,কুলপী
KLWD,Kalitalavadi,Gujarat,22.3571,72.6441,osm,,
KLWL,Kilanwali Punjab,Punjab,30.1373,74.1153,osm,,
KLWN,Kalwan,Haryana,29.6996,75.9657,osm,,
KLX,Kolakur,Andhra Pradesh,16.2953,80.6277,osm,,
KLYG,Kalyani Ghoshpara,West Bengal,22.9819,88.4394,osm,,
KLYH,Kallur Yedahalli,Karnataka,12.4133,76.5078,osm,,ಕಲ್ಲೂರು ಯಡಹಳ್ಳಿ
KLYM,Kalyani Simanta,West Bengal,22.9877,88.428,osm,,
KLYN,Khileriyan,Rajasthan,28.2567,74.5225,osm,,
KLYS,Kalyani Shilpanchal,West Bengal,22.9763,88.4564,osm,,
KLYT,Kolayat,Rajasthan,27.8362,72.9554,osm,,
KLZ,Keolari,Madhya Pradesh,22.3751,79.9092,osm,केवलारी,
KM,Kalem,Goa,15.292,74.1844,osm,,
KMA,Kaima,Madhya Pradesh,24.611,80.8455,osm,,
KMAE,Khamargachhi,West Bengal,23.0541,88.4439,osm,,
KMAH,Kamathe,Maharashtra,17.4779,73.5159,osm,,
KMB,Kala Amba,Gujarat,20.8028,73.4558,osm,काला आंबा,કાલા આંબા
KMBL,Khambhaliya,Gujarat,22.2176,69.6579,osm,खंभालिया,
KMC,Kamareddi,Telangana,18.3252,78.336,osm,,
KMD,Kodumudi,Tamil Nadu,11.0765,77.8863,osm,,
KMDR,Karimuddin Pur,Uttar Pradesh,25.7008,83.8625,osm,,
KMEZ,Kumhar Maranga,Chhattisgarh,19.0349,81.9466,osm,,
KMGE,Kumahu,Bihar,25.0209,83.8492,osm,,
KMGH,Kamarganj,Bihar,25.2372,86.6873,osm,,
KMH,Kalamalla,Andhra Pradesh,14.6681,78.4697,osm,,
KMHT,Karmahat,Jharkhand,23.713,85.5417,osm,कर्माहाट,
KMI,Kumhari,Chhattisgarh,21.244,81.5165,osm,कुम्हारी,
KMJ,Kaimganj,Uttar Pradesh,27.5409,79.3273,osm,,
KMK,Komakhan,Chhattisgarh,20.9809,82.4568,osm,,
KMKD,Khamkhed,Maharashtra,20.9031,76.1204,osm,,
KML,Kamtaul Station,Bihar,26.3277,85.8157,osm,,
KMLI,Kamli,Gujarat,23.8626,72.376,osm,,
KMLK,Kamalapur,,,,,,
KMLM,Kelamangalam,Tamil Nadu,12.6155,77.8654,osm,,
KMLP,Kommarapudi,Andhra Pradesh,14.2769,79.9019,osm,कोम्मारपुडी,
KMLR,Kamalur,Chhattisgarh,18.8551,81.2779,osm,,
KMM,Kannamangalam,Tamil Nadu,12.7538,79.1616,osm,,
KMMD,Kirmiti Mendha,Maharashtra,20.5927,79.7697,osm,,
KMME,Kumardubi,Jharkhand,23.7476,86.7943,osm,,
KMNC,Kuchaman City,Rajasthan,27.0534,74.8513,osm,,
KMND,Kumandih,Jharkhand,23.7643,84.3652,osm,कुमण्डीह,
KMNG,Kamranga,Assam,24.8513,93.0549,osm,,
KMNN,Khamanon,Punjab,30.8079,76.3248,osm,,
KMNP,Kishan Manpura,Rajasthan,27.3009,75.5067,osm,,
KMNR,Kamalnagar,Karnataka,18.2406,77.1787,osm,,ಕಮಲನಗರ
KMP,Kamlapur,Uttar Pradesh,27.3815,80.8224,osm,,
KMPH,Kamalpur Halt,Bihar,25.5166,87.837,osm,कमालपुर हॉल्ट,
KMPS,Kumara Patnam Bg Sdg,Karnataka,14.5275,75.7801,datameet,,
KMPT,Komatipalli,Telangana,18.0234,79.5161,osm,,
KMQ,Kumbala,Kerala,12.5901,74.9436,osm,कुम्बला,കുമ്പള
KMQA,Komali,Andhra Pradesh,14.9328,77.933,osm,,
KMRA,Kamnara,West Bengal,23.2926,87.8781,osm,,
KMRD,Kalamb Road,Maharashtra,18.372,76.0493,osm,,
KMRJ,Kumarganj,West Bengal,25.2183,88.0658,osm,कुमारगंज,কুমারগঞ্জ
KMRL,Kumrul,West Bengal,23.1805,87.6039,osm,,
KMS,Karamnasi,Uttar Pradesh,25.2402,83.4309,osm,,
KMSD,Kumhar Sodra,Chhattisgarh,18.9199,81.6862,osm,,
KMSI,Kumsi,Karnataka,14.0567,75.4095,osm,,
KMST,Kamshet,Maharashtra,18.7669,73.5524,osm,कामशेत,
KMT,Khammam,Telangana,17.249,80.1392,osm,खम्मम,ఖమ్మం
KMTI,Kumarhatti,Himachal Pradesh,30.8892,77.0562,osm,,
KMU,Kumbakonam,Tamil Nadu,10.9542,79.3901,osm,कुंभकोणम,கும்பகோணம்
KMV,Karmad,Maharashtra,19.8727,75.5379,datameet,,
KMX,Komatipalli,Andhra Pradesh,18.3811,83.3414,osm,,
KMZ,Katni Murwara,Madhya Pradesh,23.8314,80.3916,osm,,
KMZA,Kankra Mirzanagar,West Bengal,22.6584,88.7218,osm,,
KN,Kadalundi,Kerala,11.134,75.8281,osm,,കടലുണ്ടി
KNAD,Kanad,Gujarat,21.6494,71.9266,osm,,
KNAR,Khanpur Ahir,Rajasthan,27.9092,76.5914,osm,,
KNB,Kaniyambadi,Tamil Nadu,12.8128,79.1252,osm,,
KNBR,Kanaibazar,Assam,24.6406,92.3239,osm,कानाईबाजार,
KNC,Kanchanpur Road,Madhya Pradesh,24.0408,81.6426,osm,,
KND,Kandra Jn,Jharkhand,22.8529,86.048,osm,कान्ड्रा जंक्शन,
KNDG,Kanhad Gaon,Madhya Pradesh,21.7412,80.2081,osm,,
KNDI,Kandrori,Himachal Pradesh,32.1846,75.6694,osm,,
KNDL,Khandel,Rajasthan,26.9527,75.2796,osm,,
KNDP,Khandip,Rajasthan,26.6409,76.912,osm,,
KNDR,Kandari,Gujarat,22.0614,73.1592,osm,,
KNDV,Kndv,,,,,,
KNE,Kishanganj,Bihar,26.0983,87.9504,osm,किशनगंज,
KNF,Khanudih,Jharkhand,23.7974,86.2025,osm,,
KNG,Kathunangal,Punjab,31.7289,75.0158,osm,,ਕੱਥੂਨੰਗਲ
KNGM,Kangam,Gujarat,,,,,
KNGN,Kanhegaon,Maharashtra,19.8168,74.5715,osm,,
KNGR,Kashinagar,Odisha,18.857,83.8763,osm,,
KNGT,Karnawas New Grain Market,Haryana,28.1339,76.5903,osm,,
KNH,Konch,Uttar Pradesh,25.9953,79.1577,osm,,
KNHE,Kanhe,Maharashtra,18.7621,73.594,osm,,
KNHN,Kanhan Junction,Maharashtra,21.2249,79.2368,osm,,
KNHP,Kanhaipur Halt,Bihar,25.4545,85.8411,osm,,
KNJ,Krishnanagar City Junction,West Bengal,23.3887,88.4935,osm,,
KNJI,Karanjali,West Bengal,22.0348,88.2457,osm,,
KNJJ,Kannjara,Maharashtra,19.6039,77.2104,osm,,
KNKD,Kankanadi,Karnataka,12.8667,74.8811,datameet,,
KNKP,Kondikoppa,Karnataka,15.431,75.4726,osm,,
KNKT,Kanakot,Gujarat,22.4883,70.8769,osm,,
KNL,Kalanwali,Haryana,29.8344,74.9803,osm,,
KNLE,Kanale,Karnataka,14.2219,74.9634,osm,,
KNLP,Kanamalopalle,Andhra Pradesh,14.4322,78.9202,osm,,
KNLS,Kanalus Junction,Gujarat,22.3195,69.8963,osm,,
KNM,Kanimahuli,West Bengal,22.4827,86.7802,osm,,
KNN,Khanna,Punjab,30.7088,76.2235,osm,,
KNNA,Khinaniyan,Rajasthan,29.3461,74.7176,osm,,
KNNK,Kanina Khas,Haryana,28.3214,76.3019,osm,,
KNNT,Kunnattur,Tamil Nadu,12.3619,78.4978,osm,कुन्नत्तुर,
KNO,Kundgol,Karnataka,15.2589,75.25,osm,,ಕುಂದಗೋಳ
KNP,Khanapur,Karnataka,15.6378,74.4997,osm,,ಖಾನಾಪುರ
KNPL,Kandanur Puduvayal,Tamil Nadu,10.1058,78.8384,osm,,கண்டனூர் புதுவயல்
KNPR,Kendrapara Road,Odisha,20.4985,85.9178,osm,,
KNPS,Kendposi,Jharkhand,22.2797,85.7269,osm,,
KNR,Kankinara,West Bengal,22.8667,88.4056,osm,,
KNRA,Kachnaria,Madhya Pradesh,23.8771,76.8696,osm,,
KNRG,Kannargoan Naka,Maharashtra,19.9437,77.1471,osm,,
KNRI,Kunuri,West Bengal,23.9163,87.611,osm,,
KNRN,Kanaroan,Jharkhand,22.6026,84.8778,osm,,
KNRT,Kuneru,Andhra Pradesh,18.9674,83.4401,osm,,
KNS,Kanchausi,Uttar Pradesh,26.5978,79.6348,osm,,
KNSN,Karnasubarna,West Bengal,24.027,88.178,osm,,
KNSR,Kanasar,Rajasthan,28.1394,73.3279,osm,,
KNT,Kanth,Uttar Pradesh,29.0594,78.6215,osm,,
KNU,Kanjh,Gujarat,23.305,72.1548,osm,,
KNVH,Kanive Halli,Karnataka,13.3264,75.9004,osm,,
KNVT,Kinwat,Maharashtra,19.6188,78.2028,osm,,
KNW,Khandwa,Madhya Pradesh,21.8236,76.3532,datameet,,
KNWF,Khandwa Jn,Madhya Pradesh,21.8239,76.3535,datameet,,
KNWS,Karanwas,Madhya Pradesh,23.8095,76.8141,osm,,
KNYR,Kaniuru,Karnataka,12.7176,75.366,osm,,ಕಣಿಯೂರು
KNZ,Kalanour,Haryana,30.0828,77.3398,osm,,
KO,Kosgi,Andhra Pradesh,15.8477,77.2364,osm,,
KOA,Karonda,Madhya Pradesh,24.3302,78.2651,osm,,
KOAA,Kolkata,West Bengal,22.6013,88.3842,osm,,
KODI,Kodi,Maharashtra,19.7101,76.0053,datameet,,
KODN,Kodumunda,Kerala,10.8173,76.1433,osm,,
KODR,Kodinar,Gujarat,20.7972,70.6957,osm,,
KOF,Marwar Kori,Rajasthan,24.912,72.2737,osm,,
KOG,Konnagar,West Bengal,22.7013,88.3425,osm,,
KOHL,Kohli,Maharashtra,21.2736,78.8079,osm,,
KOHR,Kohir Deccan,Telangana,17.6092,77.7125,osm,,
KOI,Khodri,Chhattisgarh,22.6655,81.9352,osm,,
KOJ,Kokrajhar,Assam,26.4046,90.2726,osm,कोकराझार,
KOK,Korukkupet,Tamil Nadu,13.1194,80.2785,osm,,
KOKA,Koka,Maharashtra,21.2592,79.7116,osm,,
KOL,Kolad,Maharashtra,18.392,73.2234,osm,कोलाड,
KOLA,Kotla,Andhra Pradesh,15.8116,78.0374,osm,,
KOLE,Kole,Jharkhand,23.6857,85.125,osm,,
KOLI,Kesholi,Rajasthan,24.729,76.7891,osm,,
KOLR,Kolanoor,Telangana,18.4965,79.419,osm,,
KOM,Kodikkalpalaiym,Tamil Nadu,10.7863,79.6487,datameet,,
KON,Kudalnagar,Tamil Nadu,9.94672,78.1052,osm,कूडलनगर,
KONA,Kona,West Bengal,22.6185,88.2969,osm,,
KONN,Konnur,Telangana,16.426,77.8836,osm,,
KONY,Kisoni,Madhya Pradesh,23.3042,76.377,osm,,
KOO,Khusropur,Bihar,25.4854,85.3875,osm,,
KOP,Shri Chatrapati Shahu Maharaj Terminus,Maharashtra,16.7027,74.2377,osm,,श्री छत्रपती शाहू महाराज स्थानक
KOPR,Kopar,Maharashtra,19.2124,73.0789,osm,कोपर,
KOQ,Kuthur,Tamil Nadu,10.7556,79.7186,osm,,
KORA,Kora,Gujarat,,,,,
KORI,Khori,Haryana,28.1885,76.5022,osm,,
KORL,Kural,Gujarat,22.1303,72.9318,osm,कुराल,કુરાલ
KOTA,Kota Junction,Rajasthan,25.224,75.8808,osm,कोटा जंक्शन,
KOTI,Koti,Himachal Pradesh,30.8521,76.9941,osm,,
KOTR,Korattur,Tamil Nadu,13.1131,80.1842,osm,,
KOTT,Kottur,Telangana,17.1513,78.2862,osm,,
KOU,Koduru,Andhra Pradesh,13.9487,79.3466,osm,,
KOV,Kirloskarvadi,Maharashtra,17.0832,74.4172,osm,,
KOVH,Kovvada,Andhra Pradesh,16.9666,82.2023,osm,,
KOWN,Khowang,Assam,27.2824,94.9026,osm,खोवांग,
KOX,Kachujor,West Bengal,23.8418,87.464,osm,,
KOY,Kherol,Gujarat,23.3061,72.9329,osm,,
KOZ,Kosma,Uttar Pradesh,27.1567,78.8373,datameet,,
KP,Kamptee,Maharashtra,21.2109,79.196,osm,कांपटी,
KPA,Kanchrapara,West Bengal,22.9462,88.4514,osm,,
KPAW,Kanchrapara Workshop Gate,West Bengal,22.9347,88.4448,osm,,
KPB,Kharpokhra,Bihar,27.1425,84.1529,osm,,
KPCM,Kuwarchintawa,Bihar,26.516,84.9449,osm,,
KPD,Katpadi Jn,Tamil Nadu,12.9727,79.1353,datameet,,
KPDH,Kapurdha Halt,Madhya Pradesh,22.0539,79.3042,datameet,,
KPE,Kauwapur,Uttar Pradesh,27.5142,82.2967,osm,,
KPG,Kopargaon,Maharashtra,19.9029,74.5033,datameet,,
KPGM,Karpurigram,Bihar,25.8697,85.725,osm,कर्पूरीग्राम,
KPH,Kamepalli,Andhra Pradesh,16.509,79.8266,osm,,
KPI,Kalpi,Uttar Pradesh,26.1201,79.7561,osm,,
KPJ,Kopaganj,Uttar Pradesh,26.0243,83.5723,osm,,
KPJG,Kerejanga,Odisha,20.8552,84.9764,osm,,
KPK,Kalipahari,West Bengal,23.6649,87.0163,osm,,
KPKD,Kapri Kheda,Maharashtra,21.2688,79.1185,osm,,
KPKI,Qasimpur Kheri,Uttar Pradesh,29.1828,77.286,osm,,
KPL,Kantakpalle,Andhra Pradesh,17.955,83.208,osm,,
KPLD,Kapali Road,Odisha,21.0455,86.4202,osm,,
KPLE,Kopai,West Bengal,23.7527,87.6898,osm,,
KPLH,Kotipalli,Andhra Pradesh,16.7098,82.0439,osm,,
KPLL,Kottapandillapalli,Andhra Pradesh,15.7611,80.2815,osm,,
KPLR,Koparlahar,Himachal Pradesh,32.052,76.2506,osm,कोपर लाहड़,
KPM,Kumarapuram,Tamil Nadu,9.10387,77.8313,osm,,
KPN,Kuppam,Andhra Pradesh,12.7473,78.3404,osm,,
KPNA,Kapan,Chhattisgarh,22.0261,82.4943,osm,,
KPO,Karanpura,Rajasthan,27.1231,76.7786,osm,,
KPP,Kalapipal,Madhya Pradesh,23.3331,76.835,osm,,
KPPR,Karuppur,Tamil Nadu,11.7242,78.0899,osm,करुप्पुर,
KPQ,Kannapuram,Kerala,11.984,75.3142,osm,,
KPRD,Kalyanpur Road,Bihar,25.2541,86.61,osm,,
KPRR,Kotapar Road,Odisha,19.0411,82.3084,osm,,
KPS,Kopa Samhota,Bihar,25.8518,84.653,osm,,
KPTM,Kanjiramattam,Kerala,9.86194,76.4123,osm,,
KPTN,Keshorai Patan,Rajasthan,25.3235,75.9374,osm,,
KPTO,Karanpurato,Jharkhand,25.1426,87.734,osm,करणपुरातो,
KPU,Krishnapuram,Andhra Pradesh,14.496,78.7743,osm,,
KPV,Kashipur Junction,Uttarakhand,29.2047,78.9609,osm,,
KPXR,Kaipadar Road,Odisha,20.1046,85.6395,osm,,
KPY,Karunagapalli,Kerala,9.06523,76.5446,osm,,
KPZ,Kapren,Rajasthan,25.4441,76.0858,osm,,
KQA,Kondagunta,Andhra Pradesh,14.0804,79.7946,osm,,
KQD,Khairatabad,Telangana,17.413,78.4611,osm,,ఖైరతాబాద్
KQE,Kala-Akhar,Madhya Pradesh,22.3951,77.8183,osm,,
KQI,Kalachand,Assam,25.3436,93.1333,osm,,
KQK,Kottikkulam,Kerala,12.4236,75.0239,osm,,കോട്ടിക്കുളം
KQL,Kandhla,Uttar Pradesh,29.3239,77.2925,osm,,
KQLS,Kamarkundu,West Bengal,22.8211,88.2033,osm,,
KQN,Kodaikkanal Road,Tamil Nadu,10.1787,77.9103,osm,कोडैक्कानल रोड,
KQQ,Kaukuntla,Telangana,16.5389,77.8508,osm,,
KQR,Koderma Junction,Jharkhand,24.4352,85.5279,osm,कोडरमा जंक्शन,
KQRT,Koderma Town,Jharkhand,24.4658,85.6099,osm,,
KQS,Kailaras,Madhya Pradesh,26.3038,77.619,osm,,
KQT,Kurgunta,Karnataka,17.192,77.3603,osm,,ಕುರಕುಂಟಾ
KQU,Kamarkundu,West Bengal,22.8217,88.2047,osm,,
KQV,Kinkhed,Maharashtra,20.6528,77.4087,osm,,
KQW,Kheduli,Rajasthan,26.7589,74.0143,osm,,
KQX,Kachujor,West Bengal,23.8412,87.4628,datameet,,
KQY,Kharikatia,Assam,26.6159,94.2481,datameet,,
KQZ,Kolar,Karnataka,13.124,78.1329,osm,,
KR,Kevedi,Gujarat,21.4912,73.4562,osm,,
KRA,Karepalli,Telangana,17.5108,80.2712,osm,,కారేపల్లి
KRAI,Kaher,Gujarat,21.1364,73.2942,osm,,
KRAN,Koratti Angadi,Kerala,10.2605,76.3567,osm,,
KRAP,Karapa,Andhra Pradesh,16.9063,82.1688,osm,,
KRAR,Khariar Road,Odisha,20.9013,82.511,osm,खरियार रोड़,ଖରିଆର ରୋଡ଼
KRBA,Korba,Chhattisgarh,22.3376,82.7131,osm,कोरबा,
KRBO,Karaboh,Madhya Pradesh,22.0546,79.2624,datameet,,
KRBP,Khudiram Bose Pusa,Bihar,25.9067,85.6722,osm,खुदीराम बोस पूसा,
KRBR,Kerkhabari,Assam,26.3003,90.625,datameet,,
KRC,Kiroda,Rajasthan,27.0069,74.3118,osm,,
KRCA,Karachiya Yard,Gujarat,22.3801,73.133,datameet,,
KRCD,Kharwa Chanda,Rajasthan,24.4171,73.8117,osm,,
KRD,Karad,Maharashtra,17.3096,74.2169,osm,,
KRDH,Koradih,Maharashtra,21.2492,79.1014,datameet,,
KRDL,Kirandul,Chhattisgarh,18.6389,81.2599,osm,,
KRDN,Karaundhana,Uttar Pradesh,27.0408,78.0246,osm,,
KRE,Kartarpur,Punjab,31.4329,75.4918,osm,,
KRG,Koregaon,Maharashtra,17.692,74.1491,osm,,
KRGA,Kuranga,Gujarat,22.0605,69.1701,osm,,
KRGN,Kargaon Halt,Maharashtra,20.8014,79.4134,datameet,,
KRH,Khairthal,Rajasthan,27.7978,76.6418,osm,,
KRHA,Korahia,Bihar,26.5294,86.1544,osm,,
KRHR,Kharar,Punjab,30.7263,76.636,datameet,,
KRHT,Kharahat,Assam,27.0705,94.7496,osm,,
KRI,Khapri,Maharashtra,21.0494,79.0477,osm,,
KRIH,Korai,Odisha,20.9597,86.1767,osm,,
KRJ,Khurja Juction,Uttar Pradesh,28.2074,77.8185,osm,,
KRJA,Karanja,Maharashtra,20.492,77.4813,osm,,
KRJD,Karjoda,Gujarat,24.2216,72.4571,osm,,કરજોડા
KRJN,Karanjali Halt,West Bengal,,,,,
KRJR,Karjara,Bihar,24.8089,85.1532,osm,,
KRJT,Karanja Town,Maharashtra,20.4863,77.4917,osm,,
KRKD,Karakkad,Kerala,10.7821,76.2289,osm,,കാരക്കാട്
KRKM,Khara Kameri,Rajasthan,25.35,73.944,osm,,
KRKN,Karkend,Jharkhand,23.7662,86.3696,osm,,
KRKP,Kyarakoppa,Karnataka,15.4551,74.9558,osm,,ಕ್ಯಾರಕೊಪ್ಪ
KRKR,Kurkura,Jharkhand,22.7909,84.9272,osm,कुरकुरा,
KRL,Kotarlia,Chhattisgarh,21.8837,83.483,osm,,
KRLA,Korutla,Telangana,18.8355,78.7104,osm,,
KRLI,Kurali,Punjab,30.8349,76.5721,osm,,
KRLR,Karaila Road Junction,Madhya Pradesh,24.2702,82.7252,osm,,
KRLS,Kurlasi,Madhya Pradesh,24.3556,75.7281,osm,,
KRMA,Karamtola,Jharkhand,25.2552,87.5532,osm,करमटोला,
KRMB,Karmabad Bh,Jharkhand,24.0787,85.9739,datameet,,
KRMD,Kuarmunda,Odisha,22.3047,84.7798,osm,,
KRMG,Kumaramangalam,Tamil Nadu,10.6966,78.724,osm,कुमारमंगलम,குமாரமங்கலம்
KRMI,Karmali,Goa,15.4904,73.9245,osm,करमली,
KRMP,Kumaripur,Bihar,25.4378,87.6067,osm,,
KRMR,Karimnagar,Telangana,18.459,79.1425,osm,करीमनगर,
KRND,Khorason Road,Uttar Pradesh,26.089,82.866,osm,,
KRNG,Kargaon Halt,Maharashtra,20.8009,79.413,datameet,,
KRNH,Koranahalli,Karnataka,13.6977,75.8979,osm,,ಬನ್ನಿಹಟ್ಟಿ
KRNI,Krishnai,Assam,26.0783,90.6799,osm,,
KRNN,Karnauti Halt,Bihar,25.4388,85.5426,osm,,
KRNR,Krishnaraja Nagar,Karnataka,12.445,76.3884,osm,,ಮಜ್ಜಿಗೆಪುರ
KRNT,Kurnool City,Andhra Pradesh,15.8326,78.0326,osm,,
KRNU,Konanur,Karnataka,12.0143,76.8346,osm,,ಕೋಣನೂರು
KRO,Kurawan,Madhya Pradesh,22.2053,76.9046,osm,,
KRON,Karona,Bihar,25.2628,85.0058,osm,,
KRP,Krishnapur,West Bengal,24.4065,88.2565,osm,,
KRPA,Khariapipra Halt,Bihar,25.2368,86.6449,osm,,
KRPB,Koraput B Cabin B.h.,Odisha,18.7978,82.724,datameet,,
KRPC,Kharia-Pipra Halt,Odisha,18.8074,82.7242,datameet,,
KRPP,Kuruppanthara,Kerala,9.73508,76.5105,osm,,
KRPR,Karepur,Maharashtra,18.587,76.6834,osm,,
KRPU,Koraput Junction,Odisha,18.792,82.7189,osm,,
KRQ,Karari,Uttar Pradesh,25.5308,78.5089,osm,,
KRR,Karur Junction,Tamil Nadu,10.9658,78.085,osm,,கரூர் சந்திப்பு
KRRA,Karra,Jharkhand,23.1216,85.1328,osm,कर्रा,
KRRH,Kharuara Halt,Bihar,25.4318,85.5438,datameet,,
KRRI,Khairranji,Madhya Pradesh,22.4207,80.0463,osm,,
KRS,Karisath,Bihar,25.5495,84.5633,osm,,
KRSA,Kharsaliya,Gujarat,22.705,73.5543,osm,खरसालिया,
KRSH,Karamgarh Sdrgh,Punjab,30.213,74.7486,datameet,,
KRSL,Krishnashilla,Uttar Pradesh,24.1586,82.767,osm,,
KRSW,Kohar Singh Wala,Punjab,30.7601,74.4456,osm,,
KRT,Khurahat,Uttar Pradesh,25.9853,83.4553,osm,,
KRTA,Karkatta,Jharkhand,24.2986,83.8381,osm,,
KRTH,Kiratgarh,Madhya Pradesh,22.5381,77.773,osm,,
KRTL,Kartauli,Uttar Pradesh,28.1713,79.2486,osm,,
KRTN,Kirti Nagar,Delhi,28.6476,77.1456,osm,कीर्ति नगर,
KRTR,Karota Patri Halt,Bihar,25.1527,86.0374,osm,,
KRUR,Keeranur,Tamil Nadu,10.5776,78.7858,osm,कीरनूर,கீரணூர்
KRV,Karavadi,Andhra Pradesh,15.5526,80.1135,osm,,
KRW,Kharwa,Rajasthan,26.2042,74.4261,osm,,
KRX,Kurud,Chhattisgarh,20.8497,81.7006,osm,कुरुद,
KRXA,Khara,Madhya Pradesh,21.6652,80.2038,osm,,
KRXM,Krishna Mohan,West Bengal,22.3295,88.4506,osm,,কৃষ্ণ মোহন
KRY,Kadiri,Andhra Pradesh,14.1146,78.1654,osm,,
KRYA,Kurraiya,Uttar Pradesh,28.3999,80.26,osm,कुरैया,
KRYR,Karamsad,Gujarat,22.533,72.9169,osm,,
KRZ,Kharawar,Haryana,28.8313,76.6811,osm,,
KS,Kheta Sarai,Uttar Pradesh,25.966,82.6892,osm,,
KSA,Khasa,Punjab,31.6124,74.7285,osm,,
KSAE,Kosai,Telangana,19.6385,78.335,osm,,
KSAI,Kosadi,Gujarat,21.4621,73.101,osm,,
KSAR,Kudala Sangama,Karnataka,16.3076,75.8927,osm,,ಕೂಡಲ ಸಂಗಮ
KSB,Kosamba Junction,Gujarat,21.4648,72.9549,osm,कोसंबा जंक्शन,
KSBG,Khusta Buxarg,Maharashtra,21.1997,77.4497,osm,,
KSBI,Kashia Bari,West Bengal,26.3832,88.7716,osm,,
KSBP,Keshabpur,West Bengal,22.2208,87.9501,osm,,
KSC,Kashi Chak,Bihar,25.0713,85.7202,osm,,
KSD,Keshod,Gujarat,21.2981,70.2515,osm,,
KSDE,Karsindhu,Haryana,29.3913,76.7313,osm,,
KSE,Kosad,Gujarat,21.2612,72.8675,osm,कोसाड़,
KSF,Khalispur,Uttar Pradesh,25.5267,82.8309,osm,,
KSG,Kishangarh,Rajasthan,26.5756,74.8249,osm,,
KSGL,Karasangal,Tamil Nadu,12.3348,79.7505,osm,,
KSH,Kali Sindh,Madhya Pradesh,23.3445,76.4294,osm,,
KSHR,Keshwari,Jharkhand,24.2077,85.8498,osm,,
KSHT,Khetia,West Bengal,23.3137,87.8851,osm,,
KSI,Kosli,Haryana,28.4115,76.4655,osm,,
KSIH,Khodseoni,Maharashtra,21.1559,80.1127,datameet,,
KSJ,Kasganj Junction,Uttar Pradesh,27.802,78.6461,osm,,
KSJF,Kasganj Mg,Uttar Pradesh,27.8013,78.6452,datameet,,
KSK,Kasimkota,Andhra Pradesh,17.6736,82.9645,osm,,
KSLA,Kesla,Madhya Pradesh,22.5364,77.8238,osm,,
KSM,Kamasamudram,Karnataka,12.8805,78.2006,osm,,
KSMB,Kusumha Bihar,Bihar,25.1016,85.7754,osm,,
KSN,Krishna Junction,Telangana,16.4106,77.3289,osm,,
KSNA,Kansar Nawadah,Jharkhand,24.026,85.2901,osm,,
KSNG,Kesinga,Odisha,20.1906,83.2228,osm,,
KSNR,Khushal Nagar,Uttar Pradesh,26.9879,83.6987,osm,खुशहाल नगर,
KSO,Khemasuli,West Bengal,22.3384,87.1851,osm,,
KSP,Kishanpur,Bihar,25.9252,85.8406,osm,,
KSPR,Kashipura Sarar,Gujarat,22.1162,73.1447,osm,,
KSQ,Kanspur Gugauli,Uttar Pradesh,26.0743,80.6258,datameet,,
KSR,Kasturi,Uttar Pradesh,27.1408,81.7519,osm,,
KSRA,Kasara,Maharashtra,19.6482,73.4736,osm,कसारा,
KSRK,Kasrak Halt,Uttar Pradesh,28.025,79.6843,datameet,,
KSTA,Kastha,Bihar,24.8023,84.921,osm,,
KSTE,Kistamasettipalli,Andhra Pradesh,15.3726,78.8825,osm,,
KSTH,Kashti,Maharashtra,18.5243,74.5988,osm,,
KSU,Kustaur,West Bengal,23.4032,86.454,osm,कुसतौर,কুস্তাউর
KSUA,Kashipura,Gujarat,23.1242,73.1757,osm,,
KSV,Kosi Kalan,Uttar Pradesh,27.788,77.4458,osm,कोसी कलाँ,
KSVM,Kesavaram,Andhra Pradesh,16.9313,81.8806,osm,,
KSW,Kheri Salwa,Rajasthan,26.4282,73.39,osm,,
KSWD,Kasarwadi,Maharashtra,18.6081,73.8209,osm,,
KSWR,Kalmeshwar,Maharashtra,21.2296,78.9152,osm,,
KSX,Kotshila Junction,West Bengal,23.4113,86.0795,osm,कोटशिला जंक्शन,
KSY,Kusiargaon,Bihar,26.0527,87.4825,osm,कुसियारगांव,
KT,Kumta,Karnataka,14.4372,74.4212,osm,कुमटा,ಕುಮಟ
KTA,Kushtala,Rajasthan,25.9611,76.327,osm,,
KTAL,Kathlal,Gujarat,22.8969,72.9862,osm,,
KTBR,Kasturiba Nagar,Tamil Nadu,13.0054,80.2479,osm,,
KTCE,Katoghan,Uttar Pradesh,25.7308,81.1624,osm,,
KTCH,Kaithalkuchi,Assam,26.4509,91.3434,osm,,
KTCR,Kothacheruvu,Andhra Pradesh,14.1858,77.7608,osm,,
KTD,Kantadih,West Bengal,23.2187,86.2969,osm,,
KTDD,Kataiya Dandi,Uttar Pradesh,25.1492,81.3982,osm,,
KTE,Katni Junction,Madhya Pradesh,23.8348,80.4007,osm,,
KTES,Katni South,Madhya Pradesh,23.8166,80.4009,osm,,
KTF,Kotfateh,Punjab,30.1232,75.0827,osm,,
KTGA,Keutguda Junction,Odisha,19.3041,83.3684,osm,,
KTGD,Koth Gangad,Gujarat,22.6271,72.3007,osm,,
KTGM,Kayasthagram,Assam,24.7191,92.3476,osm,,
KTGN,Kotla Gujran,Punjab,31.8112,74.9433,osm,कोटला गुजरां,
KTGO,Kotgaon,Maharashtra,20.6276,79.6748,osm,,
KTH,Katrasgarh,Jharkhand,23.7962,86.3018,osm,कतरासगढ़,
KTHA,Khutaha,Madhya Pradesh,24.8075,80.8609,osm,,
KTHD,Kothari Road,Chhattisgarh,22.1295,82.6959,osm,,
KTHE,Katahri,Uttar Pradesh,26.4949,82.4476,osm,,
KTHL,Kathola,Uttar Pradesh,27.1437,81.8714,osm,कठोला,
KTHU,Kathua,Jammu and Kashmir,32.3981,75.5507,osm,,
KTI,Kanti,Bihar,26.2003,85.2856,osm,,
KTJ,Khaltipur,West Bengal,24.8751,88.0213,osm,,
KTJI,Kathajori,Odisha,20.4504,85.8963,osm,,
KTK,Kyatanakeri Road,Karnataka,17.0524,75.8205,osm,,ಕ್ಯಾತನಕೇರಿ ರಸ್ತೆ
KTKA,Kotakadra,Telangana,16.6681,77.8697,osm,,
KTKD,Katangi Khurd,Madhya Pradesh,23.7764,80.4849,osm,,
KTKH,Kotlakheri,Madhya Pradesh,22.0747,76.1744,osm,,
KTKL,Kotli Kalan,Punjab,30.0408,75.2975,osm,,
KTKR,Kumthakhurd,Maharashtra,18.4212,77.0086,osm,,
KTKS,Kantakosh,Bihar,25.334,87.6744,osm,,
KTKU,Kottekad,Kerala,10.8162,76.6933,osm,,
KTLA,Katkola,Gujarat,21.8519,69.8837,osm,,
KTLN,Khatlabana,Rajasthan,30.0085,73.8488,osm,,
KTLP,Katalpur Halt,Bihar,26.2297,84.773,osm,,
KTLR,Kanthaliya Road,West Bengal,23.9918,88.179,datameet,,
KTM,Kuthalam,Tamil Nadu,11.0699,79.5572,osm,,குத்தாலம்
KTMA,Kotma,Madhya Pradesh,23.2027,81.9791,osm,,
KTNA,Kathana,Gujarat,22.2994,72.8074,osm,,
KTNI,Kapustalni,Maharashtra,21.0936,77.3421,osm,,
KTNR,Kirtyanand Nagar,Bihar,25.821,87.3966,osm,,
KTO,Katora,Chhattisgarh,23.3078,82.6805,osm,,
KTOA,Kotana,Rajasthan,23.9171,73.7267,osm,,
KTOR,Katoriya,Bihar,24.7407,86.7292,osm,,
KTP,Katepurna,Maharashtra,20.7247,77.2594,osm,,
KTPK,Kotha Pakki,Rajasthan,30.1456,73.9481,osm,,
KTPM,Kotturpuram,Tamil Nadu,13.0137,80.2485,osm,,கோட்டூர்புரம்
KTPR,Kathalpukhari,Assam,27.1766,93.9711,osm,,
KTQ,Kudra,Bihar,25.0492,83.7925,osm,,
KTR,Kothar,Rajasthan,24.9801,73.1239,osm,,
KTRA,Kotra,Madhya Pradesh,25.8112,78.3811,osm,कोटरा,
KTRD,Katosan Road Junction,Gujarat,23.4061,72.2437,osm,,
KTRH,Katareah,Bihar,25.4001,87.1963,osm,,
KTRK,Kutrukhamar PH,Odisha,19.9039,83.0585,osm,nकुटृखमार पी.एच्.,କୁଟୃଖମାର ପି.ଏଚ୍.
KTRR,Kathara Road,Uttar Pradesh,26.3099,80.2286,osm,,
KTSC,Kota Jn South C,Rajasthan,25.198,75.8851,datameet,,
KTSH,Kotmi Sonar,Chhattisgarh,22.0246,82.3631,osm,,
KTT,Khutbav,Maharashtra,18.486,74.3157,osm,,
KTTR,Kattur,Tamil Nadu,10.8961,78.8555,osm,,
KTTY,Ktty,,,,,,
KTU,Kuttippuram,Kerala,10.8456,76.0337,osm,,
KTV,Kottavalasa Junction,Andhra Pradesh,17.891,83.1864,osm,कोत्तवलसा जंक्शन,
KTW,Kotdwara,Uttarakhand,29.7446,78.522,osm,,
KTWS,Kathuwas,Haryana,28.1333,76.3441,osm,,
KTX,Katakhal Junction,Assam,24.8355,92.6266,osm,,
KTY,Kotturu,Karnataka,14.8255,76.2124,osm,,ಕೊಟ್ಟೂರು
KTYM,Kottayam,Kerala,9.59448,76.5323,osm,कोट्टयम,
KTYR,Kottaiyur,Tamil Nadu,10.1129,78.7866,osm,,
KTZ,Khutwansa,Madhya Pradesh,22.5483,77.6078,osm,,
KU,Kulikarai,Tamil Nadu,10.7656,79.5847,osm,,
KUA,Kulharia,Bihar,25.5682,84.7582,osm,,
KUB,Kasba,Bihar,25.8602,87.5298,osm,कस्बा,
KUC,Karukkutty,Kerala,10.2257,76.3737,osm,,
KUCE,Kuchai,Odisha,22.0109,86.6973,osm,,
KUCH,Kuchavaram Halt,Telangana,17.7321,78.4572,datameet,,
KUD,Kudachi,Karnataka,16.6243,74.8584,osm,,ಕುಡಚಿ
KUDA,Kundapura,Karnataka,13.6134,74.7287,osm,कुन्दापुरा,ಕುಂದಾಪುರ
KUDL,Kudal,Maharashtra,16.0172,73.678,osm,कुड़ाल,कुडाल
KUDN,Kudni,Haryana,29.7447,75.8513,osm,,
KUE,Kursela,Bihar,25.4388,87.2521,osm,,
KUF,Kaurha,Uttar Pradesh,27.4627,80.1027,datameet,,
KUG,Kusugal,Karnataka,15.3722,75.2285,osm,,ಕುಸುಗಳು
KUGT,Kumarghat,Tripura,24.1511,92.0354,osm,,
KUH,Khachrod,Madhya Pradesh,23.4426,75.2864,osm,खाचरोद,
KUHI,Kuhi,Maharashtra,21.0071,79.3503,osm,,
KUI,Kulali,Karnataka,17.3572,76.4705,osm,,
KUJU,Kuju,Jharkhand,23.7254,85.5022,osm,कुजू,
KUK,Korukonda,Andhra Pradesh,18.0537,83.3203,osm,,
KUKA,Khui Khera,Punjab,30.3052,74.0783,osm,,
KUL,Kallayi,Kerala,11.2338,75.7889,osm,,കല്ലായി
KULH,Kulha-Halt,Uttar Pradesh,26.3694,80.6565,datameet,,
KUM,Kuram,Maharashtra,20.8081,77.5868,osm,,
KUMB,Kumarbagh,Bihar,26.8743,84.5121,osm,,
KUMM,Kumbalam,Kerala,9.90642,76.3114,osm,,
KUMT,Kurmahat,Jharkhand,24.5314,87.1153,osm,,
KUN,Karnal,Haryana,29.6951,76.9698,osm,करनाल,
KUND,Kund,Haryana,28.1442,76.3932,osm,,
KUP,Kup,Punjab,30.6001,75.8522,osm,,
KUPR,Khurdpur,Punjab,31.4257,75.7237,osm,,
KUQ,Kuretha,Bihar,25.4952,87.6439,osm,कुरेठा,
KUR,Khurda Road Junction,Odisha,20.1531,85.7076,osm,,
KURJ,Khajuraho,Madhya Pradesh,24.7964,79.8893,osm,,
KURN,Khukrana,Haryana,29.4,76.9069,osm,,
KURO,Korari,Uttar Pradesh,26.4879,80.529,datameet,,
KURT,Khurda Town,Odisha,20.1581,85.5933,osm,,
KURV,Kurwa,Jharkhand,24.2477,87.2878,osm,,
KUT,Kanauta,Rajasthan,26.8423,75.9554,osm,,
KUTI,Khumtai,Assam,26.6245,93.8502,osm,खुमटे,খুমটাই
KUTL,Kuwanthal,Rajasthan,25.4086,73.9231,osm,,
KUTR,Kulathur,Tamil Nadu,10.5722,78.7921,datameet,,
KUU,Kuhuri B.H.,Odisha,19.86,85.3526,osm,,
KUV,Kundara,Kerala,8.96022,76.6782,osm,,കുണ്ടറ
KUW,Kanwar,Uttar Pradesh,25.7036,81.2146,osm,,
KUX,Khirsadoh,Madhya Pradesh,22.1765,78.7734,osm,,
KUY,Koolipalayam,Tamil Nadu,11.1442,77.3903,osm,,
KV,Kayavarohan,Gujarat,22.0779,73.2497,osm,,
KVA,Kavas,Rajasthan,25.8707,71.5481,osm,,
KVC,Kaparpura,Bihar,26.1639,85.326,osm,,
KVD,Khurmabad,Bihar,24.9774,83.9461,osm,,
KVDU,Kadavakuduru,Andhra Pradesh,15.723,80.2579,osm,,
KVE,Kavalande,Karnataka,12.0363,76.7946,osm,,ಕವಲಂದೆ
KVG,Kundanganj,Uttar Pradesh,26.3961,81.1369,osm,,
KVGM,Kolvagram,Rajasthan,26.9899,76.4691,osm,,
KVH,Khambel,Gujarat,23.6083,72.0421,osm,,
KVJ,Keshavganj,Rajasthan,24.8566,73.072,osm,,
KVK,Kawathe Mahankal,Maharashtra,16.9934,74.9365,osm,,
KVL,Kizhvelur,Tamil Nadu,10.7548,79.7437,osm,,
KVLR,Karuvalli,Tamil Nadu,11.831,78.028,osm,,
KVLS,Karakavalsa,Andhra Pradesh,18.2921,82.9923,osm,,
KVM,Kavutaram,Andhra Pradesh,16.3286,81.0694,osm,,
KVN,Kavanur,Tamil Nadu,12.949,78.9698,osm,कावनुर,
KVNJ,Kapadvanj,Gujarat,23.0196,73.0789,osm,,
KVO,Kevdi Road,Gujarat,20.8082,73.4119,osm,केवडी रोड,કેવડી રોડ
KVP,Kavaraippettai,Tamil Nadu,13.3632,80.1476,osm,कवरैपेट्टै,
KVQ,Kosiara,Jharkhand,24.4772,83.9047,osm,कोसीआरा,
KVR,Kovvur,Andhra Pradesh,17.0075,81.7277,osm,कोव्वूरु,
KVS,Kalsur,Karnataka,14.8873,75.4012,osm,,ಕಳಸೂರು
KVTA,Karuvatta,Kerala,9.31663,76.4311,osm,,കരുവാറ്റ
KVU,Kadakavur,Kerala,8.6787,76.7676,osm,,
KVX,Kusumbhi,Uttar Pradesh,26.6393,80.654,osm,,
KVZ,Kavali,Andhra Pradesh,14.9155,79.989,osm,,
KW,Kherwadi,Maharashtra,20.0469,73.9739,osm,,
KWAE,Katwa Junction,West Bengal,23.64,88.1238,osm,,
KWAR,Kawar,Jharkhand,24.2479,86.1818,osm,,
KWB,Kaniwara,Madhya Pradesh,22.2183,79.7329,osm,,
KWBR,Katwar Bazaar,Uttar Pradesh,25.5626,82.4489,datameet,,
KWC,Kundwa Chainpur,Bihar,26.771,85.1853,osm,,
KWD,Karwandia,Bihar,24.9504,84.092,osm,,
KWDP,Kakdwip,West Bengal,21.8813,88.194,osm,,কাকদ্বীপ
KWE,Khurial,Bihar,25.4906,87.8268,osm,खुरियाल,
KWF,Katwa,West Bengal,23.6398,88.1236,datameet,,
KWGN,Kawargaon,Chhattisgarh,18.8968,81.5336,osm,,
KWH,Kachhwa Road,Uttar Pradesh,25.2509,82.7071,osm,,
KWI,Kivarli,Rajasthan,24.5397,72.8422,osm,,
KWJ,Khojewala,Punjab,31.3595,75.4692,osm,,
KWKC,Kherwa Kocha,Jharkhand,23.3606,85.5949,datameet,,
KWM,Kampur,Assam,26.1605,92.6573,osm,,
KWMD,Kumbhawas Mundhalia Dabri,Haryana,28.2494,76.6552,osm,,
KWN,Kachewani,Maharashtra,21.4299,79.9813,osm,,
KWO,Karauta,Bihar,25.4738,85.4448,osm,,
KWP,Khatipura,Rajasthan,26.8361,75.8911,osm,,
KWR,Koelwar,Bihar,25.5694,84.7928,osm,,
KWV,Kurduvadi Junction,Maharashtra,18.0919,75.417,osm,,
KWW,Kuswa,Uttar Pradesh,27.4739,78.4042,osm,,
KXA,Kuanriya,Rajasthan,25.1102,74.0099,osm,,
KXB,Kanjiya,Madhya Pradesh,24.3516,78.1646,osm,,
KXD,Kokalda,Maharashtra,21.0355,77.3355,osm,,
KXE,Kalian Chak,Jharkhand,25.0391,87.7391,osm,कल्याणचक,
KXF,Kampil Road,Uttar Pradesh,27.569,79.2595,osm,,
KXG,Kharia Khangarh,Rajasthan,26.6128,73.6897,osm,,
KXH,Kapurthala,Punjab,31.3666,75.3822,osm,कपूरथला,ਕਪੂਰਥਲਾ
KXI,Kurumurthi,Telangana,16.4944,77.8628,osm,,
KXJ,Karimganj Junction,Assam,24.8604,92.3726,osm,,
KXK,Kharkhauda,Uttar Pradesh,28.8417,77.7361,osm,खरखौदा,
KXL,Kamarbandha Ali,Assam,26.5291,94.0558,osm,कमारबंधा आलि,কমাৰবন্ধা আলি
KXM,Kitham,Uttar Pradesh,27.2544,77.8178,osm,कीथम,
KXN,Kansbahal,Odisha,22.2123,84.6676,osm,कांसबहाल,କାନସବାହାଲ
KXO,Kudikadu,Tamil Nadu,10.776,79.2412,osm,,
KXP,Kaniyapuram,Kerala,8.5874,76.8544,osm,,
KXR,Kuria,Bihar,26.4682,85.0054,datameet,,
KXT,Ketti,Tamil Nadu,11.3818,76.7376,osm,,கேத்தி
KXX,Kata Road,Maharashtra,20.1856,77.112,osm,,
KXZ,Kesariya Road,Gujarat,22.911,71.8175,osm,,
KY,Kareli,Madhya Pradesh,22.9322,79.0667,osm,,
KYA,Kauriya Halt,Bihar,25.5507,84.5217,osm,,
KYB,Kaiyar Ph,,,,,,
KYBR,Khairatiya Bandh Road,Uttar Pradesh,28.3448,81.0393,osm,खैराटिया बांध रोड,
KYE,Khurai,Madhya Pradesh,24.0522,78.331,osm,,
KYF,Kajrat Nawadih,Bihar,24.5903,84.0499,osm,काजरात नावाडीह,
KYG,Kidiyanagar,Gujarat,23.4704,70.7573,osm,,
KYH,Khairah,Bihar,25.8615,84.7607,osm,,
KYI,Kalyani Main,West Bengal,22.9692,88.4674,osm,,
KYJ,Kayamkulam Junction,Kerala,9.1813,76.5121,osm,कायमकुलम जंक्शन,
KYM,Kadiyam,Andhra Pradesh,16.9138,81.8318,osm,कङियम,
KYN,Kalyan Junction,Maharashtra,19.2358,73.1308,osm,कल्याण जंक्शन,
KYNT,Kalyankot,Rajasthan,29.2748,73.6007,osm,,
KYO,Khandikar,Assam,26.4656,91.6459,osm,,
KYOP,Kottapalli,Telangana,18.5399,79.4036,osm,,
KYP,Kalyanpur,West Bengal,22.3435,88.4146,osm,,
KYQ,Kamakhya Junction,Assam,26.1573,91.6921,osm,कामाख्या,
KYR,Karupatti,Tamil Nadu,10.0523,77.9452,osm,,
KYS,Kusumkasa,Chhattisgarh,20.6444,81.0914,osm,कुसुमकसा,
KYSB,Kaiyal Sedhavi,Gujarat,23.4176,72.4314,osm,,
KYSD,Kaiyal Sedhavi,Gujarat,23.4271,72.4289,datameet,,
KYT,Kailahat,Uttar Pradesh,25.1556,82.9481,osm,,
KYV,Koyilvenni,Tamil Nadu,10.7765,79.3669,osm,,
KYW,Karchhue,Bihar,26.2312,84.2037,osm,,
KYX,Karhiya Bhadoli,Madhya Pradesh,23.8583,79.505,osm,,
KYY,Kariha,Punjab,31.1495,76.0604,osm,,
KYZ,Kizhapuliyur,Tamil Nadu,8.95275,77.3229,osm,,
KZA,Khadda,Uttar Pradesh,27.1828,83.8679,osm,खड्डा,
KZB,Kurumbur,Tamil Nadu,8.58569,78.0394,osm,,
KZC,Kulukkallur,Kerala,10.8683,76.239,osm,,
KZE,Kanhangad,Kerala,12.3205,75.0849,osm,कांजनगाड़,കാഞ്ഞങ്ങാട്
KZH,Kila Zafargarh,Haryana,29.081,76.4286,osm,,
KZI,Kandrawali,Uttar Pradesh,29.382,77.2934,osm,,
KZJ,Kazipet Junction,Telangana,17.9748,79.5113,osm,,
KZJE,Kazipet E Cabin,Telangana,17.9757,79.5612,datameet,,
KZJF,Kazipet F Cabin,Telangana,17.9748,79.5773,datameet,,
KZJT,Kazipet Town,Telangana,17.9834,79.5189,osm,,
KZK,Kazhakuttam,Kerala,8.55682,76.8727,osm,कष़क्कूट्टम,
KZPB,Kazipara Barasat,West Bengal,,,,,
KZPE,Kazipara Halt,West Bengal,23.9063,88.1882,osm,,
KZPR,Kazipara,West Bengal,23.9098,88.1885,datameet,,
KZQ,Khimel,Rajasthan,25.2975,73.2778,osm,,
KZS,Kuakhera,Uttar Pradesh,28.5281,78.7634,osm,,
KZT,Kuzhiturai,Tamil Nadu,8.30131,77.2187,osm,,குழித்துறை
KZTW,Kuzhiturai West,Tamil Nadu,8.32397,77.2088,osm,,
KZU,Kunki,Jharkhand,22.8758,86.0673,osm,कुनकी,
KZW,Kattar Singh Wala,Punjab,30.1587,74.9999,osm,,
KZX,Khuda Kurala,Punjab,31.7439,75.6488,osm,,
KZY,Kayalpattinam,Tamil Nadu,8.56779,78.1004,osm,,
LAA,Lakhpat,Gujarat,23.5918,71.0211,osm,,
LAC,Lachipura,Rajasthan,26.3256,74.6488,osm,,
LAD,Lohardaga,Jharkhand,23.4467,84.7068,osm,,
LAE,Lakholi,Chhattisgarh,21.2015,81.8886,osm,,
LAK,Lakho Railway St.,Bihar,25.4167,86.2056,osm,,
LAL,Lushala,Gujarat,21.3921,70.3265,osm,,
LAN,Lotana,Gujarat,22.5125,73.3466,osm,,
LAP,Lohapur,West Bengal,24.3023,87.9634,osm,,
LAR,Lalitpur Junction,Uttar Pradesh,24.6879,78.3957,osm,,
LAT,Lathi,Gujarat,21.7394,71.3868,osm,,
LATH,Lath,Haryana,29.0633,76.789,osm,,
LATI,Latia Cabin,Chhattisgarh,22.0279,82.4021,datameet,,
LAU,Ladnun,Rajasthan,27.6434,74.4054,osm,,
LAUL,Laul,Maharashtra,18.0339,75.3953,osm,,
LAV,Labha,Bihar,25.4398,87.7446,osm,लाभा,
LB,Lain Bazar,Bihar,26.4292,84.2806,datameet,,
LBA,Lambhua,Uttar Pradesh,26.1342,82.2235,osm,,
LBG,Limbgaon,Maharashtra,19.1763,77.2049,osm,,
LBH,Dilkusha Cabin,Uttar Pradesh,26.8311,80.9669,datameet,,
LBI,Lilabari,Assam,27.2983,94.0751,osm,,
LBN,Laban,Rajasthan,25.5733,76.2083,osm,,
LBO,Latabor,Chhattisgarh,20.8023,81.2685,osm,लाटाबोर,
LBT,Lalgarh Bihar Halt,Jharkhand,24.1608,83.9735,osm,,
LBTL,Lebutala,West Bengal,22.6667,88.6399,osm,,
LBW,Laiburwa Halt,Uttar Pradesh,27.5266,82.4677,osm,लैबुड़वा,
LBZ,Lalbag Bh,Jharkhand,24.5097,85.4467,datameet,,
LC,Lucknow City,Uttar Pradesh,26.8593,80.9181,osm,,
LCAB,Lcab,,,,,,
LCAE,Lalbag Court Road,West Bengal,24.1755,88.2466,osm,,
LCH,Linch,Gujarat,23.527,72.356,osm,,
LCK,Lakhochak Halt,Bihar,25.1395,86.1369,osm,,
LCN,Lalpur Chandra,Uttar Pradesh,27.6593,80.4518,datameet,,
LCNC,Lucknow City,Uttar Pradesh,26.8592,80.918,datameet,,
LCR,Lokur,Tamil Nadu,11.9288,78.1747,osm,लोकुर,
LCT,Langcholiet,Assam,25.7583,93.3076,osm,,
LD,Londa Junction,Karnataka,15.4489,74.4955,osm,,ಲೊಂಡ ಜಂಕ್ಷನ್
LDA,Lidhora Khurd,Madhya Pradesh,23.8522,78.8761,osm,,
LDCY,Lodhi Colony,Delhi,28.5798,77.2169,osm,लोधी कॉलोनी,
LDD,Ladkhed,Maharashtra,20.3414,77.9202,osm,,
LDE,Lodhikheda,Madhya Pradesh,21.5801,78.8549,osm,,
LDH,Ludhiana,Punjab,30.9123,75.8494,osm,लुधियाना,
LDK,Ladhuka,Punjab,30.5008,74.1228,osm,,
LDM,Ladermer,Rajasthan,25.0557,72.3472,osm,,
LDP,Lodhipur Bishanpur,Uttar Pradesh,28.8719,78.7101,osm,लोदीपुर बिशनपुर,
LDR,Landaura,Uttarakhand,29.8145,77.9416,osm,,
LDU,Lunidhar,Gujarat,21.7159,71.0865,osm,,
LDW,Ladhowal,Punjab,30.9778,75.7966,osm,,
LDX,Ladda,Odisha,19.1028,83.4125,osm,,
LDY,Lakkiti,Kerala,10.7533,76.4343,osm,,
LEB,Lemuabad,Bihar,25.4825,85.7784,osm,,
LEDO,Ledo,Assam,27.2911,95.7386,osm,लीडो,লিডু
LEK,Lakhakhera,Madhya Pradesh,23.7607,80.5644,osm,,
LER,Lehra,Uttar Pradesh,27.1686,83.2284,osm,,
LFG,Lower Haflong,Assam,,,,,
LGCE,Lagargawan,Madhya Pradesh,24.4646,80.8149,osm,,
LGD,Lallaguda,Telangana,17.4415,78.5256,datameet,,
LGDH,Lalaguda Gate,Telangana,17.4408,78.5248,osm,,
LGH,Lalgarh Junction,Rajasthan,28.0434,73.3145,osm,,
LGI,Longai,Assam,24.8544,92.3434,osm,लंगाई,
LGL,Lalgola,West Bengal,24.4214,88.258,osm,,
LGN,Lehgaon,Maharashtra,20.9826,77.3294,osm,,
LGO,Lalgopalganj,Uttar Pradesh,25.6422,81.6299,osm,,
LGRE,Lingeri,Karnataka,16.6688,77.1897,osm,,ಲಿಗೇರಿ
LGT,Langting,Assam,25.4972,93.1106,osm,लांगटिंग,
LGTR,Lingaraj Temple Road,Odisha,20.2351,85.8164,osm,,
LH,Lahing,Assam,26.7412,94.4372,osm,लाहिंग,লাহিং
LHA,Lehra Gaga,Punjab,29.9382,75.8102,osm,,
LHB,Lahabon,Bihar,24.6407,86.6005,osm,,
LHBK,Lothal Bhurkhi,Gujarat,22.5538,72.2241,osm,,
LHD,Lohagad,Maharashtra,20.468,77.079,osm,,
LHK,Lehra Khana,Punjab,30.2249,75.1367,osm,,
LHL,Lahoal,Assam,27.4527,94.9995,osm,लाहोवाल,লাহোৱাল
LHLL,Lahli,Haryana,28.8539,76.4463,osm,लाहली,
LHM,Lehra Muhabhat,Punjab,30.2398,75.1711,osm,,
LHN,Lachyan,Karnataka,17.279,75.9714,osm,,ಲಚ್ಯಾಣ
LHNA,Lohanda,Bihar,25.3534,85.2795,osm,,
LHNR,Lakshmanpur Halt,Uttar Pradesh,27.5318,82.3397,osm,लक्ष्मनपुर,
LHU,Loharu Junction,Haryana,28.4271,75.8032,osm,,
LHW,Loharwara,Rajasthan,27.2,75.6766,osm,,
LIG,Linga,Madhya Pradesh,21.9648,78.9372,osm,,
LIJ,Lakshmiganj,Uttar Pradesh,26.9303,83.7826,osm,,
LIM,Sonalium,Goa,15.3096,74.2986,osm,,
LIN,Lingamguntla,Andhra Pradesh,16.4403,80.2746,osm,,
LING,Ling,Bihar,25.2904,87.3616,datameet,,
LIR,Lachmipur,Uttar Pradesh,27.254,83.3788,osm,,
LJKR,Lajkura Cabin,Odisha,21.809,83.8883,datameet,,
LJN,Lucknow Junction,Uttar Pradesh,26.8315,80.9223,osm,लखनऊ जंक्शन,
LJR,Lanjigarh Road Jn,Odisha,19.9443,83.4013,osm,लांजीगड़ रोड़ जंक्शन,ଲାଞ୍ଜିଗଡ଼ ରୋଡ଼ ଜଙ୍କସନ
LKA,Lanka,Assam,25.9157,92.9577,osm,,
LKB,Lakshmipur Bhorang,Bihar,25.2904,87.3756,osm,लक्ष्मीपुर भोरंग,
LKBL,Lakhabawal,Gujarat,22.4088,69.9995,osm,,
LKBR,Lakshmi Bai Nagar,Madhya Pradesh,22.7419,75.8582,datameet,,
LKD,Lakodra,Gujarat,21.9814,73.0949,osm,,
LKDU,Lankalakoderu,Andhra Pradesh,16.534,81.6809,osm,,
LKE,Lakheri,Rajasthan,25.6394,76.1932,osm,लाखेरी,
LKF,Lake Gardens,West Bengal,22.5081,88.3533,osm,,
LKG,Lamsakhang,Assam,25.7959,93.0472,osm,,
LKJN,Link Jn Cabin,Uttar Pradesh,25.3568,81.8419,datameet,,
LKKA,Lal Kuan,Uttarakhand,,,,,
LKKD,Lakkadkot,Gujarat,21.1614,73.6182,osm,,
LKMN,Lokmanya Nagar,Madhya Pradesh,22.6913,75.8471,osm,,
LKMR,Lakshmipur Road,Odisha,19.003,83.1041,osm,,
LKN,Lakhminia,Bihar,25.426,86.31,osm,,
LKNA,Lakhna,Odisha,20.7302,82.663,osm,लखना,ଲଖନା
LKNR,Lakhpat Nagar,Uttar Pradesh,27.0276,82.2776,osm,,
LKO,Lucknow Charbagh,Uttar Pradesh,26.8312,80.9244,osm,लखनऊ चारबाग़,
LKOY,Lkoy,,,,,,
LKPL,Lakdi-ka-pul,Telangana,17.4038,78.4635,osm,,లక్డికపూల్
LKPR,Lakshmikantapur,West Bengal,22.1101,88.3219,osm,,লক্ষীকান্তপুর
LKQ,Laukaha Bazar,Bihar,26.543,86.4626,osm,लौकहा बाज़ार,
LKR,Luckeesarai Junction,Bihar,25.1719,86.0944,osm,,
LKS,Lunkaransar,Rajasthan,28.4931,73.7431,osm,,
LKSH,Lakshminarayanapuram,Andhra Pradesh,16.5978,81.5908,osm,,
LKT,Hulkoti,Karnataka,15.4332,75.5289,osm,,ಹುಲಿಕಟ್ಟಿ
LKU,Lalkuan Junction,Uttarakhand,29.0711,79.5174,osm,लालकुआँ जंक्शन,
LKW,Lakhewali,Punjab,30.4483,74.3425,osm,,
LKX,Lakshimipur,West Bengal,23.503,88.3031,osm,,
LKY,Lakhmapur,Karnataka,15.8699,75.6272,osm,,ಲಕ್ಮಾಪುರ
LKZ,Lakadiya,Gujarat,23.3406,70.5783,osm,,
LLBR,Lalabazar,Assam,24.5609,92.6128,osm,,
LLD,Lalawadi,Madhya Pradesh,21.931,78.1904,osm,,
LLGM,Lelligumma,Odisha,19.3039,83.2085,osm,,
LLH,Liluah,West Bengal,22.6209,88.3394,osm,,
LLHW,Llhw,,,,,,
LLI,Lalgudi,Tamil Nadu,10.8754,78.8153,osm,,
LLJ,Lalganj,Uttar Pradesh,26.1723,80.9732,osm,लालगंज,
LLKN,Lal kalan,Punjab,30.8269,76.1008,osm,,
LLP,Lalitgram,Bihar,26.3578,87.0132,osm,ललितग्राम,
LLPR,Lalit Lakshmipr,Bihar,26.4368,86.1562,datameet,,
LLR,Lalpur,Uttar Pradesh,26.3186,79.9484,osm,,
LLU,Lalru,Punjab,30.4797,76.7944,osm,,
LM,Limbdi,Gujarat,22.566,71.7899,osm,,
LMA,Lambiya,Rajasthan,25.5845,74.587,osm,,
LMB,Limbara,Gujarat,21.4395,73.0386,osm,,
LMC,Lakhamanchi,Gujarat,22.5717,71.1486,osm,,
LMD,Linganenidoddi,Andhra Pradesh,15.399,77.703,osm,,
LMG,Lumding Junction,Assam,25.7502,93.1766,osm,लामडिंग जंक्शन,লামডিং জংছন
LMGF,Lumding Jn,Assam,25.7502,93.1767,datameet,,
LMGS,Lumding South,Assam,25.7571,93.1636,datameet,,
LMK,Limkheda,Gujarat,22.8349,73.9847,osm,,
LMM,Lailakh Mamlkha,Bihar,25.2183,87.1051,datameet,,
LMN,Lachhmanpur,Uttar Pradesh,26.0506,81.2575,osm,,
LMNR,Lakshmibai Nagar,Madhya Pradesh,22.7466,75.8557,osm,,
LMO,Liliya Mota,Gujarat,21.5399,71.3725,osm,,
LMP,Lakhimpur,Uttar Pradesh,27.9471,80.7773,osm,,
LMT,Almatti,Karnataka,16.3451,75.9012,osm,,ಆಲಮಟ್ಟಿ
LMU,Limarua,Madhya Pradesh,22.5242,80.3497,datameet,,
LMY,Laimekuri,Assam,27.7508,95.0761,osm,,
LNA,Lamana,Rajasthan,26.2466,74.467,osm,,
LNH,Lachhmangarh Sikar,Rajasthan,27.8331,75.0339,osm,,
LNK,Lohian Khas Junction,Punjab,31.1654,75.1965,osm,,
LNKC,Link C-Cabin,Odisha,22.2672,84.9746,datameet,,
LNL,Lonavala,Maharashtra,18.7504,73.4069,osm,लोनावला,
LNMA,Lakhan Majra,Haryana,29.0391,76.4658,osm,,
LNN,Lonand,Maharashtra,18.0407,74.1902,osm,,
LNO,Lohna Road,Bihar,26.2216,86.2295,osm,,
LNP,Langarpeth,Maharashtra,17.084,74.9667,osm,,
LNQ,Lakhnauria,Uttar Pradesh,27.7828,80.1393,datameet,,
LNR,Luni Richha,Madhya Pradesh,23.6612,75.5143,osm,,
LNS,Lunsu,Himachal Pradesh,32.0189,76.1792,osm,,
LNT,Lingti,Maharashtra,19.7965,78.7521,osm,,
LNW,Lakhanwara,Madhya Pradesh,21.7851,79.8738,osm,,
LNWT,Alambagh West Cabin,Uttar Pradesh,26.8286,80.9072,osm,,
LO,Loliya,Gujarat,22.5129,72.1677,osm,,
LOA,Lorha,Madhya Pradesh,23.5811,80.7517,osm,,
LOD,Lekoda,Madhya Pradesh,23.077,75.6992,osm,,
LOG,Lohgara,Uttar Pradesh,25.223,81.6782,osm,,
LOGH,Lottegollahalli,Karnataka,13.0435,77.5631,osm,लोट्टेगोल्लहल्ली,
LOHA,Loha,Rajasthan,28.0002,74.6188,osm,,
LOK,Loknath,West Bengal,22.872,88.0333,osm,,
LOL,Loliem,Goa,14.9395,74.088,osm,,
LOM,Lodhma,Jharkhand,23.2238,85.2001,osm,लोधमा,
LONI,Loni,Maharashtra,18.4908,74.0208,osm,,
LOT,Lohta,Uttar Pradesh,25.3152,82.9306,osm,,
LOV,Lovedale,Tamil Nadu,11.3848,76.7051,osm,,லவ்டேல்
LP,Lalapet,Tamil Nadu,10.9515,78.3398,osm,,
LPB,Lodipur Bishanp,Uttar Pradesh,28.8698,78.718,datameet,,
LPG,Lapanga,Odisha,21.7325,84.0396,osm,लपंगा,ଲପଙ୍ଗା
LPH,Lotapahar,Jharkhand,22.6176,85.5664,osm,,
LPI,Lingampalli,Telangana,17.4831,78.3178,osm,,
LPJ,Lalpur Jam,Gujarat,22.1934,69.9532,osm,,
LPJL,Lingampet Jagityal,Telangana,18.7825,78.8875,osm,,
LPK,Lepetkata,Assam,27.348,94.8392,osm,लेपेटकटा,
LPN,Laopani,Assam,26.1995,92.5945,osm,,
LPNR,Lajpat Nagar,Delhi,28.5793,77.244,osm,लाजपत नगर,
LPR,Lilapur Road,Gujarat,22.9512,71.8601,osm,,
LPTA,Longpatia,Assam,27.0791,95.0937,osm,लंगपटीया,লংপটিয়া
LPU,Lakhpuri,Maharashtra,20.8408,77.3562,osm,,
LPW,Loharpurwa,Uttar Pradesh,27.0674,83.2681,osm,,
LR,Ladpura,Rajasthan,26.5092,74.7346,osm,,
LRB,Larabad Block Hut,Jharkhand,24.4145,85.5577,osm,,
LRD,Lar Road,Uttar Pradesh,26.2137,83.9102,osm,,
LRI,Lihuri,Andhra Pradesh,18.9134,83.8495,osm,,
LRJ,Laksar Junction,Uttarakhand,29.7515,78.0212,osm,,
LRJC,Laksar North Cabin,Uttarakhand,29.767,78.0018,datameet,,
LRNC,Laksar North Cabin,Uttarakhand,29.7716,78.0113,datameet,,
LRU,Lalpur Umri,Rajasthan,26.4298,76.68,osm,,
LS,Lasalgaon,Maharashtra,20.1546,74.2258,osm,,
LSD,Lusadiya,Gujarat,23.6856,73.421,osm,,
LSE,Laseri,Rajasthan,28.7132,75.4799,osm,,
LSG,Lawa Sardargarh,Rajasthan,25.2339,73.9772,osm,,
LSGS,Laban Satyagrah Smarak,West Bengal,22.1149,87.8716,osm,,
LSI,Laheriasarai,Bihar,26.1121,85.9048,osm,,
LSN,Lasina,Maharashtra,20.4,78.0158,osm,,
LSR,Lasur,Maharashtra,19.9261,75.0115,datameet,,
LSX,Loisingha,Odisha,20.8527,83.5141,osm,,
LT,Lahavit,Maharashtra,19.8529,73.8151,datameet,,
LTA,Lamta,Madhya Pradesh,22.136,80.124,osm,,
LTD,Lathidad,Gujarat,22.0889,71.7032,osm,,
LTG,Lataguri,West Bengal,26.7056,88.7698,osm,,
LTHR,Latehar,Jharkhand,23.7253,84.4679,osm,,
LTI,Latteri,Tamil Nadu,12.967,79.0662,osm,,
LTK,Lathikata,Odisha,22.1406,84.8911,osm,लाठीकटा,ଲାଠିକଟା
LTKR,Lalit Khera,Haryana,29.2682,76.4774,osm,,
LTMD,Latemda,Jharkhand,23.0981,85.9895,osm,लेटेम्दा,
LTR,Lakhtar,Gujarat,22.8725,71.7763,osm,,
LTRR,Latur Road,Maharashtra,18.5064,76.8451,osm,,
LTT,Lokmanya Tilak Terminus,Maharashtra,19.0695,72.892,osm,लोकमान्य तिलक टर्मिनस,
LTV,Lotarva,Gujarat,21.1327,73.318,osm,,
LUA,Laluri Khera,Uttar Pradesh,28.6077,79.7459,osm,,
LUNI,Luni Junction,Rajasthan,26.002,73.0039,osm,,
LUR,Latur,Maharashtra,18.4295,76.5558,osm,,
LUSA,Lusa,Uttar Pradesh,24.8763,82.843,osm,,
LVK,Lakkavarapukota,Andhra Pradesh,18.0317,83.1445,osm,लक्कवरपुकोटा,
LVR,Lokvidyapith Nagar,Uttar Pradesh,27.1535,83.3065,osm,,
LW,Lorwada,Gujarat,24.22,72.097,osm,,
LWR,Alnavar Junction,Karnataka,15.4245,74.7383,osm,,ಅಳ್ನಾವರ ಜಂಕ್ಷನ್
LWS,Lukwasa,Madhya Pradesh,25.1062,77.591,osm,,
LXA,Lakswa,Assam,27.0052,94.8445,osm,लाकुवा,লাকুৱা
LXD,Lakshannath Road,West Bengal,21.842,87.251,osm,,
LXR,Lunseriya,Gujarat,22.598,71.0026,osm,,
LYD,Loyabad,Jharkhand,23.7742,86.3504,osm,,
MA,Madha,Maharashtra,18.0302,75.5464,osm,,
MAA,Maval,Rajasthan,24.4318,72.7115,osm,,
MAAR,Malar,Rajasthan,27.2042,72.3758,osm,,
MABA,Mandi Bamora,Madhya Pradesh,24.0535,78.0823,osm,मण्डी बामोरा,
MABB,Mabbi Halt,Bihar,25.7492,86.0635,datameet,,
MABD,Mahabubabad,Telangana,17.5975,80.0006,osm,,మహబూబాబాద్
MABG,Matana Buzurg,Madhya Pradesh,23.1137,75.8658,osm,,
MABN,Maban,Madhya Pradesh,24.6423,77.3749,osm,,
MACR,Manguli Chowdwar,Odisha,20.5258,85.9369,osm,,
MAD,Maddur,Karnataka,12.6047,77.0497,osm,,ಮದ್ದೂರು
MADA,Maonda,Rajasthan,27.8084,75.8261,osm,,
MADM,Matradham Halt,Madhya Pradesh,22.0482,79.4514,datameet,,
MADP,Madhapar Road,Gujarat,23.2456,69.7094,osm,,
MADR,Madure,Maharashtra,15.8038,73.8129,osm,मडूरा,मडूरे
MADU,Madduru,Andhra Pradesh,15.443,78.3792,osm,,
MAE,Matheran,Maharashtra,18.9902,73.271,osm,माथेरान,
MAEL,Mael,Jharkhand,23.5747,85.626,osm,,
MAF,Manavur,Tamil Nadu,13.0964,79.8013,osm,,
MAG,Mangalagiri,Andhra Pradesh,16.4377,80.5646,osm,,
MAGH,Manikgarh Junction,Maharashtra,19.7877,79.3986,osm,मानिकगढ़ जंक्शन,
MAH,Madhonganj,Uttar Pradesh,27.1217,80.1468,osm,,
MAHD,Mohadi Praganel,Maharashtra,21.2941,79.7265,datameet,,
MAHE,Mahe,Puducherry,11.699,75.5465,osm,,
MAHO,Maholi,Uttar Pradesh,27.6488,80.4773,osm,,
MAI,Mehsi Junction,Bihar,26.3545,85.0964,osm,मेहसी जंक्शन,
MAJ,Majhergram,West Bengal,23.109,88.688,osm,,
MAJN,Mangaluru Junction,Karnataka,12.8666,74.8792,osm,मंगलुरु जंक्शन,ಮಂಗಳೂರು ಜಂಕ್ಷನ್
MAK,Mallikpur,West Bengal,22.3966,88.4331,osm,,মল্লিকপুর
MAKH,Mokhampura,Rajasthan,25.9826,74.6638,osm,,
MAKM,Mararikulam,Kerala,9.5977,76.318,osm,,
MAKP,Manikpura,Uttar Pradesh,26.9366,78.3904,osm,,
MAKR,Bina Malkhedi,Madhya Pradesh,24.1705,78.2235,osm,,
MALA,Mala,Uttar Pradesh,28.5876,79.9359,osm,माला,
MALB,Maliya Miyana Junction,Gujarat,23.1035,70.7548,osm,,
MALK,Malkapur Road,Madhya Pradesh,21.9047,77.9669,osm,,
MALM,Mantralayam Road,Andhra Pradesh,15.9443,77.2984,osm,,
MALR,Mallur,Tamil Nadu,11.5541,78.1348,osm,,
MAM,Mangal Mahudi,Gujarat,22.8385,74.0579,osm,,
MAN,Maninagar,Gujarat,22.9987,72.6114,osm,,
MANA,Mana,Maharashtra,20.7616,77.4691,osm,,
MAND,Mandurai,Tamil Nadu,10.8731,78.7862,datameet,,
MANE,Maneswar,Odisha,21.4113,84.044,datameet,,
MANG,Mahanagar,West Bengal,25.2475,88.2519,osm,,
MANI,Mani,Bihar,25.1657,84.2223,osm,,
MANK,Manki,Karnataka,14.1746,74.4937,osm,,ಮಂಕಿ
MANU,Manu,Tripura,23.9879,91.999,osm,,
MANW,Manwa,Uttar Pradesh,27.2117,80.8512,osm,,
MAO,Madgaon,Goa,15.2679,73.9707,datameet,,
MAP,Morappur,Tamil Nadu,12.1259,78.3948,osm,मोरप्पूर,
MAQ,Mangaluru Central,Karnataka,12.8634,74.8432,osm,,ಮಂಗಳೂರು ಕೇಂದ್
MAR,Mulanur,Andhra Pradesh,12.6625,78.4068,osm,,
MARD,Mavur Road,Tamil Nadu,10.6901,79.6289,osm,,
MAS,Chennai Central,Tamil Nadu,13.0824,80.276,osm,,
MASK,Maisar Khana,Punjab,30.0945,75.1505,osm,,
MAU,Mau Junction,Uttar Pradesh,25.9381,83.5634,osm,,
MAUL,Mauli Block Hut,Punjab,31.1674,75.7704,osm,,
MAUR,Maur,Punjab,30.063,75.2282,osm,,
MAV,Mariammankovil,Tamil Nadu,10.7733,79.1982,datameet,,
MAX,Mangudi,Tamil Nadu,10.7251,79.6281,osm,,
MAY,Mariahu,Uttar Pradesh,25.5969,82.598,osm,,
MAYP,Mayapur,,,,,,
MAYR,Mayar,Haryana,29.1,75.8619,osm,,
MAZ,Mangra,Jharkhand,23.8852,84.1171,osm,,
MB,Moradabad Junction,Uttar Pradesh,28.8314,78.7654,osm,मुरादाबाद जंक्शन,
MBA,Mahoba Junction,Uttar Pradesh,25.3064,79.8503,osm,,
MBB,Murshidabad Junction,West Bengal,24.1768,88.2815,osm,,
MBC,Mahananda Bge,West Bengal,25.1883,88.0834,datameet,,
MBD,Mustabada,Andhra Pradesh,16.5472,80.7326,osm,,
MBDP,Pratapgarh,Uttar Pradesh,25.91159,82.00079,osm,,
MBE,Mirzapur Bankipur,West Bengal,22.7908,88.2224,osm,,
MBF,Munabao,Rajasthan,25.7437,70.2772,osm,मुनाबाओ,
MBG,Maibang,Assam,25.3048,93.1359,osm,माईबांग,মাইবাং
MBGA,Marwar Bagra,Rajasthan,25.2094,72.595,osm,,
MBH,Mobha Road,Gujarat,22.1597,72.973,osm,मोभा रोड,મોભા રોડ
MBI,Madhubani,Bihar,26.3489,86.077,osm,,
MBL,Manubolu,Andhra Pradesh,14.2258,79.8771,osm,मनुबोलु,
MBM,Mambalam,Tamil Nadu,13.0381,80.2278,osm,मांबलम,
MBNL,Marwar Bhinmal,Rajasthan,25.001,72.2758,osm,,
MBNR,Mahbubnagar,Telangana,16.7578,77.9994,datameet,,
MBO,Mairabari,Assam,26.4513,92.4258,osm,,
MBP,Mohibullapur,Uttar Pradesh,26.9096,80.9395,osm,,
MBQ,Mumbra,Maharashtra,19.1899,73.0231,osm,मुंब्रा,
MBS,Madhosingh,Uttar Pradesh,25.2498,82.5514,osm,,
MBSK,Marwar Balia,Rajasthan,27.3584,74.5455,osm,,
MBT,Marwar Bithri,Rajasthan,27.0976,72.2807,osm,,
MBU,Melpattambakkam,Tamil Nadu,11.7854,79.6243,osm,,
MBV,Mirzapur Bachhau,Haryana,28.0734,76.1901,osm,,
MBW,Malwara,Rajasthan,24.802,72.27,osm,,
MBWC,Moradabad West,Uttar Pradesh,28.8387,78.7596,datameet,,
MBY,Mandi Dabwali,Haryana,29.9663,74.7007,osm,,
MC,Mandapam Camp,Tamil Nadu,9.2814,79.1376,osm,मंडपम शिविर,மண்டபம் முகாம்
MCA,Mecheda,West Bengal,22.4141,87.8588,datameet,,
MCF,Manikchowree,Chhattisgarh,21.005,81.7836,osm,मानिक चौरी हॉल्ट,
MCI,Manchiryal,Telangana,18.8788,79.4488,datameet,,
MCJ,Manjattidal,Tamil Nadu,10.7927,78.7317,osm,,
MCL,Madimangalam,Tamil Nadu,12.5977,79.1846,osm,,
MCLA,Macherla,Andhra Pradesh,16.4705,79.4388,osm,,
MCLE,Manchili,Andhra Pradesh,16.6633,81.6142,osm,,
MCN,Mukundarayapuram,Tamil Nadu,12.9782,79.2892,osm,,
MCO,Motihari Court,Bihar,26.6307,84.9056,osm,,
MCPE,Marwar Chapri,Rajasthan,26.7801,73.9088,osm,,
MCPK,Chepauk,Tamil Nadu,13.0619,80.2806,osm,,சேப்பாக்கம்
MCPT,Chintadaripet,Tamil Nadu,13.0738,80.2739,osm,चिंतादरीपेट,சிந்தாதிரிப்பேட்டை
MCQ,Mirchadhuri,Uttar Pradesh,24.2925,82.7942,osm,,
MCRD,Mecheri Road,Tamil Nadu,11.8049,77.9222,osm,,
MCS,Mancheswar,Odisha,20.3223,85.8449,osm,,
MCSC,Maharaja Chhatrasal Station Chhatarpur,Madhya Pradesh,24.878,79.6151,osm,,
MCTM,Udhampur,Jammu and Kashmir,32.92623,75.15362,osm,,
MCU,Mulakala Cheruvu,Andhra Pradesh,13.8017,78.2649,osm,,
MCV,Macharya,Uttar Pradesh,28.7715,78.8039,osm,,
MCVM,Machavaram,Andhra Pradesh,16.0258,80.5417,osm,माचवरम,
MCY,Machriawan,Bihar,25.4625,85.2944,datameet,,
MCZ,Mahabuang,Jharkhand,22.7154,84.9416,osm,महबुआंग,
MD,Madar,Rajasthan,26.465,74.6872,datameet,,
MDA,Mandhana Junction,Uttar Pradesh,26.5571,80.2228,osm,,
MDB,Mandor,Rajasthan,26.3507,73.042,osm,,
MDBP,Madhabpur,West Bengal,22.1202,88.3487,osm,,মাধবপুর
MDC,Makardaha,West Bengal,22.6287,88.2367,osm,,
MDCR,Masaudhi Court Halt,Bihar,25.3663,85.0439,datameet,,
MDD,Malad,Maharashtra,19.1867,72.8486,osm,मालाड,मालाड
MDDG,Maladgaon,Maharashtra,18.3735,74.5925,osm,,
MDDP,Mandideep,Madhya Pradesh,23.0938,77.5114,osm,,
MDE,Makhdumpur Gaya,Bihar,25.0775,84.9788,osm,,
MDF,Muradi,West Bengal,23.5932,86.8094,osm,,
MDG,Mandal Ghat,West Bengal,26.4365,88.7529,osm,मंडल घाट,
MDGR,Manendragarh,Chhattisgarh,23.2195,82.1978,osm,,
MDH,Mandhar,Chhattisgarh,21.3376,81.7047,osm,,
MDHA,Madhada,Gujarat,21.6081,71.9058,osm,,
MDJ,Muhammadganj,Jharkhand,24.4268,83.8702,osm,मोहम्मद गंज,
MDJN,Madar Junction,Rajasthan,26.4629,74.685,osm,,
MDKD,Madhukunda,West Bengal,23.6268,86.8692,osm,,
MDKI,Madukkarai,Tamil Nadu,10.9007,76.9425,osm,,
MDKU,Modukuru,Andhra Pradesh,16.1242,80.5828,osm,मोदुकूरु,
MDL,Mandal,Rajasthan,25.4391,74.5935,osm,,
MDLA,Mundlana,Haryana,29.2122,76.7578,osm,,
MDLE,Mandar Hill,Bihar,24.8061,87.0263,osm,,
MDLL,Muddalinganahalli,Karnataka,13.2429,77.2944,osm,,ಮುದ್ದಲಿಂಗನಹಳ್ಳಿ
MDLM,Mundalaram,Madhya Pradesh,23.6986,75.1106,osm,,
MDN,Midnapore,West Bengal,22.4251,87.3077,osm,,
MDNP,Madanpur Halt,Jharkhand,,,,,
MDNR,Modi Nagar,Uttar Pradesh,28.8287,77.5724,osm,,
MDP,Madhupur Junction,Jharkhand,24.271,86.6422,osm,,
MDPA,Mandpiya,Rajasthan,25.2584,74.6356,osm,,
MDPB,Madhopur Punjab,Punjab,32.361,75.5957,osm,,
MDPD,Mandapadu,Andhra Pradesh,16.3885,80.32,osm,,
MDPJ,Madanapur,Maharashtra,19.5652,78.1983,osm,,
MDPR,Modpur,Gujarat,22.2623,69.8122,osm,,
MDR,Madhira,Telangana,16.9223,80.3655,osm,,మధిర
MDRA,Medra,Gujarat,23.1287,72.7045,osm,,
MDRR,Madhavnagar Road,Madhya Pradesh,23.7872,80.3944,osm,,
MDS,Mandsor,Madhya Pradesh,24.0753,75.0763,osm,,
MDSA,Modasa,Gujarat,23.4526,73.3054,osm,,
MDSE,Madhu Sudanpur,West Bengal,22.8454,88.1927,osm,,
MDT,Madarihat,West Bengal,26.6943,89.2747,osm,,
MDU,Madurai Jn,Tamil Nadu,9.91991,78.1103,datameet,,
MDUN,Madhura Nagar,Andhra Pradesh,16.5253,80.6483,osm,,
MDVB,Mandar Vidyapith Halt,Bihar,24.8344,87.0203,datameet,,
MDVE,Mahendravadi,Tamil Nadu,13.0221,79.5174,osm,,
MDVK,Mahadevkhedi,Madhya Pradesh,24.2365,78.1947,osm,,
MDVL,Mandavalli,Andhra Pradesh,16.5187,81.1611,osm,,
MDVR,Madhavnagar,Maharashtra,16.8865,74.5755,osm,,
MDW,Marwar Mundwa,Rajasthan,27.0638,73.8159,osm,,
MDXR,Mudaria,Madhya Pradesh,23.358,81.0952,osm,,
ME,Masaipet,Telangana,17.8802,78.4669,osm,,
MEC,Merta City,Rajasthan,26.6515,74.0353,osm,,
MED,Medchal,Telangana,17.6399,78.4753,osm,,మేడ్చల్
MEE,Methai,Bihar,25.9066,86.7252,osm,मेटाई,
MEG,Meleng,Assam,26.6793,94.357,osm,मेलेंग,
MEH,Melattur,Tamil Nadu,12.9179,78.8753,osm,,
MEJ,Vanchi Maniyachchi Junction,Tamil Nadu,8.88104,77.8914,osm,वान्ची मणियाच्चि जंक्शन,வாஞ்சி மணியாச்சி சந்திப்பு
MEKM,Melakkonnakkulam,Tamil Nadu,9.73234,78.4664,osm,मेलक़ोन्नक्कुलम,மேலகொன்னக்குளம்
MELH,Melusar,Rajasthan,28.21,74.5346,osm,,
MEM,Mau Aimma Station,Uttar Pradesh,25.6981,81.9133,osm,,
MENP,Meenapur,Bihar,25.6139,87.8029,osm,,
MEP,Mahidpur Road,Madhya Pradesh,23.5677,75.5006,osm,महीदपुर रोड,
MEQ,Malethu Kanak,Uttar Pradesh,26.6038,82.1248,osm,,
MER,Metpanjra,Maharashtra,21.273,78.6756,osm,,
MES,Madurai East,Tamil Nadu,9.90908,78.1346,osm,,மதுரை கிழக்கு
MET,Malerkotla,Punjab,30.5158,75.8734,osm,,
METR,Methi Tikur,Uttar Pradesh,26.6988,80.4185,datameet,,
MEU,Mendu,Uttar Pradesh,27.6203,78.1198,osm,,
MEW,Marhaura,Bihar,25.9689,84.8509,osm,,
MEX,Mukerian,Punjab,31.942,75.6122,osm,,
MFA,Mukuria Junction,Bihar,25.6296,87.8874,osm,मुकुरिया जंक्शन,
MFB,Mustafabad,Haryana,30.1814,77.1224,osm,,
MFC,Monabari,Assam,26.8014,93.2516,osm,,
MFH,Mahrauli,Uttar Pradesh,28.6639,77.4688,datameet,,
MFJ,Muftiganj,Uttar Pradesh,25.7062,82.8215,osm,,
MFKA,Musafir Khana,Uttar Pradesh,26.3795,81.7996,osm,,
MFL,Misrauli,Uttar Pradesh,26.1144,81.8484,datameet,,
MFM,Mahalam,Punjab,30.9976,74.6979,osm,,
MFP,Muzaffarpur Junction,Bihar,26.1224,85.3784,osm,मुजफ्फरपुर रेलवे जंक्शन,
MFQ,Mahroi,Madhya Pradesh,23.9509,80.9188,osm,,
MFR,Mandla Fort,Madhya Pradesh,22.5839,80.3555,osm,,
MFX,Madaraha,Uttar Pradesh,25.2505,81.7301,osm,,
MFZ,Malahar,West Bengal,25.3031,87.9609,osm,,
MG,Model Gram,Punjab,30.8918,75.8364,osm,,
MGAE,Morgram,West Bengal,24.3048,88.0221,osm,,
MGB,Mudigubba,Andhra Pradesh,14.3488,77.9961,osm,,
MGC,Mugat,Maharashtra,19.1748,77.4269,osm,,
MGD,Mugad,Karnataka,15.4477,74.9049,osm,,ಮುಗದ
MGDR,Magardharra Ph,Madhya Pradesh,21.9655,80.1254,osm,,
MGE,Migrendisa,Assam,25.1752,93.0658,osm,मिग्रेनडिसा,
MGF,Mandagere,Karnataka,12.7295,76.379,osm,,ಮಂದಗೆರೆ
MGG,Mangliyagaon,Madhya Pradesh,22.8105,75.9149,osm,,
MGI,Manigachi,Bihar,26.2146,86.1462,osm,,
MGK,Mulagunnathukavu,Kerala,10.5957,76.2077,osm,,
MGKM,Mungiakami,Tripura,23.8849,91.712,osm,,
MGKP,Man Singh Ka Pura,Uttar Pradesh,26.809,78.7773,osm,,
MGL,Mangela,Karnataka,16.2232,75.7494,datameet,,
MGLE,Manigram,West Bengal,24.3431,88.1081,osm,,
MGLI,Mangli,Maharashtra,20.6509,79.6598,osm,,
MGLP,Mangolpuri,Delhi,28.6837,77.0915,osm,मंगोलपुरी,
MGM,Muragatcha,West Bengal,23.53,88.4211,osm,,
MGME,McCluskieganj,Jharkhand,23.652,84.9415,osm,मैकलुस्कीगँज,
MGMY,Mughal Sarai Marshaling Yard,Uttar Pradesh,25.2871,83.1362,datameet,,
MGN,Meghnagar,Madhya Pradesh,22.9077,74.5399,osm,मेघनगर,
MGO,Mahisgaon,Maharashtra,18.1096,75.4955,osm,,
MGPA,Munda Gopal Ashram,Uttar Pradesh,27.2635,81.1332,osm,,
MGPI,Mangarpatti Halt,Bihar,26.371,86.11,datameet,,
MGR,Munger,Bihar,25.3771,86.4814,osm,,
MGRD,Magardoh,Madhya Pradesh,22.2456,77.8942,osm,,
MGRL,Mangrolia,Gujarat,21.1543,73.1971,osm,,
MGRP,Meghrajpura,Himachal Pradesh,32.069,76.0813,osm,मेघ राज पुरा,
MGRR,Magarpur,Uttar Pradesh,25.3224,78.8594,osm,,
MGSJ,Magnesite Junction,Tamil Nadu,11.6948,78.0974,osm,,
MGSO,Mgso,,,,,,
MGT,Magra Hat,West Bengal,22.2404,88.3723,osm,,
MGTD,Meghpur Titodi,Gujarat,22.1398,69.457,osm,,
MGV,Molagavalli,Andhra Pradesh,15.3574,77.3724,osm,,
MGVK,Malegaon Vyenku,Maharashtra,21.3759,78.9561,datameet,,
MGW,Magarwara,Uttar Pradesh,26.5245,80.4312,osm,,
MGWD,Mahngarwal Doaba,Punjab,31.3273,76.0912,osm,,
MGWN,Mahgawan Halt,Uttar Pradesh,25.8173,82.6963,datameet,,
MGX,Mailongdisa,Assam,,,,,
MGZ,Maharajganj,Bihar,26.1083,84.5073,osm,,
MH,Marahra,Bihar,25.1002,85.4467,datameet,,
MHA,Marahra,Uttar Pradesh,27.7465,78.555,datameet,,
MHAD,Mohadi Pragane Laling,Maharashtra,20.8629,74.7794,osm,,
MHBA,Mathabhanga,West Bengal,26.3644,89.1994,osm,माथाभांगा,
MHBG,Mahadev Buzurg,Uttar Pradesh,27.4802,82.8447,osm,,
MHBT,Mahbubnagar Town,Telangana,16.7429,77.9828,osm,,
MHBZ,Mahtha Bazar,Uttar Pradesh,27.4251,82.9304,osm,,
MHC,Masrakh Junction,Bihar,26.1003,84.8093,osm,,
MHD,Mahemadavad Kheda Road,Gujarat,22.8192,72.7525,osm,,
MHDA,Mahdeiya,Madhya Pradesh,24.2095,82.5883,osm,,
MHDB,Mahadia,Odisha,20.7506,85.4768,osm,,
MHDP,Mahadevpura,Gujarat,23.6813,72.9503,osm,,
MHF,Mohari Junction,Rajasthan,26.7009,77.5541,osm,,
MHH,Maghar,Uttar Pradesh,26.7502,83.1337,osm,Khalilabad,
MHHR,Mahesra,Uttar Pradesh,28.8537,78.3194,osm,,
MHI,Manihari,Bihar,25.3432,87.6202,osm,,
MHJ,Mahajan,Rajasthan,28.7939,73.8536,osm,,
MHKT,MohKhuti,Assam,27.1059,94.8067,osm,महखूटी,
MHL,Mahwal,Bihar,26.3021,85.1258,osm,,
MHLC,Monkey Hill,Maharashtra,18.7692,73.3637,datameet,,
MHLN,Mahendralalnagar,West Bengal,22.6435,88.0915,osm,,
MHLT,Mahesh Leta Halt,Bihar,25.1509,86.1306,osm,,
MHMB,Mahimba,Maharashtra,19.4194,78.0746,osm,,
MHN,Mahanadi,West Bengal,26.8825,88.3192,osm,,
MHO,Mahpur,Uttar Pradesh,25.6043,83.2465,osm,,
MHOW,Mhow,Madhya Pradesh,22.5552,75.7711,datameet,,
MHP,Muhammadpur,Bihar,26.2376,85.8534,osm,,
MHPE,Mohope,Maharashtra,18.9438,73.195,osm,,
MHPR,Mahiyarpur,Bihar,25.413,87.6137,osm,,
MHQ,Mahuda,Jharkhand,23.7479,86.2694,osm,,
MHRG,Mahendragarh,Haryana,28.2809,76.1481,osm,,
MHRI,Machhrauli,Haryana,28.4864,76.6434,osm,,
MHRL,Mahrail,Bihar,26.2871,86.2811,osm,महरैल,
MHRN,Mahendranath Halt,Bihar,26.0047,84.5066,osm,,
MHSA,Maheshpur,Jharkhand,24.4631,85.6996,osm,,
MHT,New Manjhi,Bihar,25.8182,84.6037,osm,,
MHTR,Malihati Talibpur Road,West Bengal,23.7937,88.1262,osm,,
MHU,Manheru,Haryana,28.7005,76.2034,osm,,
MHUA,Mahudha,Gujarat,22.8131,72.9434,osm,,
MHUL,Mahuwala,Haryana,29.41,75.3164,osm,,
MHUR,Mohanpur,Jharkhand,24.4891,86.7861,osm,,
MHV,Mahuva Junction,Gujarat,21.0944,71.7569,osm,,
MHWL,Machrowal,Punjab,31.5149,75.6361,osm,,
MIA,Mania,Rajasthan,26.8059,77.9198,osm,मनियां,
MIAL,Milaoli,Madhya Pradesh,26.3003,78.12,osm,,
MIAN,Miangram,West Bengal,23.8518,88.1707,osm,,
MIB,Nagpur Moti Bagh,Maharashtra,21.1461,79.089,datameet,,
MID,Madhi,Gujarat,21.1457,73.2424,osm,,
MIG,Midghat,Madhya Pradesh,22.8251,77.6505,osm,मिडघाट,
MIH,Mihrawan,Uttar Pradesh,25.8707,82.6939,osm,,
MIJ,Majhdia,West Bengal,23.4149,88.7195,osm,,
MIK,Manikui,Jharkhand,22.92,86.0671,osm,,
MIL,Milak,Uttar Pradesh,28.6125,79.1641,osm,मिलक,
MILA,Milakpur Halt,Uttar Pradesh,27.9883,79.718,datameet,,
MILE,Mile-Fiveb,West Bengal,22.5099,88.3432,datameet,,
MIM,Maniram,Uttar Pradesh,26.8403,83.3408,osm,,
MIN,Mihinpurwa,Uttar Pradesh,28.0268,81.3852,osm,मिहीनपुर्वा,
MINA,Miyana,Madhya Pradesh,24.8572,77.4734,osm,,
MINJ,Maikalganj,Uttar Pradesh,27.7173,80.3379,osm,,
MIO,Molisar,Rajasthan,28.1448,74.7666,osm,,
MIPM,Marripalem,Andhra Pradesh,17.7365,83.2526,osm,,
MIQ,Mirhakur,Uttar Pradesh,27.1508,77.866,osm,,
MIR,Maijapur,Uttar Pradesh,27.144,81.806,osm,मैजापुर,
MIRA,Mira Road,Maharashtra,19.2817,72.8561,osm,मीरा रोड,मिरा रोड
MITA,Mitha,Gujarat,24.0833,71.6807,osm,,
MIU,Maripat,Uttar Pradesh,28.5876,77.496,osm,,
MIW,Mighauna,Uttar Pradesh,28.2367,79.8293,osm,,
MIX,Manipuram Cabin,Andhra Pradesh,16.2995,80.4576,datameet,,
MIYN,Maniyan,Bihar,25.5235,87.6074,osm,,
MJ,Marwar Junction,Rajasthan,25.7213,73.6097,osm,,
MJA,Meja Road,Uttar Pradesh,25.2225,82.0872,osm,,
MJBK,Manjari Budruk,Maharashtra,18.5122,73.9719,osm,,
MJBT,Mazbat,Assam,26.7844,92.2872,osm,,
MJE,Mujnai,West Bengal,26.6932,89.1895,osm,,
MJF,Malkajgiri,Telangana,17.4483,78.529,osm,,
MJG,Majhagawan,Madhya Pradesh,24.9138,80.8119,osm,,
MJGP,Majhgawan Phatak,Madhya Pradesh,23.8736,80.3506,osm,,
MJH,Maju,West Bengal,22.616,88.0788,osm,,
MJHL,Majada Halt,Uttar Pradesh,28.4618,78.7432,datameet,,
MJHR,Majhiari,Uttar Pradesh,25.1787,81.5196,osm,,
MJKN,Majri Khadan,Maharashtra,20.1187,79.0272,osm,माजरी खदान,
MJL,Majhowalia,Bihar,26.8018,84.6194,osm,,
MJM,Manjhauligram H,Bihar,25.4786,85.4199,osm,,
MJN,Makum,Assam,27.487,95.4393,osm,,
MJNL,Majri Nangal,Rajasthan,28.0131,76.5556,osm,,
MJO,Majorda Junction,Goa,15.3138,73.9219,osm,,
MJP,Maharajpur,Jharkhand,25.2071,87.747,osm,महाराजपुर,
MJPB,Manjhra Purab,Uttar Pradesh,28.2749,81.0516,osm,मंझरा पूरब,
MJR,Minjur,Tamil Nadu,13.2813,80.2602,osm,,
MJRI,Majri Junction,Maharashtra,20.1393,79.043,osm,माजरी जंक्शन,
MJS,Manjeshwar,Kerala,12.7249,74.8874,osm,मंजेश्वरम,മഞ്ചേശ്വരം
MJT,Majherhat,West Bengal,22.5191,88.3221,osm,,
MJTA,Majitha,Punjab,31.7585,74.9491,osm,मजीठा,
MJV,Manjhagarh,Bihar,26.4176,84.5045,osm,,
MJY,Maramjhiri,Madhya Pradesh,21.9445,77.8834,osm,मरामझिरी,
MJZ,Majhola Pakarya,Uttarakhand,28.8208,79.8919,osm,मझोला पकड़िया,
MK,Miranpur Katra,Uttar Pradesh,28.0368,79.6753,osm,मीरानपुर कटरा,
MKA,Mokameh Junction,Bihar,25.3921,85.9142,osm,,
MKB,Mankatha,Bihar,25.2071,86.0572,osm,,
MKBH,Manwala Kot Bhaktu,Punjab,30.0403,74.9517,osm,,
MKC,Maksi Junction,Madhya Pradesh,23.2521,76.1585,osm,,
MKD,Markundi,Uttar Pradesh,25.0182,80.9485,osm,,
MKDD,Mukundwadi Halt,Maharashtra,19.8595,75.3675,datameet,,
MKDI,Makudi,Maharashtra,19.5374,79.4788,osm,,
MKDN,Markadhana,Madhya Pradesh,22.1111,78.5028,osm,,
MKG,Manak Nagar,Uttar Pradesh,26.8107,80.8909,osm,,
MKH,Malakhera,Rajasthan,27.3908,76.6192,osm,,
MKHI,Makhi,Uttar Pradesh,26.6614,80.4611,datameet,,
MKHR,Marwar Khara,Rajasthan,27.0604,72.1295,osm,,
MKI,Bapudham Motihari,Bihar,26.6555,84.9052,datameet,,
MKJ,Makkajipalli,Andhra Pradesh,14.196,77.6285,osm,,
MKK,Kodambakkam,Tamil Nadu,13.0517,80.2307,osm,,
MKL,Makalidurga,Karnataka,13.4099,77.5098,osm,,
MKLI,Makrauli,Haryana,28.9492,76.6288,osm,,
MKM,Marikuppam,Karnataka,12.9188,78.2637,osm,,ಮಾರಿಕುಪ್ಪಂ
MKN,Makrana Junction,Rajasthan,27.0371,74.7252,osm,,
MKO,Markona,Odisha,21.1954,86.5963,osm,,
MKP,Manikpur Junction,Uttar Pradesh,25.0632,81.0941,osm,,
MKPR,Muktapur,Bihar,25.8847,85.7956,osm,,
MKPT,Malikpeth,Maharashtra,17.8763,75.635,osm,,
MKR,Maddikera,Andhra Pradesh,15.2564,77.4122,osm,,
MKRA,Makrera,Rajasthan,26.3112,74.5336,osm,,
MKRD,Machkunda Road,Odisha,18.5671,82.6672,osm,,
MKRH,Mallickpur Hat,West Bengal,25.3226,88.6916,osm,,
MKRL,Moti Koral,Gujarat,21.8352,73.2045,osm,मोटी कोरल,મોટી કોરલ
MKRN,Makronia,Madhya Pradesh,23.8666,78.8092,osm,,
MKS,Muktsar,Punjab,30.4788,74.5147,osm,मुक्तसर,ਮੁਕਤਸਰ
MKSP,Mukhasa Parur,Tamil Nadu,11.5662,79.2409,osm,,
MKSR,Mokalsar,Rajasthan,25.6272,72.5197,osm,,
MKT,Mukhtiara Balwada,Madhya Pradesh,22.3854,75.978,osm,,
MKTP,Mukteswar,Odisha,19.9187,85.4376,osm,,
MKU,Malkapur,Maharashtra,20.892,76.204,osm,,
MKWI,Makarwadi,Rajasthan,26.5349,74.6565,osm,,
MKX,Morak,Rajasthan,24.7294,75.9737,osm,,
MKY,Mekkudi,Tamil Nadu,10.8711,78.6287,datameet,,
MKZ,Mahkepar Road,Madhya Pradesh,21.6329,79.6789,datameet,,
ML,Malhaur,Uttar Pradesh,26.8537,81.0408,osm,,
MLAR,Malanpur,Madhya Pradesh,26.392,78.2607,osm,,
MLB,Modlimb,Maharashtra,17.9169,75.4053,osm,,
MLBZ,Malbazar,West Bengal,26.8659,88.7374,osm,मालबाजार,
MLC,Malkisar,Rajasthan,28.6441,73.8653,osm,,
MLD,Malihabad,Uttar Pradesh,26.9309,80.7148,osm,मलिहाबाद,
MLDE,Madlauda,Haryana,29.4,76.81,osm,,
MLDT,Malda Town,West Bengal,25.016,88.1306,osm,मालदा टाउन,মালদা টাউন
MLFC,Malda Court,West Bengal,25.0114,88.1628,osm,,
MLG,Malhargarh,Madhya Pradesh,24.2666,74.9737,osm,,
MLGH,Mandalgarh,Rajasthan,25.1943,75.0811,osm,,
MLGT,Mallappa Gate,Andhra Pradesh,15.2236,77.387,osm,,
MLH,Manaklao,Rajasthan,26.4562,73.0204,osm,,
MLHA,Maliya Hatina,Gujarat,21.1596,70.2995,osm,,
MLHS,Light House,Tamil Nadu,13.0455,80.277,osm,लाइट हाउज़,கலங்கரை விளக்கம்
MLI,Mangaliyawas,Rajasthan,26.2802,74.495,osm,,
MLIH,Mauli Halt,Punjab,31.175,75.7692,datameet,,
MLJ,Mohanlalganj,Uttar Pradesh,26.6859,80.9842,osm,,
MLK,Malkapuram,Andhra Pradesh,15.369,77.9675,osm,,
MLKA,Maluka,Jharkhand,22.202,85.673,osm,मालुका,
MLKH,Mulewal Khaira,Punjab,31.1035,75.3002,osm,,
MLKP,Malikpur,Uttar Pradesh,27.1618,79.6902,datameet,,
MLM,Malthan,Maharashtra,18.3691,74.7243,osm,,
MLMG,Mallemadugu,Telangana,17.3247,80.1606,osm,,మల్ళెమడుగు
MLMR,Melmaruvattur,Tamil Nadu,12.4287,79.8329,osm,,
MLN,Mailani Junction,Uttar Pradesh,28.2845,80.3477,osm,मैलानी जंक्शन,
MLND,Mulund,Maharashtra,19.1721,72.9567,osm,मुलुंड,
MLNH,Malancha,West Bengal,25.3608,88.6026,osm,,
MLO,Malur,Karnataka,12.9929,77.9387,osm,,
MLP,Mallapur,Karnataka,15.6726,75.6107,osm,,ಮಲ್ಲಾಪೂರ
MLPM,Melpakkam,Tamil Nadu,13.0807,79.6592,datameet,,
MLPR,Malipur,Uttar Pradesh,26.2811,82.6308,osm,,
MLQ,Malkera Junction,Jharkhand,23.7797,86.297,osm,,
MLR,Malkhed,Maharashtra,20.8222,77.865,osm,,
MLS,Malasa,Uttar Pradesh,26.287,79.9048,osm,,
MLSA,Mallasandra,Karnataka,13.335,77.0154,osm,,ಮಲ್ಲಸಂದ್ರ
MLSR,Malsar,Gujarat,21.8899,73.3154,osm,,
MLSU,Malsailu,Maharashtra,19.8677,77.1229,osm,,
MLT,Malatipatpur,Odisha,19.8658,85.8315,osm,,
MLTR,Melattur,Kerala,11.0652,76.2728,osm,,
MLU,Malugur,Andhra Pradesh,13.8918,77.5417,osm,मलुगूर,
MLV,Mallarpur,West Bengal,24.0776,87.7253,osm,,
MLW,Mallanwan,Uttar Pradesh,27.0386,80.1583,osm,,
MLX,Mullanpur,Punjab,30.8377,75.6649,osm,,
MLY,Moula Ali,Telangana,17.4407,78.5507,osm,,
MLYA,Maliya Halt,West Bengal,22.8317,88.1375,osm,,
MLYC,Maula Ali,Telangana,17.4472,78.5481,datameet,,
MLYG,Mlyg,Telangana,17.4553,78.5342,datameet,,
MLYR,Melnariyappanur,Tamil Nadu,11.6159,78.8146,osm,,
MLZ,Malarna,Rajasthan,26.2311,76.5352,osm,मलारना,
MM,Mahim Junction,Maharashtra,19.0407,72.8466,osm,माहिम जंक्शन,माहिम जंक्शन
MMA,Muhammadabad,Uttar Pradesh,26.0263,83.3758,osm,,
MMB,Mahmudabad Avadh,Uttar Pradesh,27.2898,81.114,osm,महमूदाबाद अवध,
MMC,Mahamandir,Rajasthan,26.3094,73.0387,osm,,
MMCC,Moor Market,Tamil Nadu,13.0849,80.2752,datameet,,
MMD,Maheshmunda Junction,Jharkhand,24.2329,86.3906,osm,महेशमुण्डा जंक्शन,
MMDA,Muthalamada,Kerala,10.628,76.7731,osm,,
MMDL,Mohini Mandal(h,Bihar,26.6787,85.3891,datameet,,
MMDP,Mohamadpur,Bihar,24.8774,85.4156,datameet,,
MME,Mul Marora,Maharashtra,20.0539,79.6589,osm,,
MMG,Madhyamgram,West Bengal,22.6948,88.453,osm,मध्यमग्राम,
MMH,Mahadanapuram,Tamil Nadu,10.9536,78.2995,osm,,மகாதானபுரம்
MMK,Madurantakam,Tamil Nadu,12.5047,79.8933,osm,,
MMKB,Mekra Mamarkhabad Halt,Bihar,25.4722,85.828,osm,,
MML,Madan Mahal,Madhya Pradesh,23.1603,79.9208,osm,,
MMLN,Mahuamilan,Jharkhand,23.6671,84.7983,osm,,
MMM,Mandapam,Tamil Nadu,9.28078,79.1573,osm,मंडपम,மண்டபம்
MMNK,Maraimalai Nagar Kamarajar,Tamil Nadu,12.7965,80.0202,osm,,
MMP,Mambalappattu,Tamil Nadu,11.9525,79.3739,osm,,
MMPL,Mantapapalle,Andhra Pradesh,14.3218,79.0802,osm,,
MMPR,Mamdapur,Telangana,17.3801,78.9826,osm,,
MMR,Manmad Jn,Maharashtra,20.2499,74.4383,datameet,,
MMRB,Manmad B Cabin,Maharashtra,20.2315,74.4496,datameet,,
MMS,Mandasa Road,Andhra Pradesh,18.8407,84.4949,osm,,
MMU,Mugma,Jharkhand,23.7519,86.7487,osm,,
MMV,Mahali Marup,Jharkhand,22.7575,85.8798,osm,,
MMVR,Murga Mahadev Road,Odisha,22.0602,85.4655,osm,,
MMY,Marwar Mathaniya,Rajasthan,26.5334,72.9784,osm,,
MMZ,Mandamari,Telangana,18.9702,79.4698,osm,मंदमरि,
MN,Meenambakkam,Tamil Nadu,12.9847,80.1751,osm,,
MNAE,Mankar,West Bengal,23.4203,87.5548,osm,,
MNC,Madankata,Jharkhand,24.1649,86.7039,osm,,
MNCR,Monacherra,Assam,24.612,92.5501,osm,,
MND,Munderwa,Uttar Pradesh,26.7768,82.9034,osm,,
MNDA,Mandura,Maharashtra,20.7799,77.523,osm,,
MNDH,Mandir Hasaud,Chhattisgarh,21.226,81.7738,osm,,
MNDP,Mendipathar,Assam,25.915,90.6339,osm,,
MNDR,Mandi Dhanaura,Uttar Pradesh,28.9528,78.2614,osm,,
MNDU,Mandu,Jharkhand,23.8065,85.4728,osm,मांडू,
MNDV,Mandawariya,Rajasthan,26.625,74.8962,osm,,
MNDY,Mandaveli,Tamil Nadu,13.0281,80.2606,osm,,மந்தைவெளி
MNE,Mansi Junction,Bihar,25.5091,86.5553,osm,,
MNF,Manda Road,Uttar Pradesh,25.1635,82.2374,osm,,
MNGD,Muniguda,Odisha,19.6271,83.4887,osm,,
MNGR,Mohan Nagar,Rajasthan,29.5081,73.467,osm,,
MNGT,Mysore New Good,Karnataka,12.3385,76.6425,datameet,,
MNGV,Mota Miya Mangrol,Gujarat,21.4615,73.1537,osm,,
MNH,Munsirhat,West Bengal,22.649,88.0954,osm,,
MNHA,Mindha,Rajasthan,27.1086,75.33,osm,,
MNHL,Majheran Himachal,Himachal Pradesh,32.0476,76.6094,osm,,
MNI,Mangaon,Maharashtra,18.2475,73.2754,osm,मानगांव,माणगांव
MNJ,Manoharganj,Uttar Pradesh,25.525,81.5591,datameet,,
MNJR,Manjhlepur,Uttar Pradesh,25.9946,81.1786,datameet,,
MNKB,Miyon Ka Bara,Rajasthan,25.8727,72.7287,osm,,
MNKD,Mankhurd,Maharashtra,19.0482,72.9317,osm,मानखुर्द,
MNKN,Manikalan Halt,Uttar Pradesh,25.9175,82.6912,datameet,,
MNL,Minchnal,Karnataka,16.9706,75.8218,osm,,ಮಿಂಚನಾಳ
MNLI,Manali,Tamil Nadu,10.5786,79.6413,osm,,
MNM,Manamadurai Junction,Tamil Nadu,9.683,78.4538,osm,मानामदुरै जंक्शन,மானாமதுரை சந்திப்பு
MNME,Manamadurai East,Tamil Nadu,9.69778,78.4544,datameet,,
MNMU,Mani Mau,Uttar Pradesh,26.9893,79.9654,osm,,
MNO,Mehnar Road,Bihar,25.6543,85.5045,osm,,
MNP,Mananpur,Bihar,25.1056,86.1557,osm,,
MNPR,Mianpur,Punjab,30.9123,76.5665,osm,मियांपुर,
MNPT,Mungilipattu,Andhra Pradesh,13.5564,79.2412,osm,,
MNQ,Mainpuri Junction,Uttar Pradesh,27.2167,79.0337,osm,,
MNR,Makkhanpur,Uttar Pradesh,27.1152,78.4832,osm,मक्खनपुर,
MNS,Manshahi,Bihar,25.4742,87.5886,osm,,
MNSR,Manaksar,Rajasthan,29.6799,74.3837,osm,,
MNTT,Mulanturutti,Kerala,9.89777,76.3907,osm,,
MNU,Mundikota,Maharashtra,21.373,79.8351,osm,,
MNUR,Mannanur,Kerala,10.7493,76.3243,osm,,
MNV,Mungaoli,Madhya Pradesh,24.4023,78.1119,osm,,
MNVL,Manwal,Jammu and Kashmir,32.769,75.1322,osm,,
MNWL,Manwal,Jammu and Kashmir,32.7691,75.1322,datameet,,
MNX,Manganallur,Tamil Nadu,11.0242,79.6498,datameet,,
MNY,Mankara,Kerala,10.7721,76.5004,osm,,
MNZ,Manani,Uttar Pradesh,29.8846,77.499,osm,,
MO,Mohol,Maharashtra,17.8046,75.6762,osm,,
MOA,Manopad,Telangana,15.9935,77.9421,osm,,
MOAR,Manipur Bagan,Assam,24.4085,92.5417,osm,मणिपुर बागान,
MOB,Manoharabad,Telangana,17.7556,78.4544,osm,,
MOBD,Moabund,Assam,26.6689,94.0722,osm,,
MOD,Morampudi,Andhra Pradesh,16.3561,80.6202,osm,,
MOF,Mondh,Uttar Pradesh,25.4269,82.4869,osm,,
MOG,Mohiuddinnagar,Bihar,25.6065,85.7037,osm,,
MOGA,Moga,Punjab,30.8175,75.1688,osm,,
MOHR,Mohana,Haryana,29.043,76.8553,osm,,
MOI,Mori Bera,Rajasthan,25.0354,73.1362,osm,,
MOJ,Mohana,Madhya Pradesh,25.8973,77.7631,osm,,
MOL,Muli road,Gujarat,22.676,71.4346,osm,,
MOLK,Molakarampatti,Tamil Nadu,12.4558,78.535,osm,,
MOM,Maman,Uttar Pradesh,28.3304,77.8611,datameet,,
MOMU,Molakalmuru,Karnataka,14.7096,76.7462,osm,,ಮೊಳಕಾಲ್ಮೂರು
MON,Modran,Rajasthan,25.187,72.4471,osm,,
MONJ,Monglajhora Halt,Assam,26.2506,89.9537,osm,,
MONR,Mohanur,Tamil Nadu,11.0689,78.1399,osm,,
MOO,Muddanuru,Andhra Pradesh,14.689,78.3973,osm,,
MOP,Mohitnagar,West Bengal,26.5307,88.6677,osm,मोहितनगर,
MOPR,Mohanpura,Rajasthan,29.9718,73.8408,osm,,
MOR,Mor,Bihar,25.4313,85.8578,osm,,
MORA,Moraiya,Gujarat,22.9306,72.4408,osm,,
MOT,Malout,Punjab,30.1854,74.4962,osm,,
MOTA,Mota,Uttar Pradesh,27.2893,79.2543,osm,,
MOTC,Motichur,Uttarakhand,29.9807,78.1773,osm,मोतीचूर,
MOTG,Motiganj,Uttar Pradesh,27.0968,82.1153,osm,,
MOTH,Moth,Uttar Pradesh,25.741,78.9487,osm,,
MOU,Manoharpur,Jharkhand,22.374,85.1978,osm,मनोहरपुर,
MOW,Manawala,Punjab,31.6126,74.9666,osm,,
MOX,Moran,Assam,27.1472,94.8886,osm,,
MOY,Mohri,Haryana,30.2555,76.8505,osm,मोहरी,
MOZ,Muzaffarnagar,Uttar Pradesh,29.47,77.7082,osm,मुज़फ़्फ़रनगर,
MP,Melappalaiyam,Tamil Nadu,8.70454,77.7002,osm,,மேலப்பாளையம்
MPA,Manaparai,Tamil Nadu,10.6073,78.4181,osm,मनपारै,
MPC,Muttampatti,Tamil Nadu,11.984,78.1535,osm,,
MPD,Madpur,West Bengal,22.3693,87.4431,osm,,
MPE,Malatipur,West Bengal,22.6517,88.7626,osm,,
MPF,Muirpur Road,Uttar Pradesh,24.206,83.0943,osm,,
MPG,Manpur Nagaria,Uttar Pradesh,27.9083,78.8182,datameet,,
MPH,Mundha Pande,Uttar Pradesh,28.7999,78.9398,osm,,
MPI,Melpatti,Tamil Nadu,12.8583,78.7952,osm,,
MPJ,Madanpur,West Bengal,23.0054,88.4898,osm,,
MPK,Chennai Park,Tamil Nadu,13.0808,80.2731,osm,,
MPKT,Chennai Park Town,Tamil Nadu,13.0796,80.2763,osm,,பூங்கா நகர்
MPL,Madanapalle Road,Andhra Pradesh,13.6444,78.5557,osm,,
MPLE,Mahipal,West Bengal,24.2975,88.1764,osm,,
MPLI,Minnampalli,Tamil Nadu,11.671,78.2853,osm,,
MPLM,Murthipalayam,Tamil Nadu,11.0214,78.0226,osm,,மூர்த்திபாளையம்
MPLR,Mahipal Road,West Bengal,24.2891,88.1886,osm,,
MPLY,Meppuliyur,Tamil Nadu,11.6764,79.3066,datameet,,
MPML,Mohapani Mal,Madhya Pradesh,21.8121,78.91,datameet,,
MPN,Madhyampur,West Bengal,22.6204,88.8967,osm,,
MPNH,Majnupur Nawada,Bihar,25.5443,85.9251,osm,,
MPO,Manpur Junction,Bihar,24.8069,85.0447,osm,,
MPR,Makarpura,Gujarat,22.2337,73.1759,osm,,
MPRA,Mohammadpur,Assam,24.5091,92.5927,osm,,
MPRD,Mathurapur Road,West Bengal,22.1406,88.3909,datameet,,
MPT,Mangalampeta,Andhra Pradesh,13.5667,79.0734,osm,,
MPU,Medapadu,Andhra Pradesh,17.0054,82.097,osm,,
MPUE,Mainpuri Kachri,Uttar Pradesh,27.2271,79.0656,datameet,,
MPUR,New Madanpur,Jharkhand,24.3124,87.2268,osm,,
MPY,Murarpur,Bihar,25.2328,86.8869,osm,,
MQ,Mannargudi,Tamil Nadu,10.6751,79.4554,osm,मन्नारगुडी,மன்னார்குடி
MQA,Matoda,Gujarat,,,dropped: trains zig-zag through it,,
MQC,Mundka,Delhi,28.6891,77.0291,osm,मुण्डका,
MQE,Mohammad Khera,Madhya Pradesh,23.3837,76.6648,osm,,
MQG,Milangarh,West Bengal,25.3695,87.8966,osm,,
MQJ,Maradam Halt,Andhra Pradesh,18.3456,83.3326,osm,,
MQL,Mirkhal,Maharashtra,19.2038,76.9158,osm,,
MQN,Manyamkonda,Telangana,16.6833,77.9059,osm,,
MQO,Munroe Thuruttu,Kerala,8.99453,76.6116,osm,,
MQP,Makrandpur,Uttar Pradesh,28.2127,79.29,osm,,
MQQ,Markahandi U Halt,Madhya Pradesh,22.0499,79.1913,datameet,,
MQR,Malkhaid Road,Karnataka,17.1474,77.1743,osm,,ಮಳಖೇಡ ರಸ್ತೆ
MQS,Malsian Shahkot,Punjab,31.1099,75.355,osm,,
MQU,Murukkampuzha,Kerala,8.61314,76.8305,osm,,
MQW,Mallannagar,Uttar Pradesh,,,,,
MQX,Meralgram,Jharkhand,24.1974,83.7099,osm,,
MQZ,Mota Jadra,Gujarat,21.0843,71.7125,osm,,
MR,Martur,Karnataka,17.1997,76.9022,osm,,ಮರತೂರ
MRA,Morena,Madhya Pradesh,26.5013,78.0029,osm,मुरैना,
MRB,Munirabad,Karnataka,15.308,76.3364,osm,मुनिराबाद,ಮುನಿರಾಬಾದ
MRBD,Moinarband,Assam,24.8539,92.834,osm,मयनारबन्द,
MRBL,Muribahal,Odisha,20.3854,83.0174,osm,मुरीबाहाल,ମୁରିବହାଲ
MRC,Marichethal,Karnataka,16.1099,77.3094,osm,मारिचिताल,ಮರ್ಚೆಟಹಾಳ
MRD,Manund,Gujarat,23.7316,72.2383,osm,,
MRDA,Maroda,Maharashtra,20.0952,79.6607,datameet,,
MRDD,Mordar,Madhya Pradesh,21.7426,76.4496,osm,,
MRDG,Maradanga,West Bengal,26.3005,89.5566,osm,,
MRDL,Meramandali,Odisha,20.8019,85.3053,osm,,
MRDP,Muradpur,Uttar Pradesh,26.2315,83.5172,osm,,
MRDW,Murdeshwar,Karnataka,14.1008,74.5054,osm,,ಮುರುಡೇಶ್ವರ
MRE,Manauri,Uttar Pradesh,25.4698,81.6619,osm,,
MRF,Marpalli,Telangana,17.5457,77.7719,osm,,
MRG,Margherita,Assam,27.2893,95.6729,osm,मार्घेरिटा,মাৰ্ঘেৰিটা
MRGA,Miryalaguda,Telangana,16.8601,79.534,osm,,
MRGM,Mourigram,West Bengal,22.5803,88.256,osm,,
MRHA,Murahara,Bihar,24.9141,86.9336,osm,,
MRHT,Moranhat,Assam,27.1828,94.9193,osm,,
MRIJ,Murliganj,Bihar,25.8888,86.9995,osm,मुरलीगंज,
MRJ,Miraj Junction,Maharashtra,16.8187,74.6398,osm,,
MRJD,Marajdwa,Bihar,27.043,84.6077,osm,,
MRK,Markapur Road,Andhra Pradesh,15.7153,79.3037,osm,,
MRKL,Marikal,Telangana,16.5952,77.7286,osm,,
MRL,Maroli,Gujarat,21.0201,72.8905,osm,मरोली,
MRLA,Mariyalaganavadi,Karnataka,11.9545,76.9004,osm,,
MRLI,Murli Halt,Jharkhand,25.0168,87.7728,osm,,
MRLM,Marudalam,Tamil Nadu,12.9967,79.3967,osm,,
MRM,Mamanduru,Andhra Pradesh,13.7448,79.461,osm,,
MRN,Morwani,Madhya Pradesh,23.276,74.9782,osm,,
MRND,Morinda Junction,Punjab,30.7953,76.5047,osm,मोरिंडा,
MROA,Mora,Uttar Pradesh,27.5114,77.582,osm,,
MRPL,Marampalli,Andhra Pradesh,16.8438,81.6336,osm,,
MRPM,Mathurapur Mor Halt,Uttar Pradesh,29.661,78.4222,datameet,,
MRPR,Mau Ranipur,Uttar Pradesh,25.2607,79.1371,osm,,
MRQ,Matari,Jharkhand,23.8406,86.2391,osm,,
MRR,Murarai,West Bengal,24.4404,87.8586,osm,,
MRSH,Morshi,Maharashtra,21.3266,77.9963,osm,,
MRT,Mathura Cantonment,Uttar Pradesh,27.4911,77.685,osm,,
MRTA,Muraitha,Bihar,26.3698,85.7866,datameet,,
MRTD,Mortad,Telangana,18.8206,78.4531,osm,,
MRTL,Mirthal,Punjab,32.1125,75.6083,osm,,
MRTY,Murti,Maharashtra,18.6906,76.5862,osm,,
MRU,Matunga Road,Maharashtra,19.0278,72.8467,osm,माटुंगा रोड,माटुंगा रोड
MRV,Marsul,Maharashtra,19.2343,77.0991,osm,,
MRWS,Marwar Ranawas,Rajasthan,25.6687,73.7412,osm,,
MRX,Murud,Maharashtra,18.3804,76.2511,osm,,
MRYA,Meriyana,Gujarat,21.2037,71.4116,osm,,
MRZA,Mirza,Assam,26.0731,91.518,osm,मिर्जा,
MS,Chennai Egmore,Tamil Nadu,13.0777,80.2613,osm,,
MSAE,Masagram Junction,West Bengal,23.1351,88.0427,osm,,
MSB,Chennai Beach,Tamil Nadu,13.0903,80.2916,datameet,,
MSBR,Musahibpur,Punjab,31.9847,75.6101,osm,,
MSC,Chennai Chetpet,Tamil Nadu,13.0743,80.2424,osm,,
MSD,Masjid,Maharashtra,18.9523,72.8382,osm,मस्जिद,मस्जिद
MSDG,Masoba Dongargaon,Maharashtra,17.2698,75.1386,osm,,
MSDH,Masnadih,Bihar,26.9203,84.8172,osm,मसनाडीह,
MSDL,Mahisadal,West Bengal,22.1761,88.0104,osm,,
MSDN,Masudan,Bihar,25.2348,86.3577,osm,,
MSDR,Murshadpur,Uttar Pradesh,29.5729,78.376,osm,,
MSE,Masani,Uttar Pradesh,27.5183,77.6711,osm,,
MSF,Chennai Fort,Tamil Nadu,13.0835,80.2829,datameet,,
MSH,Mahesana Junction,Gujarat,23.6028,72.389,osm,,
MSHF,Mahesana,Gujarat,23.6033,72.3894,datameet,,
MSHM,Mahesana,Gujarat,23.6061,72.3888,datameet,,
MSHW,Musharwa Halt,Bihar,27.0516,84.487,datameet,,
MSK,Mahes Khunt,Bihar,25.4611,86.6416,osm,,
MSL,Machhlandapur,West Bengal,22.8565,88.7452,osm,,
MSMD,Mahasamund,Chhattisgarh,21.1133,82.1044,osm,महासमुन्द,
MSMI,Misamari Halt,Assam,26.8125,92.5954,osm,,
MSN,Mursan,Uttar Pradesh,27.5742,77.9363,datameet,,
MSO,Misrod,Madhya Pradesh,23.1685,77.4586,osm,,
MSOD,Masodha,Uttar Pradesh,26.7073,82.1258,osm,,
MSP,Mansurpur,Uttar Pradesh,29.3572,77.7184,osm,,
MSQ,Marwar Ratanpur,Rajasthan,24.6772,72.1428,osm,,
MSR,Masur,Maharashtra,17.4051,74.1448,osm,,
MSRP,Murhesi Rampur,Uttar Pradesh,27.4123,77.628,osm,,
MSS,Masarahalli,Karnataka,13.8106,75.7306,osm,,ಮಸರಹಳ್ಳಿ
MSSD,Maheshari Sandhuan,Punjab,30.8481,74.9925,osm,,
MSSN,Maishashan,Assam,24.8225,92.2884,osm,महिषासन,
MST,Masit,Uttar Pradesh,27.275,80.2526,osm,मसित,
MSTH,Misrikh Tirath,Uttar Pradesh,27.4295,80.5363,osm,,
MSU,Mosur,Tamil Nadu,13.0849,79.7122,osm,,
MSV,Mustara,Uttar Pradesh,25.491,78.6032,osm,,
MSW,Maskanwa,Uttar Pradesh,27.0014,82.3597,osm,,
MSWA,Masaniwala,Rajasthan,29.4544,73.5293,osm,,
MSZ,Mansa,Punjab,29.9883,75.4041,osm,,
MT,Matera,Uttar Pradesh,27.7838,81.5548,osm,,
MTA,Mathela,Madhya Pradesh,21.8788,76.3891,osm,,
MTAP,Matania Anantapur,West Bengal,22.636,88.8864,osm,,
MTB,Matlabpur,Uttar Pradesh,28.9901,78.6574,osm,,
MTBG,Matia Barghat Halt,Uttar Pradesh,26.9415,83.7571,datameet,,
MTC,Meerut City Junction,Uttar Pradesh,28.979,77.6757,osm,मेरठ नगर जंक्शन,
MTCN,Thiruvallikeni,Tamil Nadu,13.0559,80.2806,osm,तिरुवल्लिक्केणि,
MTD,Merta Road Junction,Rajasthan,26.7276,73.9174,osm,,
MTDI,Maltekd,Maharashtra,19.1684,77.3353,osm,,
MTDM,Mettur Dam,Tamil Nadu,11.8049,77.823,osm,,
MTE,Mettur,Tamil Nadu,8.87353,77.3701,osm,,
MTFA,Mertala Phaleya,West Bengal,23.4796,88.3208,osm,,
MTGE,Muthani,Bihar,25.142,83.6617,osm,,
MTH,Mataundh,Uttar Pradesh,25.4196,80.1513,osm,,
MTHP,Mithapur,Gujarat,22.4118,69.0089,osm,मीठापुर,
MTI,Mitawali,Uttar Pradesh,27.2594,78.2047,osm,मितावली,
MTIP,Mathnanhipur,,,,,,
MTJ,Mathura Junction,Uttar Pradesh,27.4801,77.6738,osm,मथुरा,
MTJL,Moti Jheel,Madhya Pradesh,26.2508,78.142,osm,,
MTJR,Moterjhar,Assam,26.1386,89.8705,osm,,
MTL,Mailam,Tamil Nadu,12.1603,79.6021,osm,,
MTM,Machilipatnam,Andhra Pradesh,16.1747,81.1431,osm,,
MTMI,Motumari,Telangana,16.956,80.3208,osm,मोतीमारी,మొటమర్రి
MTMY,Thirumayilai,Tamil Nadu,13.0354,80.2675,osm,,
MTN,Matunga,Maharashtra,19.0274,72.8501,osm,माटुंगा,
MTND,Mattagajapur,Odisha,20.4429,85.9453,osm,,
MTNL,Muttasaranallur,Tamil Nadu,10.8665,78.6484,osm,,
MTO,Maitha,Uttar Pradesh,26.4763,80.0254,osm,,
MTP,Mettupalayam,Tamil Nadu,11.299,76.9355,osm,,மேட்டுப்பாளையம்
MTPC,Motipura Chauki,Rajasthan,24.6095,77.0488,osm,,
MTPI,Metpalli,Telangana,18.8544,78.6382,osm,,
MTPR,Raimahatpur,Himachal Pradesh,31.4004,76.3272,osm,,
MTR,Motipur,Bihar,26.2571,85.1689,osm,,
MTRA,Matigara Station,West Bengal,26.7178,88.3846,osm,माटीगौड़ा स्टेशन,
MTSK,Mota Surka,Gujarat,21.7245,71.9246,datameet,,
MTT,Mutupet,Tamil Nadu,10.4027,79.4989,osm,,முத்துப்பேட்டை
MTU,Matmari,Karnataka,16.0465,77.3025,osm,,ಮಟಮಾರಿ
MTUJ,Mtuj,,,,,,
MTUR,Mathur,Tamil Nadu,11.3185,79.2062,osm,,
MTV,Matalkunta,Telangana,17.7721,77.5605,osm,,
MTWN,Mitewani,Maharashtra,21.4222,79.7138,osm,,
MTY,Multai,Madhya Pradesh,21.7828,78.2635,osm,,
MU,Makansar,Gujarat,22.7482,70.9149,osm,,
MUA,Musra,Chhattisgarh,21.154,80.8783,osm,,
MUC,Mullurcarai,Kerala,10.7061,76.2717,osm,,
MUD,Murad Nagar,Uttar Pradesh,28.7597,77.5074,osm,मुरादनगर,
MUDI,Mududi,Karnataka,13.2021,76.2747,osm,,
MUE,Mudkhed Junction,Maharashtra,19.148,77.5097,osm,,
MUG,Magra,West Bengal,22.9839,88.3683,osm,,
MUGA,Mahugarha,Madhya Pradesh,24.6285,77.2425,osm,,
MUGN,Mahutgaon,Assam,26.9643,94.7941,osm,माहुत गाँव,মাউতগাঁও
MUGR,Manuguru,Telangana,17.8985,80.8118,osm,,
MUH,Murthiha,Uttar Pradesh,28.1825,81.272,osm,मुर्तिहा,
MUHI,Murhari Halt,Bihar,25.3414,85.533,datameet,,
MUK,Munumaka,Andhra Pradesh,16.1899,79.9808,osm,,
MUKE,Mukkali,Kerala,11.6686,75.56,osm,,മുക്കാളി റെയിൽവേ സ്റ്റേഷൻ
MULK,Mulki,Karnataka,13.069,74.8053,osm,मुल्की,ಮುಲ್ಕಿ
MUM,Mangapatnam,Andhra Pradesh,14.736,78.2606,osm,,
MUO,Masangaon,Madhya Pradesh,22.2671,76.9968,osm,,
MUP,Murhipar,Chhattisgarh,21.1833,81.149,osm,,
MUPA,Mupa,Assam,25.3736,93.123,osm,मुपा,
MUQ,Marudur,Tamil Nadu,10.9151,78.4509,osm,,
MUR,Mankapur Junction,Uttar Pradesh,27.0394,82.2267,osm,,
MURD,Mandawar Mahwa Road,Rajasthan,27.1559,76.8508,osm,,
MURI,Muri Junction,Jharkhand,23.3777,85.867,osm,,
MUT,Meerut Cantonment,Uttar Pradesh,29.0163,77.6871,osm,,
MUU,Mankundu,West Bengal,22.8473,88.3471,osm,,
MUUA,Mahuawa Khurd,Uttar Pradesh,26.8578,83.6015,osm,,
MUW,Mathurapur,Jharkhand,24.3626,86.6349,osm,,
MUY,Mugaiyur,Tamil Nadu,11.9765,79.3053,datameet,,
MUZ,Mohiuddinpur,Uttar Pradesh,28.8858,77.622,osm,,
MV,Mayiladuthurai Junction,Tamil Nadu,11.0955,79.6288,osm,,மயிலாடுதுறை சந்திப்பு
MVA,Malakavemula,Andhra Pradesh,14.2705,78.0538,osm,,
MVC,Mavinakere,Karnataka,12.8447,76.1737,osm,,ಮಾವಿನಕೆರೆ
MVD,Mulvad,Karnataka,16.6203,75.747,osm,,ಮುಳವಾಡ
MVE,Mundhewadi,Maharashtra,17.742,75.7063,osm,,
MVF,Manabar,Odisha,18.84,82.6962,osm,,
MVG,Maligura,Odisha,18.9536,82.6388,osm,,
MVH,Mantatti,Telangana,17.2275,77.5097,osm,,
MVI,Morbi,Gujarat,22.8244,70.8313,osm,,
MVJ,Mavli Junction,Rajasthan,24.7944,73.974,osm,,
MVKR,Mahawan Khor,Uttar Pradesh,26.9749,83.2781,osm,,
MVL,Malavli,Maharashtra,18.7442,73.4802,osm,,
MVLK,Mavelikkara,Kerala,9.23965,76.5457,osm,मवेलिक्करा,
MVN,Milavittan,Tamil Nadu,8.81164,78.0877,osm,मीलविट्टान,மீௗவிட்டான்
MVO,Manwath Road,Maharashtra,19.3582,76.5345,datameet,,
MVP,Mokhasa Kalavapudi,Andhra Pradesh,16.4963,81.1315,osm,,
MVPM,Mavelipalaiyam,Tamil Nadu,11.4827,77.8999,osm,,
MVRD,Maivadi Road,Tamil Nadu,10.5639,77.3345,osm,मैवाड़ी रोड,
MVRM,Mallavaram,Andhra Pradesh,17.1865,82.3214,osm,,
MVS,Manavasi,Tamil Nadu,10.934,78.2205,datameet,,
MVV,Maheshi,Bihar,25.2396,86.788,osm,,
MVW,Mallividu,Andhra Pradesh,17.972,83.1728,osm,मल्लिवीडु,మాళ్లివీడు
MW,Mairwa,Bihar,26.2398,84.1514,osm,,
MWA,Mandwa,Madhya Pradesh,21.5158,76.3918,osm,,
MWAD,Mowad,Maharashtra,21.4562,78.452,osm,,
MWAI,Mawai,Madhya Pradesh,24.7903,78.9245,osm,,
MWC,Mandawli Chandra Vihar,Delhi,28.6294,77.2885,osm,मण्डावली चन्द्र विहार,
MWD,Mhasavad,Maharashtra,20.8707,75.4587,osm,,
MWE,Mewa Nawada,Uttar Pradesh,29.1184,78.6132,datameet,,
MWF,Magardaha,Uttar Pradesh,24.3868,82.8931,osm,,
MWG,Mindala,Maharashtra,20.5381,79.7149,osm,,
MWH,Malwan,Uttar Pradesh,26.0174,80.6859,osm,,
MWJ,Marwasgram,Madhya Pradesh,24.0971,81.7756,osm,,
MWK,Mordad Tanda,Maharashtra,20.6799,74.9158,osm,,
MWM,Malleswaram,Karnataka,13.0006,77.5635,osm,,ಮಲ್ಲೇಶ್ವರಂ
MWP,Mahrani Pachhim,Uttar Pradesh,26.0877,82.2886,osm,,
MWQ,Motari,Odisha,20.0901,85.7291,osm,,
MWR,Mahansar,Rajasthan,28.1994,75.0313,osm,,
MWRN,Madwarani,Chhattisgarh,22.1659,82.7117,osm,,
MWT,Marwar Lohwat,Rajasthan,26.982,72.59,osm,,
MWUE,Mahrawal,Uttar Pradesh,27.9377,78.0422,osm,,
MWW,Mahwa,Rajasthan,27.4625,76.6154,osm,,
MWX,Mallanwala Khas,Punjab,31.0473,74.8136,osm,,
MWY,Mailaram,Telangana,17.2801,77.8097,osm,,
MWZ,Mahishidahari,West Bengal,23.9166,87.6359,osm,,
MX,Mahalaxmi,Maharashtra,18.9825,72.8242,osm,महालक्ष्मी,महालक्ष्मी
MXA,Marauda,Chhattisgarh,21.1594,81.3596,osm,मरौदा,
MXH,Makhu,Punjab,31.1058,74.984,osm,,
MXJ,Mangurjan,Bihar,26.3617,88.2315,osm,मांगुरजान,
MXK,Mandrak,Uttar Pradesh,27.7683,78.1103,osm,मंडराक,
MXL,Mokholi,Rajasthan,26.1617,76.4618,osm,,
MXM,Minatchipuram,Kerala,10.6316,76.868,osm,,
MXN,Mariani Junction,Assam,26.6526,94.3082,osm,मरियानी जंक्शन,মৰিয়নী জংছন
MXO,Morthala,Rajasthan,24.5029,72.8036,osm,,
MXP,Malupota,Punjab,31.1846,75.9586,osm,,
MXR,Mahur,Assam,25.1856,93.105,osm,माहुर,মাহুৰ
MXS,Mohasa,Madhya Pradesh,24.3756,78.2878,osm,,
MXT,Malakpet,Telangana,17.3765,78.4948,osm,,
MXW,Mahadevsal,Jharkhand,22.5103,85.3348,osm,,
MXY,Mahuariya,Uttar Pradesh,24.227,83.3102,osm,,
MXZ,Mohdara Halt,Maharashtra,20.9605,79.347,datameet,,
MY,Malliyam,Tamil Nadu,11.0791,79.5959,datameet,,
MYA,Mandya,Karnataka,12.5289,76.8967,osm,,ಮಂಡ್ಯ
MYD,Manderdisa,Assam,25.7197,93.1275,osm,मान्दरडिसा जं,
MYE,Mandhali,Punjab,31.2057,75.8208,osm,,
MYG,Miyagam Karjan Junction,Gujarat,22.0512,73.1203,osm,मियागाम करजण जंक्शन,
MYGD,Maynaguri Road,West Bengal,26.5268,88.7999,osm,मयनागुड़ि रोड,
MYGL,Miyagam Karjan Junction,Gujarat,22.0515,73.1207,osm,मियागाम करजण जंक्शन,
MYHT,Mayurhat,West Bengal,23.3628,88.6608,osm,,
MYJ,Maheji,Maharashtra,20.7691,75.4245,osm,माहेजी,
MYK,Mayakonda,Karnataka,14.278,76.087,osm,,ಮಾಯಕೊಂಡ
MYKR,Matyakheri,Madhya Pradesh,24.3134,74.9502,osm,,
MYL,Malliyala,Andhra Pradesh,15.3969,77.7753,osm,,
MYM,Memari,West Bengal,23.1727,88.096,osm,,
MYO,Moridhal,Assam,27.5393,94.5947,osm,,
MYP,Mundiyampakkam,Tamil Nadu,11.9952,79.5116,osm,,
MYR,Maihar,Madhya Pradesh,24.2568,80.7637,osm,,
MYS,Mysore Jn,Karnataka,12.3189,76.646,datameet,,
MYU,Mayanoor,Tamil Nadu,10.955,78.2369,osm,,மாயனுர்
MYX,Metyal Sahar,West Bengal,23.4822,86.7485,osm,,
MYY,Mayyanad,Kerala,8.83803,76.6477,osm,,
MZA,Mezenga,Assam,26.8861,94.689,osm,,
MZB,Mahuli Halt,Maharashtra,21.0333,79.315,datameet,,
MZC,Mirza Cheuki,Jharkhand,25.2591,87.4966,osm,मिर्जाचौकी,
MZGI,Manzurgarhi,Uttar Pradesh,27.9643,78.1066,datameet,,
MZH,Mauhari,Madhya Pradesh,23.1189,81.7698,osm,,
MZHL,Majhaoli,Madhya Pradesh,24.1757,82.3924,osm,,
MZL,Mirzapalli,Telangana,18.0176,78.416,osm,,
MZM,Muzzampur Narayan Junction,Uttar Pradesh,29.5835,78.2227,osm,,
MZMA,Mazhom,Jammu and Kashmir,34.1104,74.6191,osm,,
MZN,Mahmudpur Saraiyan,Uttar Pradesh,27.7528,80.2136,osm,,
MZP,Mirzapur,Uttar Pradesh,25.135,82.5684,osm,मिरज़ापुर,
MZQ,Majgaon Assam,Assam,26.4151,90.5827,osm,,
MZR,Murtajapur,Maharashtra,20.7365,77.3553,osm,,
MZRT,Murtajapur Town,Maharashtra,20.7271,77.3669,osm,,
MZS,Murkongselek,Assam,27.8312,95.2202,osm,,
MZU,Marandahalli,Tamil Nadu,12.3893,78.0173,osm,,
MZV,Maralahalli,Karnataka,12.987,78.1244,osm,,
MZW,Manjhwe,Bihar,24.815,85.3191,osm,,
MZX,Matatila,Uttar Pradesh,25.0833,78.403,osm,,
MZY,Machapur Junction,Odisha,20.5694,85.769,osm,,
MZZ,Manjuri Road,Odisha,21.0116,86.3199,osm,,
NAB,Nagbhir Junction,Maharashtra,20.58,79.7002,osm,,
NABN,Nagbhir (NG),Maharashtra,20.5802,79.7002,osm,,
NAC,Nawa City,Rajasthan,27.0291,75.0012,osm,,
NACC,New Alipore,West Bengal,22.5105,88.3354,osm,,
NAD,Nagda Jn,Madhya Pradesh,23.4559,75.4125,datameet,,
NADA,Nada,Gujarat,22.1224,73.3701,osm,,
NAG,Nagargali,Karnataka,15.4235,74.6213,osm,,ನಾಗರಗಾಳಿ
NAGC,Nagargali,Maharashtra,18.8156,73.3602,datameet,,
NAI,Nangi,West Bengal,22.5002,88.2233,osm,,
NAK,Naksalbari,West Bengal,26.6799,88.1986,osm,,
NAKD,Naik Dih,Uttar Pradesh,25.847,83.466,datameet,,
NAL,Nal,Rajasthan,28.0382,73.2165,osm,,
NALR,Nalpur,West Bengal,22.5291,88.1861,osm,,
NAM,Namrup,Assam,27.1968,95.3142,osm,,
NAN,Nandgaon Road,Maharashtra,16.3876,73.7309,osm,नांदगाव रोड,
NANA,Nana,Rajasthan,24.9239,73.1098,osm,,
NAND,Nandikoor,Karnataka,13.1326,74.806,osm,,
NANR,Naranpur,Odisha,21.6171,85.6372,osm,,
NARA,Nara,Haryana,29.39,76.7579,osm,,
NARD,Naika Road,Bihar,25.4486,85.2924,datameet,,
NAS,Nasrala,Punjab,31.4942,75.8368,osm,,
NASP,Narasingapalli,Andhra Pradesh,17.6063,82.8907,osm,,
NAT,Nathnagar,Bihar,25.2366,86.9351,osm,,
NAU,Nadapuram road,Kerala,11.6392,75.5755,osm,,
NAVI,New Amravati,Maharashtra,20.903,77.7329,osm,,
NAW,Nawandgi,Telangana,17.2164,77.4272,osm,,
NAWN,Nawan,Rajasthan,29.6514,74.3508,osm,,
NAZJ,Nazir Ganj,Bihar,25.7241,85.8068,osm,,
NB,Nimbhora,Maharashtra,21.1605,75.9747,osm,,
NBA,Nabha,Punjab,30.3635,76.1461,osm,,
NBAE,Nabagram,West Bengal,23.1116,88.0575,osm,,
NBD,Najibabad Junction,Uttar Pradesh,29.6037,78.3364,osm,,
NBE,New Barrackpore,West Bengal,22.6868,88.4446,osm,,
NBG,Nabinagar Road,Bihar,24.6541,84.0944,osm,,
NBGH,Nowbagh,Maharashtra,21.2524,77.4935,osm,,
NBH,Nimbahera,Rajasthan,24.6237,74.6946,osm,,
NBI,Nadbai,Rajasthan,27.2135,77.2065,osm,,
NBJU,New Barauni Junction,Bihar,25.45645,86.00664,osm,,
NBK,Nungambakkam,Tamil Nadu,13.0658,80.2328,osm,,
NBKH,Nabagram Kankurhati Halt,West Bengal,23.6609,88.1012,osm,नबग्राम काँकुड़हाटी हॉल्ट,নবগ্রাম কাঁকুড়হাটী হল্ট
NBL,Nimbal,Karnataka,17.1188,75.8603,osm,,ನಿಂಬಾಳ
NBM,Navabpalem,Andhra Pradesh,16.8314,81.6054,osm,,
NBP,Nibhapur,Uttar Pradesh,25.6003,82.2497,datameet,,
NBPH,New Balarampur Halt,West Bengal,24.0488,88.2471,osm,,
NBQ,New Bongaigaon Junction,Assam,26.4758,90.5372,osm,न्यू बंगाईगाँव जंक्शन,
NBQY,New Bongaigaon Yard,Assam,26.4721,90.5215,datameet,,
NBR,Namburu,Andhra Pradesh,16.3585,80.4963,osm,,
NBRN,Naba Raynagar,West Bengal,23.1483,88.6043,osm,,
NBS,New Baneswar,West Bengal,26.3946,89.5106,osm,,
NBT,Nayabhagirathipur,Odisha,20.7813,85.387,osm,,
NBU,Narasambudhi,Karnataka,12.0755,76.7495,osm,,ನರಸಾಂಬುಧಿ
NBUE,Nibkarori,Uttar Pradesh,27.3289,79.41,osm,,
NBX,Nizbargang,Assam,26.8459,93.3023,osm,,
NCA,Nizchatia,Assam,26.7693,93.1637,osm,,
NCB,New Cooch Behar,West Bengal,26.353,89.4691,osm,न्यू कोचबिहार,
NCBD,New Changrabandha,West Bengal,26.4373,88.9029,osm,न्यू चांगराबान्धा,
NCE,Nallacheruvu East,Andhra Pradesh,13.988,78.1855,osm,,
NCH,Nakachari,Assam,26.7077,94.394,osm,नकचारी,নকচাৰী
NCHS,Nature Cure Hospital,Telangana,17.4457,78.4522,osm,,
NCJ,Nagercoil Junction,Tamil Nadu,8.17454,77.4439,osm,,நாகர்கோவில் சந்திப்பு
NCN,Nachinda,West Bengal,21.8738,87.7522,osm,,
NCP,Nishchintapur,West Bengal,21.9734,88.2142,osm,,নিশ্চিন্তপুর
NCPM,Nischintapur Market,West Bengal,21.9879,88.2176,osm,,নিশ্চিন্তপুর মার্কেট
NCR,Nagore,Tamil Nadu,10.819,79.846,osm,,
NCU,Nallacheruvu,Andhra Pradesh,14.0208,78.1778,osm,,
ND,Nadiad Junction,Gujarat,22.6935,72.8575,osm,,
NDAE,Nabadwip Dham,West Bengal,23.3975,88.3567,osm,,
NDAZ,Naya Azadpur,Delhi,28.7146,77.1669,datameet,,
NDB,Nandurbar,Maharashtra,21.3738,74.2446,osm,,
NDBT,Nandpur Bhatauli,Himachal Pradesh,32.0137,76.116,osm,नदपुर भठौली,
NDD,Nidadavolu Junction,Andhra Pradesh,16.898,81.6745,osm,,
NDE,Nandre,Maharashtra,16.9635,74.5586,osm,,
NDGJ,Nandaigajan,West Bengal,22.4042,87.8327,osm,,
NDH,Nindhar Benar,Rajasthan,27.0041,75.7296,osm,,
NDIM,Nandaigram Halt,West Bengal,23.3116,88.3171,datameet,,
NDJ,Nandganj,Uttar Pradesh,25.5449,83.3973,osm,,
NDK,Nandkhas,Uttar Pradesh,25.6623,78.8738,osm,,
NDKD,Nadikudi Junction,Andhra Pradesh,16.5908,79.7248,osm,,
NDKR,Nandakumar,West Bengal,22.1907,87.9276,osm,,
NDL,Nandyal,Andhra Pradesh,15.4692,78.4705,osm,नंद्याल जंक्शन,
NDLH,Nandlalee Halt,,,,,,
NDLS,New Delhi,Delhi,28.6419,77.2218,osm,नई दिल्ली,
NDM,Nidamanuru,Andhra Pradesh,16.5074,80.7313,osm,,
NDN,Nardana,Maharashtra,21.178,74.8284,osm,,
NDNI,Nidhani,Madhya Pradesh,22.6078,79.9821,osm,,
NDO,Nidubrolu,Andhra Pradesh,16.068,80.5575,osm,निड्डुब्रोलु,
NDPL,Nandipalli,Andhra Pradesh,15.4528,78.534,osm,,
NDPM,Hoshangabad,Madhya Pradesh,22.75296,77.71733,osm,,
NDPR,Nandapur,Maharashtra,19.5943,77.2373,osm,,
NDPU,Nudurupadu,Andhra Pradesh,16.2734,80.1934,datameet,,
NDR,Nandesari,Gujarat,22.4178,73.0949,osm,,
NDRT,Nangal Degrota,Haryana,28.3679,76.0672,osm,,
NDT,Nathdwara,Rajasthan,24.9122,73.9137,osm,,
NDU,Nadaul,Bihar,25.2965,85.0173,osm,,
NDV,Nidvanda,Karnataka,13.2447,77.2729,osm,,
NDW,Nadwan,Bihar,25.3964,85.0657,osm,,
NDY,Nandi,Karnataka,13.3771,77.7108,osm,,ನಂದಿ
NDZ,Nidigallu,Andhra Pradesh,13.9886,79.6615,osm,,
NEA,Neykkarapatti,Tamil Nadu,11.6244,78.1039,osm,,
NEC,Nemilicherry,Tamil Nadu,13.1217,80.0438,osm,,
NED,Hazur Sahib Nanded,Maharashtra,19.1602,77.3099,osm,नांदेड़,
NEHL,Netranahalli,Karnataka,14.6458,76.7005,osm,,
NEI,Neoli,Maharashtra,18.3875,76.311,osm,,
NEM,Nemom,Kerala,8.45387,77.0105,osm,नेमोम,നേമം
NEMA,Nema Halt,Bihar,25.4096,85.0722,datameet,,
NEO,Neora,Bihar,25.5751,84.987,osm,,
NEP,Nenpur,Gujarat,22.8449,72.7267,osm,,
NERH,Ner Halt,Bihar,25.0393,84.9723,osm,,
NERI,Neri,Uttar Pradesh,27.6884,80.3945,osm,,
NES,Natesar,Bihar,24.9642,85.2721,osm,,
NEU,Nerul,,,,,,
NEW,Nivari,Uttar Pradesh,25.328,78.8203,osm,,
NEWC,New West Cabin,Uttar Pradesh,25.2738,83.1092,datameet,,
NEYT,Ntpc Exchange Yard Talcher,Odisha,20.9196,85.2081,datameet,,
NFK,New Farakka Junction,West Bengal,24.7947,87.9156,osm,,
NFKB,New Farakka-B-Cabin,West Bengal,24.7821,87.9158,datameet,,
NFKN,Nfkn,,,,,,
NFKS,Nfks,,,,,,
NG,Nagari,Andhra Pradesh,13.307,79.5796,osm,,
NGA,Ningala,Gujarat,22.0274,71.7087,osm,,
NGAN,Nagaon,Assam,26.3481,92.698,osm,,
NGB,Nawabganj Gonda,Uttar Pradesh,,,dropped: trains zig-zag through it,,
NGC,New Guwahati,Assam,26.1819,91.7943,osm,नई गुवाहाटी,
NGD,Nagardevla,Maharashtra,20.6033,75.1984,osm,नगरदेवला,
NGDM,Nagradham P.H.,Maharashtra,21.5006,80.1993,osm,,
NGE,Nagar,Chhattisgarh,23.3136,82.4523,osm,,
NGF,Nagarnabi,Jharkhand,24.5907,87.8685,osm,नगर नबी,
NGG,Nagina,Uttar Pradesh,29.4383,78.4237,osm,,
NGHW,Nageshwadi,Maharashtra,18.4607,76.9163,osm,,
NGI,Nagri,Maharashtra,20.4069,78.8901,osm,नागरी,
NGJA,Narayanappav,,,,,,
NGL,Nagal,Uttar Pradesh,29.8332,77.6223,osm,,
NGLT,Nagla Tula,Rajasthan,26.9241,77.4208,osm,,
NGM,Nagasamudram,Andhra Pradesh,14.3218,77.6435,osm,,
NGMN,New Gumandev,,,,,,
NGMP,New Garh Madhopur,Odisha,20.7988,86.0724,osm,,
NGN,Nandgaon,Maharashtra,20.3094,74.6598,osm,,
NGNT,New Guntur,Andhra Pradesh,16.3101,80.4572,osm,न्यू गुंटूर,
NGO,Nagaur,Rajasthan,27.2,73.7237,osm,,
NGON,Naogaon,Madhya Pradesh,26.1397,78.1391,osm,,
NGP,Nagpur Junction,Maharashtra,21.1524,79.0882,osm,,
NGPB,Nagpur (Se),Maharashtra,21.1453,79.0883,datameet,,
NGR,Annigeri,Karnataka,15.4324,75.4335,osm,,ಅಣ್ಣಿಗೆರಿ
NGRD,Nilgiri Road,Odisha,21.4263,86.8555,osm,,
NGRH,New Giridih,Jharkhand,24.21950,86.32298,osm,न्यू गिरिडीह,
NGRI,New Garia,West Bengal,22.4727,88.3978,osm,,নিউ গড়িয়া
NGRS,Nagrota Suriyan,Himachal Pradesh,32.0521,76.0912,osm,नगरोटा सुरियन,
NGRT,Nagrota,Himachal Pradesh,32.1085,76.3887,osm,नगरोटा बागवां,
NGS,Nagansur,Maharashtra,17.4288,76.1832,osm,,
NGT,Nagappattinam Junction,Tamil Nadu,10.7598,79.8456,osm,नागप्पट्टीनम जंक्शन,நாகப்பட்டினம் சந்திப்பு
NGTG,New Gitaldaha,West Bengal,26.0349,89.4889,osm,,
NGTN,Nagothane,Maharashtra,18.5399,73.1408,datameet,,
NGV,Naglavi,Karnataka,15.4549,74.9087,datameet,,
NGW,Nauganwan,Madhya Pradesh,23.2491,75.1571,osm,,
NGWN,Noganwan,Punjab,30.7418,76.4449,osm,,
NGX,Nigan,West Bengal,23.5052,87.9925,osm,,
NGY,Nathganj,Bihar,24.5468,85.3821,osm,,
NGZ,Shri Kshetra Nagjhari,Maharashtra,20.762,76.7539,osm,,
NH,Naihati Junction,West Bengal,22.887,88.4176,osm,,
NHB,Noh-Bachhamabi,Rajasthan,27.2225,77.5545,osm,,
NHF,Nihasta Halt,Uttar Pradesh,26.2123,80.925,datameet,,
NHGJ,New Harangajao,Assam,25.1126,92.8683,osm,नई हारांगाजाओ,
NHH,Nihalgarh,Uttar Pradesh,26.4601,81.6326,datameet,,
NHK,Naharkatiya,Assam,27.2892,95.3297,osm,,
NHLG,New Haflong,Assam,25.148,93.0321,osm,न्यू हाफलंग,
NHLN,Naharlagun,Arunachal Pradesh,27.1309,93.7097,osm,,
NHM,Nandol Dahegam,Gujarat,23.1734,72.8162,osm,,
NHN,Nigohan,Uttar Pradesh,26.5675,81.0459,osm,,
NHR,Nohar,Rajasthan,29.1922,74.7743,osm,,
NHT,Nalhati Junction,West Bengal,24.2959,87.8385,osm,नलहाटी जंक्शन,
NHU,Nahur,Maharashtra,19.1546,72.9467,osm,नाहूर,
NHX,Narthar,Uttar Pradesh,27.6323,79.023,osm,,
NHY,Naganahalli,Karnataka,12.3786,76.6508,osm,,ನಾಗನಹಳ್ಳಿ
NI,Naydongri,Maharashtra,20.3493,74.8374,osm,,
NIA,Janjgir Naila,Chhattisgarh,22.0229,82.5653,osm,,
NID,Nidur,Tamil Nadu,11.1276,79.6454,osm,,
NIDI,Nidi,Maharashtra,18.4741,73.1073,osm,निडी,निडी
NIG,Naigaon,Maharashtra,19.3511,72.8465,osm,नायगाव,नायगाव
NIIJ,Nilaje,Maharashtra,19.1544,73.0804,osm,निलजे,निळजे
NIL,Nilambur Road,Kerala,11.2788,76.2538,osm,,
NILE,Nimtita,West Bengal,24.6238,88.0096,osm,,
NIM,Nimdih,Jharkhand,22.9946,86.1432,osm,,
NIMG,Nima Gopalpur,Uttar Pradesh,25.9953,82.3615,osm,,
NIN,Nimkana,Odisha,20.2955,86.3716,osm,,
NIP,Nizampur,Haryana,27.9665,76.0107,osm,,
NIQ,Nigaura,Madhya Pradesh,22.9886,81.8675,osm,,
NIR,Nainpur Junction,Madhya Pradesh,22.4258,80.1095,osm,,
NIRA,Nira,Maharashtra,18.1055,74.2081,osm,,
NIT,Naikot,Uttar Pradesh,27.361,83.3966,datameet,,
NIU,Nabipur,Gujarat,21.8077,73.0306,osm,,
NIV,Nivasar,Maharashtra,16.9473,73.4548,osm,,
NJA,Nagjua,Jharkhand,23.3853,84.8858,osm,,
NJB,Nijbari,West Bengal,26.6073,88.3453,osm,निजबाड़ी,
NJN,Naojan,Assam,26.1213,93.8428,osm,,
NJP,New Jalpaiguri Junction,West Bengal,26.6829,88.4425,osm,,
NJPS,New Jalpaiguri,West Bengal,26.6824,88.4427,datameet,,
NJT,Nagercoil Town,Tamil Nadu,8.19969,77.4202,osm,,நாகர்கோவில் டவுன்
NK,Nashik Road,Maharashtra,19.9481,73.8421,osm,नाशिक रोड,
NKB,Nagrakata,West Bengal,26.8858,88.918,osm,नागराकाटा,নাগরাকাটা
NKBR,Narkatia Bazar,Bihar,26.4875,84.3828,osm,,
NKD,Nekkonda,Telangana,17.7949,79.8045,osm,नेकोंडा,నెక్కొండ
NKDO,Nakkanadoddi,Andhra Pradesh,15.1658,77.4799,osm,,
NKE,Narkatyaganj,Bihar,27.105,84.463,osm,नरकटियागंज जंक्शन,
NKG,Narkaldenga Coaching Yard,West Bengal,22.572,88.3791,datameet,,
NKH,Nathukheri,Madhya Pradesh,24.0202,75.6436,osm,,
NKI,Naikheri,Madhya Pradesh,23.2007,75.6827,osm,,
NKJ,New Katni Junction,Madhya Pradesh,23.8045,80.4294,osm,,
NKK,Narikkudi,Tamil Nadu,9.59257,78.2999,osm,,
NKL,Nalikul,West Bengal,22.8305,88.1668,osm,,
NKM,Namkom,Jharkhand,23.3516,85.3763,osm,,
NKMG,New Karimganj Junction,Assam,24.84293,92.39477,osm,,
NKN,Nyoli Kalan,Haryana,29.1901,75.6332,osm,,
NKP,Nirakarpur,Odisha,19.9916,85.5298,osm,,
NKPL,Narketpalli,Telangana,17.1999,79.1796,osm,,
NKPU,Nekpur,Bihar,24.9957,85.3389,datameet,,
NKR,Nimar Kheri,Madhya Pradesh,22.111,76.151,osm,,
NKRA,Nokhra,Rajasthan,27.6086,72.6656,osm,,
NKU,Nakardei,Bihar,26.9524,84.8877,osm,,
NKV,Nakardei,Bihar,26.949,84.8919,datameet,,
NKW,Nilakantheswar,Odisha,21.4235,85.7982,osm,,
NKX,Nakti Semara,Chhattisgarh,19.062,82.0736,osm,,
NLA,Nancherla,Andhra Pradesh,15.2562,77.3695,osm,,
NLBR,Nilambazar,Assam,24.746,92.3556,osm,निलामबाजार,
NLD,Nalanda,Bihar,25.1227,85.4631,osm,,
NLDA,Nalgonda,Telangana,17.0606,79.2833,osm,,
NLDM,Nangal Dam,Punjab,31.3708,76.3735,osm,नंगल डैम,
NLE,Nileshwar,Kerala,12.2558,75.1357,osm,नीलेश्वर,നീലേശ്വരം
NLH,Naultha,Haryana,29.3158,76.8862,osm,,
NLI,Namli,Madhya Pradesh,23.4555,75.067,osm,,
NLKR,Nilokheri,Haryana,29.832,76.9255,osm,नीलोखेड़ी,
NLKT,Nalkata,Tripura,24.0627,92.0008,osm,,
NLL,Nalli,Tamil Nadu,9.27026,77.9228,osm,,
NLN,Nailalung,Assam,25.7729,93.387,osm,,
NLNR,Nulenuru,Karnataka,14.005,76.1248,osm,,
NLP,North Lakhimpur,Assam,27.2544,94.112,osm,,
NLPD,Nallapadu,Andhra Pradesh,16.3077,80.397,osm,,
NLQ,Nangal Pathani,Haryana,28.3651,76.497,osm,,
NLR,Nellore,Andhra Pradesh,14.462,79.9902,osm,,
NLRD,Necklace Road,Telangana,17.4233,78.4632,osm,,నెక్లెస్ రోడ్డు
NLS,Nellore South,Andhra Pradesh,14.4444,79.9837,osm,नेलूर दक्षिण,
NLSF,Niyalish Para,West Bengal,24.1565,88.2464,datameet,,
NLV,Nalbari,Assam,26.4507,91.4389,osm,,
NM,Naimisharanya,Uttar Pradesh,27.3551,80.4844,datameet,,
NMA,Nirmali,Bihar,26.3057,86.5753,osm,निर्मली,
NMBR,Nuagaon Mayurbhanj Road,Odisha,21.6683,87.0397,osm,,
NMC,Nimcha,West Bengal,23.6274,87.0847,osm,,
NMD,Nimoda,Rajasthan,26.2797,76.5797,osm,,
NMDA,New Morinda Junction,Punjab,30.776,76.4885,osm,,
NMDR,Nimdanri,West Bengal,22.6086,88.9056,datameet,,
NMF,Nimo,West Bengal,23.1807,88.0685,osm,,
NMG,Nimiaghat,Jharkhand,23.9316,86.0771,osm,,
NMGA,Nelamangala,Karnataka,13.1122,77.3925,osm,,
NMGT,Nimshirgaon Tamdalge,Maharashtra,16.763,74.4718,osm,,
NMGY,Numaligarh,Assam,26.6095,93.8628,osm,,
NMH,Nimach,Madhya Pradesh,24.4625,74.8501,osm,,
NMJ,Nidamangalam Junction,Tamil Nadu,10.7738,79.4138,osm,नीडामगलम,நீடாமங்கலம்
NMK,Nim Ka Thana,Rajasthan,27.7421,75.7793,osm,,
NMKA,Namkhana,West Bengal,21.7718,88.239,osm,,নামখানা
NMKL,Namakkal,Tamil Nadu,11.226,78.1791,osm,,
NML,Nellimarla,Andhra Pradesh,18.1883,83.4593,osm,,
NMLU,Nemkallu,Andhra Pradesh,15.2929,77.3726,osm,,
NMM,New Misamari,Assam,26.8109,92.5773,osm,,
NMN,Namanasamudram,Tamil Nadu,10.3262,78.7766,osm,,
NMO,Nedimolyanur,Tamil Nadu,12.1293,79.5683,osm,,
NMP,Nimpura,West Bengal,22.3257,87.2654,osm,,
NMT,Namti,Assam,26.8553,94.6274,osm,,
NMUE,Numaishgarh Halt,Uttar Pradesh,28.4077,77.8423,datameet,,
NMX,New Maynaguri,West Bengal,26.5786,88.8229,osm,,
NMY,Noonmati,Assam,26.1804,91.8068,datameet,,
NMZ,New Mal Junction,West Bengal,26.8731,88.7236,osm,न्यू माल जंक्शन,নিউ মাল জংশন
NN,Nandura,Maharashtra,20.8386,76.4603,osm,,
NNA,Naugachhia,Bihar,25.3848,87.0941,osm,,
NNB,Nimblak,Maharashtra,19.1189,74.6891,osm,,
NNCN,Nagnath Cabin,Maharashtra,18.8541,73.3591,datameet,,
NNE,Nonera,Madhya Pradesh,26.4264,78.306,osm,,
NNGE,Narengi,Assam,26.1821,91.8334,osm,नारंगी,
NNGL,Naya Nangal,Punjab,31.3799,76.36,osm,,
NNHT,Nonihat Bhaturia,Jharkhand,24.4767,87.1423,osm,,
NNKR,Nanaksar,Punjab,30.8035,75.4203,osm,,
NNL,Narnaul,Haryana,28.0448,76.1233,osm,,
NNM,Nannilam,Tamil Nadu,10.8849,79.6511,osm,,
NNN,Nanguneri,Tamil Nadu,8.48984,77.6632,osm,,நாங்குநேரி
NNNL,Nandani Lagunia,Bihar,25.6254,85.6314,datameet,,
NNO,Nangloi,Delhi,28.6863,77.0574,osm,नाँगलोई,
NNP,Nanpara Junction,Uttar Pradesh,27.8601,81.5125,osm,नानपारा जंक्शन,
NNPR,Nonapar,Uttar Pradesh,26.3525,83.9698,osm,,
NNR,Narayanpur,Bihar,25.3976,86.8594,osm,,
NNU,Nangal Mundi,Haryana,28.2504,76.4991,osm,,
NNW,Narayanpur Tatwara,Rajasthan,26.3441,76.6359,osm,नारायणपुर टटवाड़ा,
NNWH,Nawadih Halt,Jharkhand,24.5562,86.7055,osm,नई नवाडीह,
NNX,Nanauta,Uttar Pradesh,29.7028,77.4397,osm,,
NOA,Nosaria,Rajasthan,28.1213,74.5607,osm,,
NOB,Nobanda,West Bengal,23.2704,87.1387,osm,,
NOH,Nigohi,Uttar Pradesh,28.0992,79.8789,osm,निगोही,
NOI,Nariaoli,Madhya Pradesh,23.896,78.6045,osm,,
NOK,Nokha,Rajasthan,27.5553,73.4756,osm,,
NOL,Niyol,Gujarat,21.1603,72.9032,osm,,
NOLB,Nolbari,Assam,25.9533,90.7133,osm,,
NOLI,Noli,Uttar Pradesh,28.7443,77.3096,osm,,
NOMD,Noamundi,Jharkhand,22.1519,85.5219,osm,नोवामुण्डी,
NON,Nonar Halt,Bihar,25.2909,84.3752,osm,,
NOQ,New Alipurduar,West Bengal,26.4863,89.5413,osm,न्यू अलीपुरद्वार,
NOR,Neoranadi,West Bengal,26.7418,88.7472,osm,,
NOSM,Nossam,Andhra Pradesh,14.9795,78.3965,osm,,
NOY,Noyal,Tamil Nadu,11.0604,77.931,osm,,
NPB,Nagappattinam Beach,Tamil Nadu,10.7646,79.8489,osm,,
NPD,Nawapara Road,Odisha,20.8097,82.5626,osm,नुआपड़ा रोड़,ନୂଆପଡ଼ା ରୋଡ଼
NPH,Nurpura,Rajasthan,26.7106,77.8424,osm,,
NPI,Nipania,Chhattisgarh,21.8262,82.0447,osm,,
NPJE,Nichitpur,Jharkhand,23.8258,86.2871,osm,,
NPK,N. Panakudi,Tamil Nadu,8.31466,77.5814,osm,,
NPKM,Nandiyampakkam,Tamil Nadu,13.2687,80.2759,osm,,
NPL,Nagalapalli,Telangana,17.4602,78.2301,osm,,
NPM,Nellikuppam,Tamil Nadu,11.7737,79.6699,osm,,
NPMR,Narayan Pakuria Murail,West Bengal,22.3999,87.7742,osm,,
NPNR,Nepanagar,Madhya Pradesh,21.4641,76.3969,osm,,
NPR,Nepalganj Road,Uttar Pradesh,28.0112,81.6012,osm,नेपालगंज रोड,
NPRD,Nagpur Road,Chhattisgarh,23.2788,82.348,osm,,
NPS,Napasar,Rajasthan,27.981,73.5637,osm,,
NPT,Narasinganpet,Tamil Nadu,11.0349,79.5114,osm,,
NPTY,Nimpura Through Yard,West Bengal,22.3253,87.2651,datameet,,
NPU,Nadiapur,Tripura,24.3856,92.2041,datameet,,
NPV,Narpatganj,Bihar,26.344,87.1098,osm,,
NPW,Nipani Vadgaon,Maharashtra,19.588,74.7045,osm,,
NPX,Narinderpura,Punjab,29.9524,75.4768,osm,,
NPZ,Nawapatra,Jharkhand,24.3184,86.6479,datameet,,
NQH,New Domohani,West Bengal,26.5695,88.7859,osm,,
NQR,Naraja Marthapur,Odisha,20.4597,85.7806,osm,,
NR,Niphad,Maharashtra,20.0972,74.08,osm,,
NRA,Nunkhar,Uttar Pradesh,26.4256,83.88,osm,,
NRD,Naroda,Gujarat,23.0854,72.6581,osm,,
NRDP,Nagireddipalli,Telangana,17.4237,78.9406,osm,,
NRE,Nandalur,Andhra Pradesh,14.2708,79.1044,osm,,
NRF,Neralakatte,Karnataka,12.8168,75.1273,osm,नेरालाकट्टे,
NRG,Nergundi Junction,Odisha,20.5378,85.9587,osm,,
NRGO,Narganjo Halt,Bihar,24.7439,86.4579,osm,,
NRGR,Naranjipur,Madhya Pradesh,23.0466,76.0089,osm,,
NRH,Nahargarh,Madhya Pradesh,22.8724,74.4989,osm,,
NRI,Naraina,Rajasthan,26.7962,75.1923,osm,,
NRJ,Narimogaru,Karnataka,12.7457,75.2921,osm,,ನರಿಮೋಗರು
NRK,Naraikkinar,Tamil Nadu,8.86243,77.8418,osm,,
NRKE,Nari Khetri,Rajasthan,28.1862,75.6018,osm,,
NRKG,Narkatiaganj Jn,Bihar,27.105,84.464,datameet,,
NRKP,Narkopi,Jharkhand,23.3782,84.967,osm,नरकोपी,
NRKR,Narkher,Maharashtra,21.4697,78.5253,osm,,
NRL,Neral Junction,Maharashtra,19.0274,73.3184,osm,नेरल जंक्शन,
NRLR,Norla Road,Odisha,20.0407,83.3733,osm,नारला रोड,ନରଲା ରୋଡ୍
NRM,Nurmahal,Punjab,31.0818,75.6014,osm,,
NRN,Narhan,Bihar,25.7476,85.9754,osm,,
NRNR,Nurnagar,Uttar Pradesh,28.9081,77.7148,osm,,
NRO,Nakodar Junction,Punjab,31.1119,75.4766,osm,,
NROD,Nari Road,Gujarat,21.7585,72.0814,datameet,,
NRP,Narsipatnam Road,Andhra Pradesh,17.451,82.7236,osm,,
NRPA,Narayanpur Anant,Bihar,26.089,85.409,osm,,
NRPD,Narayanpet Road,Karnataka,,,,,
NRPM,Narayanpur Murli Halt,Bihar,,,,,
NRPR,Narendrapur,West Bengal,22.4539,88.4185,osm,,নরেন্দ্রপুর
NRR,Nagarur,Andhra Pradesh,15.5429,77.3136,osm,,
NRS,Nagaria Sadat,Uttar Pradesh,28.55,79.206,osm,नगरिया सादात,
NRSD,New Runnisaidpur Halt,Bihar,26.3854,85.5159,datameet,,
NRSP,Narasimhapur,Odisha,19.3659,84.9185,osm,,
NRT,Narasaraopet,Andhra Pradesh,16.2301,80.0404,osm,नरसरावपेट,
NRUR,Nareshwar Road,Gujarat,21.8722,73.2011,osm,नारेश्वर रोड,નારેશ્વર રોડ
NRV,Nariyar,Bihar,26.2401,85.2176,osm,,
NRVR,Naraina Vihar,Delhi,28.6378,77.1412,osm,नारायणा विहार,
NRW,Narwana Junction,Haryana,29.5891,76.1097,osm,,
NRWI,Narwasi,Rajasthan,28.7648,75.4098,osm,,
NRX,Noadar Dhal,West Bengal,23.446,87.7431,osm,,
NRY,Nyoriya Husenpur,Uttar Pradesh,28.731,79.8886,osm,न्योरिया हुसैनपुर,
NRYP,Narayanapuram,Andhra Pradesh,14.1288,77.696,osm,,
NRZB,Nowrozabad,Madhya Pradesh,23.3953,80.9795,osm,,
NS,Narasapur,Andhra Pradesh,16.4442,81.6998,osm,,
NSA,Nishangara,Uttar Pradesh,28.2446,81.2268,osm,निशानगाड़ा,
NSCL,New Silchar,Assam,24.848,92.7719,osm,नई सिलचर,
NSD,Nasirabad,Rajasthan,26.2951,74.7174,osm,,
NSF,Nasibpur,West Bengal,22.8046,88.2637,osm,,
NSI,Nekurseni,West Bengal,22.0045,87.3058,osm,,
NSKL,Nashkal,Telangana,17.8869,79.4144,osm,,
NSL,Nagarsol,Maharashtra,20.1025,74.5417,datameet,,
NSN,Nasirpur,Delhi,28.6029,77.1076,osm,,
NSO,Nashipur Road,West Bengal,24.2111,88.2748,datameet,,
NSP,Nalla Sopara,Maharashtra,19.4179,72.8186,osm,नाला सोपारा,नाला सोपारा
NSPH,Narasapurapupeta,Andhra Pradesh,16.8656,82.0842,osm,,
NSRH,Nizsariha Halt,Assam,26.4856,91.2221,osm,,
NSS,Nawanshahr Daoba Junction,Punjab,31.1218,76.1091,osm,,
NSU,Nisoi,Uttar Pradesh,28.2911,79.2379,osm,,
NSVP,NPA Shivaram Pally,Telangana,17.323,78.4366,osm,,
NSX,Narsipuram Halt,Andhra Pradesh,18.7388,83.4074,osm,,
NSZ,Nishatpura,Madhya Pradesh,23.2877,77.4253,osm,,
NTA,Netra,West Bengal,22.2084,88.2545,osm,,
NTDM,Nityanand Dham,Madhya Pradesh,23.4173,75.059,osm,,
NTG,Nusratabad Kharkhari,Uttar Pradesh,28.7753,77.3075,osm,,
NTM,Narthamalai,Tamil Nadu,10.5176,78.7881,osm,,நார்த்தாமலை
NTN,Nar Town,Gujarat,22.469,72.7069,osm,,
NTR,Nittur,Karnataka,13.3026,76.856,osm,,ನಿಟ್ಟೂರು
NTS,Nattrasankottai,Tamil Nadu,9.88042,78.5414,datameet,,
NTSK,New Tinsukia Junction,Assam,27.4797,95.3341,osm,न्यू तिनसुकिया,নিউ তিনিচুকীয়া জংচন
NTT,Nathapettai,Tamil Nadu,12.8238,79.7558,osm,,
NTU,Nigatpur,Uttar Pradesh,25.2511,82.7604,osm,,
NTV,Nautanwa,Uttar Pradesh,27.4247,83.4202,osm,नौतनवाँ,
NTVT,Nethravathi,Karnataka,12.8444,74.8565,datameet,,
NTW,Nanjangud Town,Karnataka,12.1221,76.6843,osm,,ನಂಜನಗೂಡು
NTWL,Netawal,Rajasthan,24.8626,74.4737,osm,,
NTZ,Nathwana,Rajasthan,28.565,73.8158,osm,,
NU,Narsinghpur,Madhya Pradesh,22.9432,79.2143,osm,,
NUA,Nua,Rajasthan,28.0584,75.2855,osm,,
NUB,Nurabad,Madhya Pradesh,26.4051,78.0776,osm,,
NUD,Navagadh,Gujarat,21.7641,70.6167,osm,,
NUIH,Neuri Halt,Bihar,,,,,
NUJ,Nujella,Andhra Pradesh,16.3868,81.0227,osm,,
NUPR,Nurpur Road,Himachal Pradesh,32.2808,75.8486,osm,,
NUQ,Nagar Untari,Jharkhand,24.2853,83.5137,osm,नगर उंटारी,
NUR,Narela,Delhi,28.8465,77.0857,osm,नरेला,
NVC,Nagalawancha,Telangana,17.0747,80.2285,osm,,నాగలవంచ
NVD,Navalgund Road,Karnataka,15.4351,75.3547,osm,,
NVF,Nagavangala,Karnataka,13.6646,75.9916,osm,,ನಾಗವಂಗಲ
NVG,Nawegaon,Madhya Pradesh,22.0881,78.4373,osm,,
NVL,Neyveli,Tamil Nadu,11.5397,79.4771,osm,,நெய்வேலி
NVLN,Navalgaon,Maharashtra,19.7985,77.1231,osm,,
NVP,Navalpura,Gujarat,23.289,73.2006,osm,,
NVRD,Navade Road,Maharashtra,19.0539,73.103,osm,,
NVS,Navsari,Gujarat,20.9481,72.9131,osm,नवसारी,
NVT,Navipet,Telangana,18.7663,78.0169,osm,,
NVU,Navalur,Karnataka,15.4152,75.0562,osm,,ನವಲೂರ
NW,Nalwar,Karnataka,16.936,77.0194,osm,,ನಾಲವಾರ
NWA,Nagarwara,Madhya Pradesh,22.212,80.1232,osm,,
NWB,Niwas Road,Madhya Pradesh,24.0824,81.9345,osm,,
NWBV,Nwbv,Andhra Pradesh,16.5299,80.6204,datameet,,
NWC,Naya Nagar,Bihar,25.7504,86.1115,osm,,
NWD,Nawadah,Bihar,24.8859,85.5481,osm,,
NWDH,Nawadih,Jharkhand,24.4092,85.8161,osm,,
NWH,Nawalgarh,Rajasthan,27.844,75.2465,osm,,
NWMS,Naopara Mahishasur,West Bengal,24.3172,88.147,osm,,
NWN,Nanwan,Haryana,28.3722,76.0102,osm,,
NWP,Naupada Junction,Andhra Pradesh,18.5789,84.2832,osm,,
NWR,Niwar,Madhya Pradesh,23.7196,80.3698,osm,,
NWSI,Nawal Sahi H,,,,,,
NWU,Navapur,Gujarat,21.1666,73.7725,osm,,
NXH,Nidaghatta,Karnataka,12.6258,77.0895,osm,,
NXN,Nuagaon,Odisha,22.3945,84.9381,osm,,
NXR,Nagsar Halt,Uttar Pradesh,25.4999,83.6452,osm,,
NYA,Narayangarh,West Bengal,22.1739,87.381,osm,,
NYG,Nayagarh,Odisha,21.8393,85.4335,osm,,
NYGT,Nayagarh Town,Odisha,20.144,85.1154,osm,नयागड टाउन,ନୟାଗଡ଼ ଟାଉନ
NYH,Nayandahalli,Karnataka,12.9413,77.5212,osm,,ನಾಯಂಡಹಳ್ಳಿ
NYI,Nellayi,Kerala,10.392,76.2756,osm,,
NYK,Naya Kharadia,Rajasthan,27.0385,74.937,osm,,
NYM,Neyamatpur Halt,Bihar,24.9397,84.9879,osm,,
NYN,Naini Junction,Uttar Pradesh,25.3937,81.8602,osm,,
NYO,Nayagaon,Bihar,25.7628,85.0982,osm,,
NYP,Nayudupeta,Andhra Pradesh,13.9087,79.9008,osm,नायुडुपेटा,
NYRH,Nayar Hat,West Bengal,26.4308,89.1301,osm,नयार हाट,
NYT,Nayatola,Bihar,25.5618,87.6032,osm,,
NYY,Neyyattinkara,Kerala,8.41006,77.0816,osm,,നെയ്യാറ്റിൻകര
NZB,Nizamabad Junction,Telangana,18.6788,78.1035,osm,निज़ामाबाद,నిజామాబాద్ జంక్షన్
NZD,Nuzvid,Andhra Pradesh,16.6501,80.9622,osm,,
NZG,Nazarbag,Gujarat,22.8145,70.8549,osm,,
NZH,Nidaghatta,Karnataka,,,,,
NZM,Hazrat Nizamuddin Junction,Delhi,28.589,77.2535,osm,हज़रत निज़ामुद्दीन जंक्शन,
NZP,Niyazipur,Bihar,25.1464,84.9889,osm,,
NZR,Nazira,Assam,26.9033,94.7224,osm,नाजिरा,নাজিৰা
NZT,Nazareth,Tamil Nadu,8.5644,77.9758,osm,,
OBAC,Obra-A-Cabin,Uttar Pradesh,24.4463,82.9883,datameet,,
OBM,Obalapuram,Andhra Pradesh,15.032,76.8527,osm,,
OBR,Obra Dam,Uttar Pradesh,24.4395,82.9774,osm,,
OBVP,Obulavaripalli Junction,Andhra Pradesh,14.0404,79.2678,osm,,
OCH,Odhaniya Chacha,Rajasthan,26.9708,71.7237,osm,,
OCR,Ochira,Kerala,9.13184,76.5252,osm,,
OD,Od,Gujarat,22.6571,73.0849,osm,,
ODB,Oodlabari,West Bengal,26.8669,88.6244,osm,उदलाबाड़ी,ওদলাবাড়ী
ODC,Oddanchatram,Tamil Nadu,10.4851,77.746,osm,ओडडनचततीराम,
ODG,Obaidullaganj,Madhya Pradesh,22.9951,77.5875,osm,,
ODHA,Odha,Maharashtra,20.0178,73.9132,osm,,
ODM,Ondagram,West Bengal,23.148,87.2023,datameet,,
ODUR,Odur,Andhra Pradesh,14.0719,79.8559,osm,,
OEA,Odela,Telangana,18.4565,79.4494,osm,,
OEL,Oel,Uttar Pradesh,27.831,80.7537,osm,,
OGL,Ongole,Andhra Pradesh,15.4978,80.0571,osm,ओंगोल,
OGM,Oorgaum,Karnataka,12.9543,78.26,osm,,ಊರಿಗಾಂ
OHAN,Ohancabin,Uttar Pradesh,25.1025,81.0173,datameet,,
OKA,Okhla,Delhi,28.5595,77.2656,osm,ओखला,
OKAC,Okac,,,,,,
OKD,Okha Madhi,Gujarat,22.0953,69.104,osm,,
OKHA,Okha,Gujarat,22.4716,69.0765,osm,,
OLA,Olakur,Tamil Nadu,12.3049,79.7209,osm,,
OLP,Olapur,Bihar,25.5166,86.3698,osm,,
OLR,Ollur,Kerala,10.4739,76.2371,osm,,
OM,Omkareshwar Road,Madhya Pradesh,22.2149,76.0465,osm,,
OMB,Umbermali,Maharashtra,19.6284,73.423,osm,उंबरमाली,
OML,Omalur Junction,Tamil Nadu,11.7383,78.0449,osm,,
OMLF,Old Malda Junction,West Bengal,25.0531,88.1436,osm,,
ON,Unnao Junction,Uttar Pradesh,26.5492,80.4874,osm,उन्नाव जन्क्शन,
OND,Aunlajori Junction,Odisha,22.3346,86.196,osm,,
ONR,Coonoor,Tamil Nadu,11.3442,76.7913,osm,,குன்னூர்
OPL,Uppal,Telangana,18.1825,79.482,osm,,
OPN,Onnupuram Halt,Tamil Nadu,12.7116,79.1797,datameet,,
ORAI,Orai,Uttar Pradesh,25.9828,79.4598,osm,,
ORC,Orchha,Uttar Pradesh,25.4012,78.6457,osm,,
ORDI,Ordi,Rajasthan,24.8264,74.632,osm,,
OREH,Ore,Bihar,24.9255,84.9902,osm,,
ORGA,Orga,Odisha,22.4487,84.916,osm,,
ORH,Oddarahalli,Karnataka,13.3461,77.5411,osm,,
ORKI,Orki,Rajasthan,30.0935,73.8926,osm,ओड़की,
ORR,Orr,Madhya Pradesh,24.5229,77.8338,osm,,
ORW,Orwara,Uttar Pradesh,26.7985,82.8436,osm,,
OSA,Ausa Road,Maharashtra,18.3784,76.4077,osm,,
OSH,Old Sachival,,,,,,
OSHI,Oshi,,,,,,
OSN,Osiyan,Rajasthan,26.7306,72.8995,osm,,
OSRA,Osra,Madhya Pradesh,23.0304,75.6113,osm,,
OTD,Ootwar,Rajasthan,27.6259,76.7328,osm,,
OTK,Ottakovil,Tamil Nadu,11.2163,79.1011,osm,,
OTN,Oating,Assam,26.4277,93.9859,osm,ओटिंग,ওটিংগ
OTP,Ottappalam,Kerala,10.7699,76.3777,osm,,
OTR,Moturu,Andhra Pradesh,16.4405,81.0517,osm,,
OV,Otivakkam,Tamil Nadu,12.6227,79.9753,osm,,
OYR,Waria,West Bengal,23.5385,87.2463,osm,वारिया,
P,P,,,,,,
PAA,Patas,Maharashtra,18.4734,74.471,osm,,
PAAL,Pala,Maharashtra,21.3761,78.0184,osm,,
PAB,Pattabiram,Tamil Nadu,13.1187,80.065,osm,,
PAD,Pardi,Gujarat,20.5138,72.9242,osm,,
PADH,Pipradih,Jharkhand,24.3906,85.493,osm,पीपराडीह,
PADL,Padil,Karnataka,12.8753,74.8944,osm,,
PAE,Palana,Rajasthan,27.8524,73.2729,osm,,
PAGM,Pennada Agraharam,Andhra Pradesh,16.5419,81.5781,osm,,
PAI,Pabai,Madhya Pradesh,23.7675,77.932,osm,,
PAIL,Pali,Bihar,25.5571,84.814,osm,,
PAJ,Paraj,West Bengal,23.3876,87.6272,osm,,
PAK,Pakala Junction,Andhra Pradesh,13.4509,79.1145,osm,,
PAL,Palasner,Madhya Pradesh,22.2986,77.0425,osm,,
PALI,Pali,Haryana,28.1766,76.4506,osm,,
PALM,Palayam.I,Tamil Nadu,10.7188,78.1292,osm,,பாளையம்
PALR,Palur,Tamil Nadu,12.7663,79.9069,osm,,பாலூர்
PAM,Panapakam,Andhra Pradesh,13.5,79.2041,osm,,
PAN,Panagarh,West Bengal,23.4431,87.4583,osm,,
PANP,Pandavapura,Karnataka,12.4638,76.6811,osm,,ಪಾಂಡವಪುರ
PAO,Panoli,Gujarat,21.5355,72.978,osm,पानोली,
PAP,Pithapuram,Andhra Pradesh,17.1109,82.257,osm,,
PAPM,Palat Potaram,Telangana,17.7901,78.4544,datameet,,
PAQ,Padiya Nagla,Uttar Pradesh,29.0728,78.9025,osm,,
PAR,Pandhurna,Madhya Pradesh,21.5898,78.5258,osm,,
PARD,Pathrad,Maharashtra,19.184,77.3976,osm,,
PARH,Parakheda,Madhya Pradesh,25.7047,77.6413,osm,,
PAS,Pasur,Tamil Nadu,11.2408,77.8551,osm,,பசூர்
PASA,Parassala,Kerala,8.33972,77.1657,osm,,പാറശ്ശാല
PASG,Panisagar,Tripura,24.2745,92.1502,osm,,
PASR,Panduranga Swamy Road,Telangana,16.2479,77.5778,osm,,
PATA,Pata,Uttar Pradesh,26.6666,79.4794,datameet,,
PATI,Parsa Tiwari,Uttar Pradesh,26.9581,82.4481,osm,,
PATL,Patel Halt,Bihar,25.5638,84.8958,osm,,
PATM,Patam Halt,Bihar,25.3226,86.5328,osm,,
PATR,Paramjeevar Tarajeevar,Bihar,26.2569,85.4486,datameet,,
PAU,Purna Jn,Maharashtra,19.1805,77.025,datameet,,
PAV,Pedana,Andhra Pradesh,16.2517,81.1443,osm,,
PAVI,Pavi,Gujarat,22.3405,73.8339,osm,पावी,પાવી
PAVP,Pedda Avutapale,Andhra Pradesh,16.5625,80.8394,osm,,
PAW,Pandabeswar,West Bengal,23.7122,87.2772,osm,,
PAX,Patti,Punjab,31.2878,74.8555,osm,,
PAY,Payyanur,Kerala,12.0922,75.1951,datameet,,
PAZ,Payangadi,Kerala,12.0217,75.2602,osm,,പഴയങ്ങാടി
PB,Puntamba Junction,Maharashtra,19.7614,74.622,osm,,
PBA,Piardoba,West Bengal,22.9569,87.3222,osm,,
PBB,Parbatonia,Jharkhand,22.5083,84.947,osm,,
PBC,Parbatsar City,Rajasthan,26.8885,74.7626,osm,,
PBD,Peddabrahmadevam,Andhra Pradesh,16.991,82.0787,osm,,
PBE,Pilibhit Junction,Uttar Pradesh,28.6157,79.8124,osm,पीलीभीत जंक्शन,
PBJM,Pabnawa Jasmohinder,Haryana,29.8981,76.6618,osm,,
PBKS,Pambakovil Shandy,Tamil Nadu,9.13051,77.4306,osm,,
PBL,Pathsala,Assam,26.4971,91.1777,osm,,
PBM,Pamban,Tamil Nadu,9.28019,79.2139,osm,पांबन,பாம்பன்
PBN,Parbhani Jn,Maharashtra,19.2575,76.7741,datameet,,
PBP,Pembarti,Telangana,17.693,79.1171,osm,,
PBQ,Pathardih Bazar,Jharkhand,23.6825,86.4313,datameet,,
PBR,Porbandar,Gujarat,21.6429,69.6147,osm,,
PBS,Purab Sarai,Bihar,,,,,
PBV,Paliba,Odisha,18.6605,82.6961,osm,,
PBW,Pantnagar,Uttarakhand,29.0175,79.5181,osm,,
PBZ,Porabazar,West Bengal,22.9174,88.1593,osm,,
PC,Pachora Junction,Maharashtra,20.6696,75.3492,osm,,
PCAB,Pcab,Odisha,22.2377,84.9122,datameet,,
PCC,Prachi Road Junction,Gujarat,20.9834,70.6911,osm,,
PCF,Penchi,Madhya Pradesh,24.1387,77.0058,datameet,,
PCH,Pachhapur,Karnataka,16.0804,74.6709,osm,,ಪಚ್ಚಾಪುರ
PCHT,Punaichak Ha,,,,,,
PCK,Pachrukhi,Bihar,26.1618,84.4169,osm,,
PCKM,Pachchakuppam,Tamil Nadu,12.8235,78.7582,osm,पच्चकुप्पम,
PCL,Pulicherla,Andhra Pradesh,13.5986,79.0408,osm,,
PCLI,Palachauri,Madhya Pradesh,22.2007,78.666,osm,,
PCLM,Panchalam,Tamil Nadu,12.275,79.6919,osm,,
PCLS,Pcls,,,,,,
PCM,Pavurchutram,Tamil Nadu,8.91509,77.3759,osm,,
PCMK,Pachar Malikpura,Rajasthan,27.2062,75.3949,osm,,
PCN,Panch Piplia,Madhya Pradesh,23.0327,74.6667,osm,,
PCO,Palayankottai,Tamil Nadu,8.70999,77.7367,osm,,பாளையங்கோட்டை
PCOI,Allahabad Chheoki,Uttar Pradesh,25.37706,81.86713,osm,,
PCP,Palsap,Maharashtra,18.3584,76.1933,osm,,
PCQ,Pichkurir Dhal,West Bengal,23.5455,87.7207,osm,,
PCR,Panchra,West Bengal,23.7721,87.3303,osm,,
PCT,Panchtalavda Road,Gujarat,21.6184,71.4439,osm,,
PCTM,Puduchatti,,,,,,
PCU,Putlacheruvu,Andhra Pradesh,16.4847,81.112,osm,,
PCV,Palakkodu,Tamil Nadu,12.297,78.0717,osm,,
PCW,Perambur Carriage Works,Tamil Nadu,13.1073,80.2389,osm,,
PCX,Pagla Chandi,West Bengal,23.7318,88.3054,osm,,
PCY,Pipar City,Rajasthan,26.3747,73.5316,osm,,
PCZ,Pocharam,Telangana,17.4674,80.2055,osm,,
PD,Phardhan,Uttar Pradesh,27.9894,80.642,osm,,
PDA,Pundooah,West Bengal,23.0707,88.2697,osm,,
PDD,Padubidri,Karnataka,13.197,74.7681,osm,,ಪಾದೆಬೆಟ್ಟು
PDE,Pindrai,Madhya Pradesh,22.5122,80.0468,osm,,
PDF,Padampur,Gujarat,23.509,70.8179,osm,,
PDG,Paradgaon,Maharashtra,19.6291,76.1474,datameet,,
PDGL,Pondugula,Andhra Pradesh,16.6433,79.678,osm,,
PDGM,Pudunagaram,Kerala,10.6861,76.6843,osm,,
PDGN,Padhegaon,Maharashtra,19.5373,74.6923,osm,,
PDH,Paddhari,Gujarat,22.4298,70.6058,osm,,
PDI,Palasdhari,Maharashtra,18.8844,73.3208,osm,पलसदरी,
PDJ,Phiding,Assam,25.2053,93.1447,osm,फाइडिंग,
PDKM,Peddanayakkanpalaiyam,Tamil Nadu,11.6477,78.5055,osm,,
PDKN,Pedakakani,Andhra Pradesh,16.3435,80.4862,osm,,
PDKT,Pudukkotai,Tamil Nadu,10.3722,78.802,osm,पुदुक्कोट्,புதுக்கோட்டை
PDL,Pendekallu Junction,Andhra Pradesh,15.3743,77.6486,osm,,
PDMA,Padma,Jharkhand,24.2104,85.3533,osm,,
PDMI,Pendlimarri,Andhra Pradesh,14.4314,78.6402,osm,पेंड्लिमर्रि,
PDNA,Peddadinne,Telangana,16.0997,77.8344,osm,,
PDNR,Padanura,Karnataka,17.3219,75.9843,osm,,ಪಡನೂರ
PDO,Poodoor,Telangana,16.1547,77.8213,osm,,
PDP,Padse,Maharashtra,21.1277,74.9343,osm,,
PDPH,PadapaharJunction,Jharkhand,22.1566,85.5462,osm,पदा पहाड़ जंक्शन,
PDPK,Padmapukur,West Bengal,22.5683,88.3057,osm,,
PDPL,Peddapalli Junction,Telangana,18.6138,79.3923,osm,पेद्दपल्ली जंक्शन,
PDPR,Purandarpur,Uttar Pradesh,27.21,83.3475,datameet,,
PDQ,Padla,Rajasthan,24.3063,73.7778,osm,,
PDR,Payagpur,Uttar Pradesh,27.4071,81.777,osm,,
PDRA,Padra,Gujarat,22.2373,73.09,osm,पादरा,પાદરા
PDRD,Pindra Road,Uttar Pradesh,25.4947,82.8529,osm,,
PDS,Pindarsi,Haryana,29.9183,76.7047,osm,,
PDSN,Peddasana,Andhra Pradesh,18.5954,84.1795,osm,,
PDT,Pendurthi,Andhra Pradesh,17.8142,83.1957,osm,,
PDU,Ponduru,Andhra Pradesh,18.3628,83.7768,osm,,
PDV,Pandaravadai,Tamil Nadu,10.9136,79.242,osm,,
PDW,Pandaul,Bihar,26.2687,86.0893,osm,,
PDX,Payradanga Rail Station,West Bengal,23.1285,88.5455,osm,,
PDY,Puducherry,Puducherry,11.925,79.8282,osm,,புதுச்சேரி ரயில் நிலையம்
PDZ,Pilioda,Rajasthan,26.6059,76.8641,osm,,
PEA,Pettai,Tamil Nadu,8.71893,77.6537,osm,,
PEC,Pencharthal,Tripura,24.1959,92.109,osm,,
PED,Pipardahi,Madhya Pradesh,22.0521,79.4127,datameet,,
PEE,Paterhi,Bihar,25.9177,84.8008,osm,,
PEH,Pathardih Bazar,Jharkhand,23.6829,86.4283,osm,,
PEI,Perani,Tamil Nadu,12.1029,79.5522,osm,,
PEL,Polireddipalem,Andhra Pradesh,13.7592,79.9798,osm,,
PEM,Peralam Junction,Tamil Nadu,10.9582,79.6571,osm,,
PEN,Pen,Maharashtra,18.7354,73.0868,osm,पेन,पेण
PEP,Phephna Junction,Uttar Pradesh,25.77,84.0511,osm,फेफना जंकशन,
PER,Perambur,Tamil Nadu,13.1077,80.2444,osm,पेरंबूर,
PERN,Pernem,Goa,15.709,73.8168,osm,पेडणे,
PES,Phesar,Bihar,24.8453,84.4181,osm,,
PETA,Pandetola,Bihar,24.7415,87.0603,datameet,,
PEU,Perashshannur,Kerala,10.841,76.0659,osm,,
PEW,Perambur Loco Works,Tamil Nadu,13.1084,80.2258,osm,,
PFL,Piprala,Gujarat,23.6497,71.0944,osm,,
PFM,Phaphamau Junction,Uttar Pradesh,25.5257,81.8671,osm,फाफामऊ जंक्शन,
PFMA,Pfma,,,,,,
PFR,Pachor Road,Madhya Pradesh,23.7288,76.7417,osm,,
PFT,Pothahi,Bihar,25.4433,85.0836,osm,,
PFU,Padua,Odisha,18.3981,82.6888,osm,,
PG,Pergaon,Maharashtra,19.295,76.6735,datameet,,
PGA,Pagara,Madhya Pradesh,24.6562,77.4437,osm,,
PGC,Panchgachia,Bihar,25.9702,86.5991,osm,,
PGDI,Pagidirai,Andhra Pradesh,15.2729,77.6023,osm,,
PGDP,Pagidipalli,Telangana,17.4846,78.8206,osm,,
PGG,Penganga,Maharashtra,19.9672,77.1197,osm,,
PGI,Parappanangadi,Kerala,11.0476,75.8599,osm,,പരപ്പനങ്ങാടി
PGK,Pili Bangan,Rajasthan,29.4839,74.0788,osm,,
PGL,Pagdhal,Madhya Pradesh,22.4203,77.3515,osm,,
PGMD,Pragati Maidan,Delhi,28.616,77.2472,osm,प्रगति मैदान,
PGN,Perugamani,Tamil Nadu,10.8888,78.5475,osm,,
PGP,Pandurangapuram,Telangana,17.7198,80.7653,osm,,
PGR,Pugalur,Tamil Nadu,11.0514,77.9916,osm,,
PGRL,Piduguralla,Andhra Pradesh,16.4782,79.8769,osm,,
PGT,Palakkad Junction,Kerala,10.7993,76.6376,osm,,
PGTN,Palghat Town,Kerala,10.7754,76.6522,datameet,,
PGU,Padugupadu,Andhra Pradesh,14.4981,79.99,osm,,
PGW,Phagwara Junction,Punjab,31.2176,75.7654,osm,,
PGZ,Perunguzhi,Kerala,8.63173,76.8082,osm,,
PH,Panoh,Himachal Pradesh,31.5481,76.2024,osm,,
PHA,Patharia,Madhya Pradesh,23.9057,79.1924,osm,,
PHC,Panchot,Gujarat,23.6356,72.3376,osm,,
PHD,Phaphund,Uttar Pradesh,26.6324,79.5545,osm,,
PHE,Pahleja,Bihar,24.9333,84.1462,osm,,
PHI,Panikhaiti,Assam,26.2116,91.8753,osm,पानीखाईति,
PHK,Punarakh,Bihar,25.482,85.8037,osm,,
PHLG,Phlg,,,,,,
PHM,Patapatnam,Andhra Pradesh,18.7382,84.0809,osm,,
PHN,Pokhrayan,Uttar Pradesh,26.2234,79.8411,osm,पुखरायाँ,
PHQ,Pardhade,Maharashtra,20.7298,75.3772,osm,,
PHR,Phillaur Junction,Punjab,31.0169,75.7861,osm,,
PHRH,Panchrukhi,Himachal Pradesh,32.0564,76.5654,osm,पंचरुखी,
PHS,Ferozeshah,Punjab,30.8834,74.8047,osm,,
PHU,Pahur,Maharashtra,20.7154,75.6837,osm,,
PHV,Pirthiganj,Uttar Pradesh,25.8555,82.0128,datameet,,
PHVP,Phvp,,,,,,
PHWR,Pehowa Road,Haryana,29.8841,76.6211,osm,,
PHX,Pathakpur,Uttar Pradesh,28.3697,78.5805,datameet,,
PHY,Phariha,Uttar Pradesh,26.0073,83.0293,osm,,
PI,Padli,Maharashtra,19.7982,73.6721,osm,,
PIA,Piprai Gaon,Madhya Pradesh,24.5041,77.9646,osm,,
PIC,Parichha,Uttar Pradesh,25.5184,78.7385,osm,,
PIGT,Pilighat,Madhya Pradesh,24.6577,77.5058,osm,,
PIH,Parhihara,Rajasthan,27.9214,74.5498,osm,,
PIJ,Pij,Gujarat,22.6759,72.8109,osm,,
PIL,Piler,Andhra Pradesh,13.6626,78.9281,osm,पीलेर,
PIO,Pilol,Gujarat,22.4152,73.2099,osm,पिलोल,
PIP,Piplia,Madhya Pradesh,24.2036,75.0076,osm,,
PIRO,Piro,Bihar,25.3199,84.4088,osm,,
PIS,Piska,Jharkhand,23.3299,85.2063,osm,पिस्का,
PIT,Palitana,Gujarat,21.5379,71.8229,osm,,
PIZ,Pingli,Maharashtra,19.218,76.8583,osm,,
PJ,Peppeganj,Uttar Pradesh,26.9306,83.2944,osm,,
PJA,Pajian,Punjab,31.2722,75.2952,osm,,
PJB,Paniajob,Chhattisgarh,21.1838,80.6941,osm,,
PJGM,Panzgom,Jammu and Kashmir,33.8464,75.0386,osm,,
PJH,Pirjhalar,Madhya Pradesh,23.2604,75.5313,datameet,,
PJK,Panj Kosi,Punjab,30.1384,74.0498,osm,,
PJLE,Panjwara Road,Bihar,24.8767,87.0137,osm,,
PJN,Panjhan,Maharashtra,20.2751,74.611,osm,,
PJP,Panjipara,Bihar,26.1394,88.017,osm,पांजीपाड़ा,
PJPI,Prajapati,Bihar,26.8168,84.5023,osm,,
PJPR,PJP Road,Telangana,16.2389,77.689,osm,,
PJPT,Parjapati Ha,,,,,,
PJR,Pangri,Maharashtra,18.284,75.8671,osm,,
PJY,Para Jani Halt,Uttar Pradesh,26.5969,79.6349,datameet,,
PK,Pakni,Maharashtra,17.7254,75.779,osm,,
PKA,Pradhankhunta Junction,Jharkhand,23.7728,86.5159,osm,,
PKB,Patharkhola,Assam,25.7779,93.1028,osm,,
PKBS,Peeplee Ka Bas,Rajasthan,26.9106,75.2689,osm,,
PKC,Pakra,Jharkhand,22.8577,84.9494,osm,पकरा,
PKD,Penukonda Junction,Andhra Pradesh,14.1001,77.5946,osm,,
PKDE,Pilu Khera,Haryana,29.356,76.4983,osm,,
PKE,Pimpar Khed,Maharashtra,20.3075,74.7563,osm,,
PKEO,Panskura East Outer,West Bengal,22.3997,87.7735,datameet,,
PKF,Pokla,Jharkhand,22.9195,84.951,osm,,
PKGM,Phakhoagram,Assam,24.6615,92.4108,osm,फाकूवाग्राम,
PKJN,Pakhajan,Gujarat,21.7986,72.7285,osm,पखाजन,
PKK,Pakki,Punjab,30.1632,74.3467,osm,,
PKL,Papinayaknahalli,Karnataka,15.2357,76.4908,osm,,ಪಾಪಿನಾಯಕನಹಳ್ಳಿ
PKM,Periyanaikanpalaiyam,Tamil Nadu,11.1455,76.949,osm,,பெரியநாயக்கன்பாளையம்
PKNA,Pakhna,Uttar Pradesh,27.3083,79.3326,osm,,
PKNS,Pokharni Narsimha,Maharashtra,19.1188,76.7323,osm,,
PKO,Palakollu,Andhra Pradesh,16.5214,81.7173,osm,,
PKP,Pallikkara,Kerala,,,,,
PKPU,Pedakurapadu,Andhra Pradesh,16.4595,80.2542,osm,,
PKQ,Pattikkad,Kerala,11.0212,76.2326,osm,,
PKR,Pakur,Jharkhand,24.638,87.8559,osm,पाकुड़,
PKRA,Parsa Khera,Uttar Pradesh,28.4334,79.3429,osm,परसा खेड़ा,
PKRD,Pakaria Road,Madhya Pradesh,24.0477,80.5011,osm,,
PKRH,Parsa Kerwan Halt,Bihar,26.0534,84.8271,osm,,
PKT,Pattukkottai,Tamil Nadu,10.4163,79.3206,osm,,பட்டுக்கோட்டை
PKU,Panskura Junction,West Bengal,22.3927,87.7427,osm,,
PKW,Pilkhua,Uttar Pradesh,28.7125,77.6684,osm,,
PKX,Pakhruli,Uttar Pradesh,26.2053,82.1233,osm,,
PKY,Pilkhani,Uttar Pradesh,29.9977,77.4731,osm,,
PKZ,Pipli Pakhi Kalan,Punjab,30.7314,74.7331,osm,,
PL,Lower Parel,Maharashtra,18.9957,72.8303,osm,लोअर परेल,लोअर परळ
PLA,Palia,Madhya Pradesh,22.8304,75.7995,osm,,
PLAE,Palsit,West Bengal,23.1964,88.0031,osm,,
PLC,Phalodi Junction,Rajasthan,27.1248,72.3667,datameet,,
PLCJ,Phalodi Junction,Rajasthan,27.1258,72.3667,osm,,
PLD,Paldhi,Maharashtra,21.0223,75.4607,osm,,
PLE,Piplee,Gujarat,23.8144,71.5165,osm,,
PLF,Piali,West Bengal,22.3873,88.5189,osm,,
PLG,Palghar,Maharashtra,19.6979,72.7719,osm,पालघर,पालघर
PLGH,Paligarh,Uttar Pradesh,25.9618,83.5007,osm,,
PLH,Parlakhemundi,Odisha,18.7857,84.0816,osm,,
PLHL,Palahalli,Karnataka,12.4069,76.6586,osm,,
PLHW,Palhawas,Haryana,28.3596,76.6297,osm,,
PLI,Pettaivaytalai,Tamil Nadu,10.8989,78.4935,osm,,
PLJ,Palej,Gujarat,21.9206,73.0726,osm,,
PLJE,Phulwartanr,Jharkhand,23.7753,86.2269,osm,,
PLK,Palia Kalan,Uttar Pradesh,28.4265,80.5825,osm,पलिया कलां,
PLL,Parali,Kerala,10.8005,76.5598,osm,,
PLM,Paneli Moti,Gujarat,21.8738,70.16,osm,,
PLMD,Peelamedu,Tamil Nadu,11.0328,77,osm,,
PLMG,Puliyamangalam,Tamil Nadu,13.0834,79.685,osm,,
PLMX,Palampur Himachal,Himachal Pradesh,32.0816,76.5155,osm,पालमपुर हिमाचल,
PLNI,Palani,Tamil Nadu,10.4586,77.5203,osm,पलनी,
PLO,Pulgaon Junction,Maharashtra,20.7263,78.3175,osm,,
PLP,Phulpur,Uttar Pradesh,25.5521,82.0907,osm,,
PLPM,Palappuram,Kerala,10.7519,76.3983,osm,,
PLS,Pipalsana,Uttar Pradesh,28.9521,78.8353,osm,,
PLSG,Palasingi,Odisha,19.0145,83.8054,osm,,
PLSN,Palsana,Rajasthan,27.4857,75.3777,osm,,
PLT,Pirthala Lalauda,Haryana,29.6233,75.8667,osm,,
PLU,Pathakothacheruvu,Andhra Pradesh,15.1712,77.5216,osm,,
PLV,Palsi,Maharashtra,17.8121,74.1115,osm,,
PLVA,Pallevada,Andhra Pradesh,16.5764,81.2876,osm,,
PLVR,Palam Vihar,Haryana,28.5165,77.034,osm,,
PLW,Pingleswar,Madhya Pradesh,23.2113,75.8608,osm,,
PLWR,Phulwaria,Bihar,26.4687,84.2557,osm,,
PLY,Plassey,West Bengal,23.778,88.2851,osm,,
PM,Palam,Delhi,28.5853,77.0925,osm,,
PMB,Pullampadi,Tamil Nadu,10.9397,78.9171,osm,,
PMD,Pamidi,Andhra Pradesh,14.9805,77.5993,osm,,
PMDB,Pamidi,Andhra Pradesh,14.9812,77.5991,datameet,,
PMGN,Pimpalgaon,Maharashtra,20.6279,75.5162,osm,,
PMH,Parao Mahna,Punjab,30.8115,75.2671,osm,,
PMI,Paimar,Bihar,24.8065,85.1102,osm,,
PMK,Paramakkudi,Tamil Nadu,9.53946,78.5911,osm,परमक्कुडि,பரமக்குடி
PMKT,Pimpalkutti,Maharashtra,19.8303,78.5808,osm,,
PML,Papanasam,Tamil Nadu,10.9233,79.2689,osm,,பாபநாசம்
PMM,Parsehra Mal,Uttar Pradesh,27.7218,80.7298,osm,,
PMN,Paman,Uttar Pradesh,26.36,80.0806,osm,,
PMO,Pandoli,Rajasthan,24.8664,74.3996,osm,,
PMP,Pimpri,Maharashtra,18.6229,73.8025,osm,पिंपरी,
PMPE,Pampur,Jammu and Kashmir,33.9989,74.8949,osm,,
PMPR,Pampore,Uttar Pradesh,26.2451,80.4835,datameet,,
PMQ,Parmanand,Punjab,32.1704,75.4963,osm,,
PMR,Pitambarpur,Uttar Pradesh,28.2,79.5382,osm,पिताम्बरपुर,
PMS,Parmalkasa,Chhattisgarh,21.1407,81.0994,osm,,
PMT,Pullampet,Andhra Pradesh,14.1205,79.2052,osm,,
PMU,Parmanandpur Junction,Bihar,25.7412,85.1344,osm,,
PMY,Pali Marwar,Rajasthan,25.791,73.3273,osm,,
PMYA,Parminiya,Bihar,25.8267,86.5954,osm,,
PN,Pansar,Gujarat,23.3079,72.4797,datameet,,
PNB,Panbari,Assam,26.2,91.9775,osm,पानबारी,
PNBE,Patna Junction,Bihar,25.6032,85.1377,osm,पटना जंक्शन,
PNC,Patna Sahib,Bihar,25.5859,85.2306,osm,,
PNCB,Pancheberia,West Bengal,23.2205,88.5994,osm,,
PND,Pendra Road,Chhattisgarh,22.7558,81.899,osm,,
PNDM,Pennadam,Tamil Nadu,11.3984,79.221,osm,,
PNDP,Pandillapalli,Telangana,17.1723,80.1703,osm,,పందిల్లపల్లి
PNDR,Pandori,Gujarat,22.4717,72.7441,osm,,
PNE,Prantik,West Bengal,23.6959,87.694,osm,,
PNF,Pangaon,Maharashtra,18.6347,76.6353,osm,,
PNGI,Panangudi,Tamil Nadu,9.92138,78.6126,osm,,பனங்குடி
PNGM,Panchgram,Assam,24.8655,92.5984,osm,,
PNGR,Pingora,Rajasthan,27.0877,77.372,osm,पिंगोरा,
PNHI,Panhai,Uttar Pradesh,25.0828,81.2047,osm,,
PNHR,Panihar,Madhya Pradesh,26.105,78.0231,osm,,
PNI,Puraini,Uttar Pradesh,29.3893,78.4463,osm,,
PNJ,Padriganj,Madhya Pradesh,22.3166,80.1138,osm,पाद्रीगंज,
PNK,Panki,Uttar Pradesh,26.4596,80.2391,osm,,
PNM,Panyam,Andhra Pradesh,15.5005,78.3406,osm,,
PNME,Parasnath,Jharkhand,23.9873,86.038,osm,पारसनाथ,
PNP,Panipat Junction,Haryana,29.3903,76.9641,osm,पानीपत जंक्शन,
PNPL,Panpali,Odisha,21.9157,84.1396,osm,,
PNPN,Panpana,Odisha,21.3618,86.7933,osm,,
PNPR,Punnapura,Kerala,9.44965,76.3338,datameet,,
PNQ,Punkunnam,Kerala,10.5341,76.209,osm,,
PNRA,Paniara,Uttar Pradesh,25.9021,83.5259,datameet,,
PNS,Pillamshat,,,,,,
PNSA,Punsia,Bihar,24.9543,87.0038,osm,,
PNSD,Pangara Shinde,Maharashtra,19.5264,77.2403,osm,,
PNSR,Pansar,Gujarat,23.3079,72.4803,osm,,
PNT,Panitola,Assam,27.495,95.2566,osm,पानीतोला,
PNTR,Pennathur,Tamil Nadu,12.838,79.1277,osm,,
PNU,Palanpur Junction,Gujarat,24.1745,72.4307,osm,,પાલનપુર રેલ્વે જંકશન
PNUG,Punpun Ghat Halt,Bihar,25.4987,85.1009,osm,,
PNV,Panevadi,Maharashtra,20.2625,74.4835,osm,पानेवाडी,
PNVL,Panvel,Maharashtra,18.9894,73.1227,osm,पनवेल,पनवेल
PNVT,Pancharatna,Assam,26.1584,90.5558,osm,,
PNW,Pundhag,West Bengal,23.5086,86.089,osm,,
PNWN,Pachawan,Madhya Pradesh,23.2089,77.127,osm,,
PNYA,Paniahwa,Uttar Pradesh,27.1673,83.9336,osm,पनियहवा,
PO,Parangipettai,Tamil Nadu,11.4771,79.7369,osm,,பரங்கிப்பேட்டை
POA,Pallikona,Andhra Pradesh,16.0615,80.8038,osm,,
POE,Pawapuri Road,Bihar,25.1596,85.5117,osm,,
POF,Piparsand,Uttar Pradesh,26.7418,80.7968,osm,,
POHE,Pohe,Maharashtra,20.5295,77.4695,osm,,
POI,Ponpadi,Tamil Nadu,13.2393,79.5889,osm,,
POK,Pokran,Rajasthan,26.9306,71.9231,datameet,,
POKL,Peokol,Uttar Pradesh,26.3429,83.9307,osm,,
POL,Pinjrapol,West Bengal,23.5538,87.2281,osm,पिॅजरापोल,
POM,Punthottam,Tamil Nadu,10.9298,79.6554,osm,,
PON,Ponneri,Tamil Nadu,13.3323,80.1989,osm,पोन्नेरी,
POO,Potlapadu,Andhra Pradesh,15.8736,79.5253,osm,,
POR,Piplod Road,Rajasthan,24.9344,76.6326,osm,,
PORA,Pora,Uttar Pradesh,27.532,78.1542,datameet,,
POT,Pothia,Bihar,26.3107,88.1794,osm,पोठिया,
POTI,Potheri,Tamil Nadu,12.8208,80.0369,osm,,
POU,Padrauna,Uttar Pradesh,26.8976,83.9827,osm,पडरौना,
POX,Pola-Patthar,Madhya Pradesh,22.3455,77.8549,osm,,
POY,Pollachi Junction,Tamil Nadu,10.6532,77.0009,osm,पोल्लाच्चि जंक्शन,பொள்ளாச்சி சந்திப்பு
POZ,Potul,Maharashtra,19.9186,75.1218,datameet,,
PP,Puranpur,Uttar Pradesh,28.5144,80.1513,osm,पूरनपुर,
PPA,Pipra,Bihar,26.4903,84.9861,osm,,
PPB,Partabpura,Punjab,31.0521,75.716,osm,,
PPC,Pipraich,Uttar Pradesh,26.8281,83.5358,osm,,
PPCK,Pipalwali Chowk,Madhya Pradesh,26.2662,77.4728,osm,,
PPD,Piplod,Gujarat,22.8192,73.9103,osm,पिपलोद,
PPDA,Panchpatia Deoria,Bihar,25.7685,84.9362,osm,,
PPDE,Pandu Pindara Junction,Haryana,29.3084,76.3714,osm,,
PPDI,Pipradih,Bihar,24.9937,86.9945,datameet,,
PPE,Paintepur,Uttar Pradesh,27.2389,81.1516,osm,,
PPEA,Paprera,Rajasthan,27.2257,77.3037,osm,,
PPF,Piplaj,Rajasthan,26.167,74.3808,osm,,
PPG,Piploda Bagla,Madhya Pradesh,23.3617,75.4293,osm,,
PPGT,Prinsep Ghat,West Bengal,22.5566,88.3314,osm,,
PPH,Pipri Dih,Uttar Pradesh,25.8678,83.4891,osm,,
PPI,Pipariya,Madhya Pradesh,22.7543,78.3559,osm,,
PPJ,Pophlaj,Maharashtra,18.2915,75.098,osm,,
PPK,Pachpokharia,Bihar,26.8941,84.9811,datameet,,
PPKD,Phaphrakund,Uttar Pradesh,24.4174,82.9326,osm,,
PPLC,Pimplachaure,Maharashtra,19.2859,77.1328,osm,,
PPLI,Pipli,Gujarat,22.345,69.9347,osm,,
PPM,Phirangipuram,Andhra Pradesh,16.2923,80.2563,osm,,
PPN,Punpun,Bihar,25.4891,85.0996,osm,,
PPNI,Paras Pani,Uttar Pradesh,24.3901,83.0344,osm,,
PPNS,Pappinisseri,Kerala,11.9423,75.347,osm,,
PPO,Panposh,Odisha,22.2286,84.8053,osm,,
PPR,Pipar Road Junction,Rajasthan,26.4518,73.4478,osm,,
PPRH,Piparahan Halt,Bihar,26.2243,85.2469,datameet,,
PPRN,Pipran,Rajasthan,29.2658,73.9283,datameet,,
PPS,Pipliya Road,Gujarat,22.928,70.6803,osm,,
PPT,Pirpainti,Bihar,25.29,87.4211,osm,पीरपैंती,
PPTA,Patliputra,Bihar,25.6216,85.0689,osm,,
PPTN,Piprithan,Bihar,26.4788,88.1243,osm,,
PPTR,Pushpattur,Tamil Nadu,10.5249,77.4226,osm,पुष्पतुर,
PPU,Piparpur Station,Uttar Pradesh,26.152,82.0417,osm,,
PPV,Pratapganj,Bihar,26.3128,86.9564,osm,,
PPVL,Pirappanvalasai,Tamil Nadu,9.29916,79.0438,datameet,,
PPW,Pachperwa,Uttar Pradesh,27.5299,82.639,osm,,
PPY,Papatapalli,Telangana,17.373,80.176,osm,,పాపటపల్లి
PPZ,Peddampet,Telangana,18.8041,79.4272,osm,,
PQA,Pipla,Maharashtra,21.3122,79.0686,osm,,
PQD,Pranpur Road,Bihar,25.4621,87.7043,osm,प्राणपुर रोड,
PQE,Pawapuri Road,Bihar,25.1592,85.5117,datameet,,
PQH,Pindkepar Halt,Maharashtra,21.3041,80.182,datameet,,
PQK,Pratap Khata,Assam,26.3864,90.1185,datameet,,
PQL,Pindial,Telangana,17.9264,79.4556,osm,,
PQM,Pakkam,Tamil Nadu,12.465,79.8503,osm,,
PQN,Pariawan Kalakankar Road,Uttar Pradesh,25.8253,81.3686,osm,,
PQS,Park Circus,West Bengal,22.5408,88.3739,osm,,
PQT,Punyavat,Gujarat,22.3331,73.956,osm,पुनियावांट,પુનિયાવાંટ
PQU,Paranamau,Madhya Pradesh,23.626,76.5547,osm,,
PQY,Pabli Khas,Uttar Pradesh,29.056,77.6977,osm,,
PQZ,Pundibari,West Bengal,26.4132,89.3941,osm,,
PR,Parel,Maharashtra,19.0095,72.8377,osm,परेल,परळ
PRAE,Palla Road Station,West Bengal,23.1791,88.0094,osm,,
PRAR,Paror,Himachal Pradesh,32.0813,76.4603,osm,परौर,
PRB,Parbati,Madhya Pradesh,23.2805,76.9641,osm,,
PRBG,Pratap Bagh,,,,,,
PRBZ,Parsa Bazar,Bihar,25.5497,85.119,osm,,
PRCA,Perecherla,Andhra Pradesh,16.3192,80.3398,osm,,
PRDG,Poradanga Halt,West Bengal,24.2622,88.2252,osm,,
PRDH,Pirduleshah,Rajasthan,25.8768,73.1497,osm,,
PRDL,Paradol,Chhattisgarh,23.1868,82.2647,osm,,
PRDP,Paradeep,Odisha,20.2797,86.6123,osm,,
PRDT,Proddatur,Andhra Pradesh,14.7586,78.5221,osm,,
PRE,Pahara,Uttar Pradesh,25.1194,82.7237,osm,,
PRES,Pattabiram E Depot,Tamil Nadu,13.146,80.0686,osm,,
PRF,Parsipur,Uttar Pradesh,25.3706,82.6374,osm,,
PRG,Prayag Junction,Uttar Pradesh,25.469,81.8675,osm,,
PRGA,Paharjagangau,Bihar,25.5319,86.3248,datameet,,
PRGD,Perungudi,Tamil Nadu,12.9761,80.2322,osm,,பெருங்குடி
PRGL,Perungalattur,Tamil Nadu,12.9052,80.0951,osm,,
PRGR,Pinargaria,West Bengal,24.2111,87.6424,osm,,
PRGT,Pargothan,Maharashtra,20.9041,78.2878,osm,,
PRH,Powerpet,Andhra Pradesh,16.7131,81.1066,osm,,
PRI,Pathri,Uttarakhand,29.8534,78.0781,osm,,
PRJ,Prantij,Gujarat,23.4304,72.8664,osm,,
PRK,Parkham,Uttar Pradesh,27.2876,77.7155,osm,,
PRKA,Parikha,Gujarat,22.0871,73.29,osm,,
PRKD,Powerkheda,Madhya Pradesh,22.6739,77.7481,osm,,
PRKE,Purua Khera,Uttar Pradesh,28.3857,78.9513,osm,,
PRKH,Parakanahatti,Karnataka,16.1388,74.6946,osm,,ಪರಕನಟ್ಟಿ
PRKL,Parikkal,Tamil Nadu,11.7758,79.3713,osm,,
PRL,Polur,Tamil Nadu,12.5103,79.1302,osm,,போளூர்
PRLI,Parli-Vaijnath,Maharashtra,18.8527,76.5248,osm,,
PRM,Pirumadara,Uttarakhand,29.3378,79.0604,osm,,
PRN,Parauna,Uttar Pradesh,25.8667,79.126,osm,,
PRNA,Purniya Junction,Bihar,25.7894,87.5192,osm,पूर्णियाँ जंक्शन,
PRNC,Purnia Court,Bihar,25.7954,87.4752,osm,पूर्णियाँं कोर्ट,
PRND,Perinad,Kerala,8.94861,76.6207,osm,,
PRNG,Pritam Nagar,Madhya Pradesh,23.2035,75.2021,osm,,
PRNR,Porjanpur,Odisha,21.7856,85.5241,osm,,
PRNT,Periyanaga Thunai,Tamil Nadu,12.5594,77.9112,osm,,
PRP,Paharpur,Bihar,24.6244,85.2066,osm,पहाड़पुर,
PRPM,Pt Ram Prasad Bismil,Uttar Pradesh,27.8112,79.9584,osm,,
PRR,Purulia Junction,West Bengal,23.3256,86.378,osm,,
PRRB,Allahabad City,Uttar Pradesh,25.43968,81.84929,osm,इलाहाबाद सिटी,
PRSL,Pandrasali,Jharkhand,22.6339,85.8073,osm,पान्ड्रासाली,
PRSN,Parsa Nagar,Bihar,26.7764,84.6869,datameet,,
PRSP,Prasadpur,Uttar Pradesh,28.5438,80.0876,osm,,
PRSR,Paharsar,Rajasthan,28.7227,75.4248,osm,,
PRT,Panruti,Tamil Nadu,11.7731,79.5547,osm,,
PRTL,Pirtala,West Bengal,24.3597,88.2811,osm,,
PRTN,Pratapnagar,Gujarat,22.2815,73.2108,osm,प्रतापनगर,પ્રતાપનગર
PRTP,Partapur,Uttar Pradesh,28.9213,77.647,osm,,
PRTR,Puttarra,,,,,,
PRU,Parlu,Rajasthan,25.8233,72.4319,osm,,
PRUR,Prithvirajpur,Rajasthan,29.9594,73.7134,osm,,
PRV,Pukkiravari,Tamil Nadu,11.6337,78.9863,osm,,
PRWA,Parwakhurd,Maharashtra,19.37,77.7714,osm,,
PRWD,Parewadi,Maharashtra,18.2901,74.9525,osm,,
PRWS,Pattabiram West,Tamil Nadu,13.1202,80.0519,datameet,,
PRY,Paraiya,Bihar,24.8093,84.8511,osm,,
PRYJ,Prayagraj Junction,Uttar Pradesh,25.44543,81.82596,osm,प्रयागराज जंक्शन,
PRZ,Parsa,Uttar Pradesh,27.4442,82.8892,osm,,
PS,Paras,Maharashtra,20.7251,76.8166,osm,,
PSA,Palasa,Andhra Pradesh,18.7574,84.4219,osm,,
PSAE,Purbasthali,West Bengal,23.4526,88.3249,osm,,
PSB,Parsabad,Jharkhand,24.3078,85.739,osm,,
PSD,Parsoda,Maharashtra,19.9537,74.8751,datameet,,
PSDA,Pasivedala,Andhra Pradesh,16.9936,81.7011,osm,,
PSE,Pusauli,Bihar,25.0976,83.7224,osm,,
PSF,Patrasayer,West Bengal,23.2173,87.5365,osm,,
PSJ,Patasahi,Odisha,21.9844,84.9504,osm,पाटासाही,ପାଟାସାହୀ
PSK,Paradsinga Halt,Madhya Pradesh,21.5412,78.8542,datameet,,
PSL,Parisal,Rajasthan,27.6819,76.6154,osm,,
PSLI,Parsoli,Rajasthan,25.1119,74.8744,osm,,
PSLP,Pasalapudi,Andhra Pradesh,16.47,81.0949,osm,,
PSN,Parsendi,Uttar Pradesh,27.5785,80.8442,osm,,
PSO,Palsora Makrawan,Madhya Pradesh,23.2603,75.5314,osm,,
PSPY,Prasannayanapalli,Andhra Pradesh,14.6495,77.5951,osm,,
PSR,Pasraha,Bihar,25.4038,86.7446,osm,,
PSRY,Pashwashraya,West Bengal,26.7634,88.4038,datameet,,
PSS,Padsali,Maharashtra,18.002,75.3896,osm,,
PST,Posoita,Jharkhand,22.4468,85.2544,osm,,
PSV,Parsneu,Rajasthan,28.0385,74.3695,osm,,
PSX,Patansaongi Town Halt,Maharashtra,21.3367,79.0252,osm,,
PSZ,Parsauni,Bihar,26.5563,85.5746,datameet,,
PT,Patli,Haryana,28.4011,76.8571,osm,,
PTA,Patiala,Punjab,30.3422,76.4023,osm,पटियाला,ਪਟਿਆਲਾ
PTAB,Patia,Odisha,20.3479,85.8411,osm,,
PTAE,Patuli,West Bengal,23.5474,88.2521,osm,,
PTB,Pattambi,Kerala,10.8022,76.1809,osm,,പട്ടാമ്പി
PTD,Petlad Junction,Gujarat,22.4857,72.8017,osm,,
PTE,Patiala Cantt.,Punjab,30.3401,76.3597,osm,,
PTF,Palta,West Bengal,22.7826,88.3703,osm,,
PTG,Patna Ghat,Bihar,25.5877,85.238,osm,पटना घाट,
PTH,Patranga,Uttar Pradesh,26.8251,81.6261,osm,,
PTHD,Patohan,Madhya Pradesh,23.9139,80.1993,osm,,
PTHL,Pantihal,West Bengal,22.6589,88.1135,osm,,
PTI,Patiali,Uttar Pradesh,27.6842,78.984,osm,,
PTJ,Podanur Junction,Tamil Nadu,10.9641,76.9887,osm,,
PTK,Pathankot Junction,Punjab,32.2722,75.6478,osm,पठानकोट जंक्शन,
PTKC,Pathankot Cantonment,Punjab,32.2594,75.6365,osm,,
PTKD,Patharkandi,Assam,24.6106,92.3221,osm,पाथारकान्दि,
PTKP,Potkapalli,Telangana,18.4287,79.4642,osm,,
PTKR,Patipukur,West Bengal,22.6065,88.3953,osm,,
PTLD,Patiladaha,Assam,26.4987,90.7984,osm,,
PTLI,Pathauli,Uttar Pradesh,27.157,77.9253,osm,,
PTLR,Putlur,Tamil Nadu,13.123,79.9374,osm,,
PTM,Padalam,Tamil Nadu,12.59,79.9504,osm,,
PTMS,Pattabiram Military Siding,Tamil Nadu,13.1374,80.0601,osm,,
PTN,Patan,Gujarat,23.8546,72.1309,osm,,પાટણ
PTNR,Patel Nagar,Delhi,28.6598,77.157,osm,पटेल नगर,
PTP,Patal Pani,Madhya Pradesh,22.5144,75.7968,osm,,
PTPL,Petrapole,West Bengal,23.0367,88.8687,osm,,
PTPR,Pratabpur,Uttar Pradesh,28.5664,79.8312,osm,,
PTPU,Prattiapadu,Andhra Pradesh,16.8182,81.575,osm,,
PTRD,Pataudi Road,Haryana,28.3479,76.7522,osm,,
PTRE,Patara,Uttar Pradesh,26.2328,80.2039,osm,,
PTRJ,Patti Rajpura,Himachal Pradesh,32.0694,76.5394,osm,पट्टी राजपुरा हॉल्ट,
PTRL,Pathrala,Punjab,30.0074,74.745,osm,,
PTRT,Pathrot,Maharashtra,21.1857,77.398,osm,,
PTRU,Patratu,Jharkhand,23.6669,85.3056,osm,,
PTS,Patansaongi,Maharashtra,21.3453,79.0099,osm,,
PTSC,Parichaa Therma,Uttar Pradesh,25.5252,78.754,datameet,,
PTT,Putalapattu,Andhra Pradesh,13.3336,79.1042,osm,पूतलपट्टु,
PTTN,Pattan,Jammu and Kashmir,34.1658,74.5633,osm,,
PTU,Partur,Maharashtra,19.5757,76.2128,datameet,,
PTWA,Patwara,Madhya Pradesh,23.9138,80.4137,osm,,
PTYR,Patiyara,Uttar Pradesh,26.6279,80.4765,datameet,,
PTZ,Patsul,Maharashtra,21.0037,77.0385,osm,,
PU,Patchur,Tamil Nadu,12.5865,78.4697,osm,,
PUA,Pulla,Andhra Pradesh,16.8096,81.3234,osm,,
PUC,Puduchatiram,Tamil Nadu,11.5405,79.7304,datameet,,
PUD,Phanda,Madhya Pradesh,23.2313,77.1876,osm,,
PUDI,Pudi,Andhra Pradesh,13.5533,79.5079,osm,,
PUE,Palari,Madhya Pradesh,22.3024,79.817,osm,,
PUF,Pauta,Uttar Pradesh,28.5244,79.8221,osm,,
PUG,Punggudi,Tamil Nadu,10.7473,78.6189,osm,,
PUHT,Pushkar,Rajasthan,26.4909,74.5379,osm,,
PUK,Pudukad,Kerala,10.4208,76.261,osm,पुतुक्काड,
PUL,Rampura Phul,Punjab,30.2685,75.2361,osm,,ਰੇਲਵੇ ਸਟੇਸ਼ਨ
PUM,Pallippuram,Kerala,10.8415,76.1125,osm,,
PUMU,Penumarru,Andhra Pradesh,16.1315,80.7756,osm,,
PUN,Pundi,Andhra Pradesh,18.6649,84.3706,osm,,
PUNE,Pune Junction,Maharashtra,18.5289,73.8744,osm,पुणे जंक्शन,
PUO,Pir Umrod,Madhya Pradesh,23.2563,76.2303,osm,,
PUPR,Punnapra,Kerala,9.4234,76.3419,osm,,പുന്നപ്ര
PUQ,Puranigudam,Assam,26.3632,92.7868,datameet,,
PURA,Pura Halt,Bihar,24.8152,85.2397,datameet,,
PURI,Puri,Odisha,19.8079,85.8378,osm,,
PUS,Phusro,Jharkhand,23.7676,86.0098,osm,,
PUSA,Pusla,Maharashtra,21.4928,78.3545,osm,,
PUT,Puttur,Andhra Pradesh,13.4398,79.5528,osm,,
PUU,Punalur,Kerala,9.02271,76.9164,osm,,പുനലൂർ
PUW,Patuwas Mahrana,Haryana,28.5572,76.3344,osm,,
PUWA,Pauwara Halt,Chhattisgarh,21.0989,81.333,datameet,,
PUX,Parasia,Madhya Pradesh,22.1933,78.764,osm,,
PUY,Phulaguri,Assam,26.2674,92.5868,osm,,
PV,Pallavaram,Tamil Nadu,12.9676,80.1521,osm,पल्लावरम,
PVD,Peddavadlapudi,Andhra Pradesh,16.4141,80.6129,osm,,
PVI,Peravurani,Tamil Nadu,10.2857,79.2006,osm,,
PVL,Pasupatikovil,Tamil Nadu,10.8826,79.1912,osm,,
PVM,Pattaravakkam,Tamil Nadu,13.1144,80.1664,osm,,
PVN,Pavunur,Tamil Nadu,11.6009,79.3157,osm,,
PVP,Parvatipuram,Andhra Pradesh,18.7699,83.4272,osm,,
PVPT,Parvatipuram Town,Andhra Pradesh,18.7846,83.4341,osm,,
PVR,Pandharpur,Maharashtra,17.6696,75.3208,osm,,
PVRD,Piravam Road,Kerala,9.82903,76.4556,osm,,
PVU,Paravur,Kerala,8.81513,76.6693,osm,,
PVZ,Parvezpur,Haryana,28.5105,75.7311,osm,,
PW,Pirwa,Rajasthan,27.2315,74.4618,osm,,
PWA,Powai,Assam,27.3497,95.6476,osm,पावै,
PWBN,Pawai Brohmasthan Halt,Bihar,25.1712,86.1979,osm,,
PWK,Pipariya Kalan,Madhya Pradesh,23.8554,80.7299,osm,,
PWL,Palwal,Haryana,28.1516,77.3418,osm,,
PWS,Phulwari Sharif,Bihar,25.5866,85.0803,osm,,
PWU,Paranur,Tamil Nadu,12.7301,79.984,osm,,
PWXP,Pawani Kumarpur Halt,Bihar,25.5275,83.9358,osm,,
PXR,Palpara,West Bengal,23.0605,88.5213,osm,,
PY,Perundurai,Tamil Nadu,11.2539,77.6288,osm,,
PYA,Pedapariya,Andhra Pradesh,14.0214,79.8757,osm,,
PYD,Palliyadi,Tamil Nadu,8.26583,77.2594,osm,,
PYGS,Prayagraj Sangam,Uttar Pradesh,25.44443,81.88056,osm,दारा गंज,
PYI,Payli,Rajasthan,28.0606,74.564,osm,,
PYLA,Piyala Block Hut,Haryana,28.2881,77.3178,datameet,,
PYM,Pandiyapuram,Tamil Nadu,8.86236,77.9391,osm,पांडियपुरम,பாண்டியபுரம்
PYOL,Payyoli,Kerala,11.5172,75.6186,osm,,
PYV,Palayasivaram,Tamil Nadu,12.7768,79.8778,osm,,
PYX,Peyanapalli,Andhra Pradesh,13.132,79.1375,osm,,
PZA,Palavanthangal,Tamil Nadu,12.9906,80.1879,osm,,
QBW,Qubarwala,Punjab,30.1759,74.4174,datameet,,
QCAB,Qcab,Odisha,22.2294,84.8848,datameet,,
QDN,Qadian,Punjab,31.8264,75.3883,osm,कादियां,
QG,Qazigund,Jammu and Kashmir,33.5887,75.158,osm,,
QGT,Kolaghat,West Bengal,22.4351,87.8809,osm,,
QLD,Quilandi,Kerala,11.4462,75.6934,osm,,
QLM,Kulem,Goa,15.3342,74.2446,osm,,
QLN,Kollam Junction,Kerala,8.88622,76.5955,osm,कोल्लाम जंक्शन,
QMRS,Kayamsar,Rajasthan,28.101,74.9937,osm,,
QRP,Kila Raipur,Punjab,30.7588,75.8267,osm,,
QSR,Kansrao,Uttarakhand,30.0788,78.1418,osm,,
QTP,Qutabpur,Haryana,29.7619,76.3461,osm,,
QXR,Kuchesar Road,Uttar Pradesh,28.7475,77.9156,osm,,
R,Raipur Junction,Chhattisgarh,21.2578,81.6303,osm,रायपुर जंक्शन,
RA,Ramparda,Gujarat,22.6365,71.3562,osm,,
RAA,Barara,Haryana,30.2129,77.0385,osm,,
RAG,Raigir,Telangana,17.5509,78.9412,datameet,,
RAGM,Rajagambiram,Tamil Nadu,9.71788,78.4174,osm,,
RAH,Ramgarh,Rajasthan,27.5769,76.8114,osm,,
RAHA,Raha,Assam,26.232,92.5272,osm,,
RAI,Raibha,Uttar Pradesh,27.1813,77.8204,osm,,
RAIR,Rairakhol,Odisha,21.0462,84.3333,osm,,
RAJ,Rajpipla,Gujarat,21.8781,73.504,osm,राजपीपला,
RAJP,Rajapur Road,Maharashtra,16.6356,73.6268,osm,,
RAK,Ramkot,Uttar Pradesh,27.5263,80.5916,osm,,
RAKD,Radhakund,Uttar Pradesh,27.5395,77.5216,osm,,
RAKL,Rithaura Kalan,Madhya Pradesh,26.3846,78.2336,osm,,
RAL,Repalle,Andhra Pradesh,16.0194,80.829,osm,,రేపల్లె
RAM,Ramapuram,Andhra Pradesh,13.0981,79.1794,osm,,
RAMA,Ramva,Uttar Pradesh,25.8906,80.853,osm,,
RAMP,Rampuri,Madhya Pradesh,22.409,80.255,osm,,
RAMR,Ramalpur,Uttar Pradesh,27.5384,80.9065,osm,,
RANI,Rani,Rajasthan,25.3487,73.311,osm,,
RAPU,Rampura,Madhya Pradesh,24.8446,79.3515,osm,,
RAS,Ras,Gujarat,,,dropped: trains zig-zag through it,,
RASP,Rasipuram,Tamil Nadu,11.4537,78.1785,osm,,
RAU,Rau,Madhya Pradesh,22.6336,75.8051,osm,,
RAWS,Rahatwas,Madhya Pradesh,24.523,77.8327,datameet,,
RAY,Ray,Jharkhand,23.679,85.0598,osm,,
RAYA,Raya,Uttar Pradesh,27.5524,77.7869,datameet,,
RBA,Rambha,Odisha,19.5384,85.0947,osm,,
RBCS,Ramachandrapuram,Andhra Pradesh,16.8365,82.0412,osm,,
RBD,Rahimabad,Uttar Pradesh,26.9978,80.6041,osm,रहीमाबाद,
RBG,Raybag,Karnataka,16.4837,74.8071,osm,,ರಾಯಬಾಗ
RBGJ,Roberts Ganj,Uttar Pradesh,24.6831,83.0778,datameet,,
RBH,Rajbandh,West Bengal,23.4761,87.3723,datameet,,
RBHR,Rabrah,Haryana,29.0957,76.7199,osm,,
RBHT,R Block Halt,,,,,,
RBJ,Raibojha,Uttar Pradesh,27.9692,81.4728,osm,रायबोझा,
RBK,Reoti Bahora Khera,Uttar Pradesh,28.3145,79.1179,osm,,
RBL,Rae Bareli Junction,Uttar Pradesh,26.2313,81.2403,osm,,
RBN,Raghubans Nagar,Bihar,25.7573,87.0614,osm,,
RBR,Ribada,Gujarat,22.126,70.8013,osm,,
RBS,Rupbas,Rajasthan,26.9898,77.5905,osm,,
RBZ,Rambhaddarpur,Bihar,25.9778,85.8652,osm,,
RC,Raichur,Karnataka,16.1928,77.339,osm,रायचूर,ರಾಯಚೂರು
RCA,Rentachintala,Andhra Pradesh,16.5459,79.5526,osm,,
RCD,Rajchandrapur,West Bengal,22.6529,88.3213,osm,,
RCF,Rail Coach Factory,Punjab,31.3266,75.3426,osm,,
RCG,Rachagunneri,Andhra Pradesh,13.7148,79.6312,osm,,
RCGT,Richughuta,Jharkhand,23.6591,84.5864,osm,रीचुघुटा,
RCJ,Ranayal Jasmia,Madhya Pradesh,23.1616,76.0725,osm,,
RCP,Ramachandrapur,Uttar Pradesh,25.9965,81.2673,datameet,,
RCR,Rattar Chattar,Punjab,31.9971,74.9853,osm,रत्तड़ छत्तड़,
RCRA,Ramchaura,Uttar Pradesh,26.9959,83.269,osm,,
RCTC,Raghunathpur,Odisha,20.3519,86.1499,osm,,
RD,Ram Dayalu Nagar,Bihar,26.098,85.3839,osm,,
RDD,Rikhabdev Road,Rajasthan,23.9971,73.7479,osm,,
RDDE,Barota,Haryana,28.9041,77.059,osm,,
RDE,Rundhi,Haryana,28.0677,77.3512,osm,रूंधी,
RDF,Radhagaon,Jharkhand,23.5975,86.0893,osm,,
RDG,Rayadurg Junction,Andhra Pradesh,14.7052,76.8569,osm,,
RDHP,Radhanpur,Gujarat,23.8473,71.5858,osm,,
RDI,Kardi,Karnataka,13.2672,76.5723,osm,,ಕರಡಿ
RDK,Rasheedpura Khori,Rajasthan,27.7324,75.082,osm,,
RDL,Rudauli,Uttar Pradesh,26.7622,81.7542,osm,,
RDM,Ramagundam,Telangana,18.764,79.4348,osm,रामगुंडम,
RDN,Rudain,Uttar Pradesh,27.5806,79.1846,osm,,
RDP,Radhikapur,West Bengal,25.6431,88.4478,osm,राधिकापुर,রাধিকাপুর
RDRA,Ramdevra,Rajasthan,27.007,71.9301,osm,,
RDS,Ramdas,Punjab,31.9632,74.9269,osm,रामदास,
RDT,Ravtha Road,Rajasthan,24.9336,75.9583,osm,,
RDU,Radhamohanpur,West Bengal,22.357,87.6135,osm,,
RDUM,Rampur Dumra,Bihar,25.3308,86.0006,osm,,
RDV,Radha Balampur,Uttar Pradesh,26.0839,81.107,datameet,,
RDY,Reddipalayam,Tamil Nadu,12.7281,79.9532,osm,,
RE,Rewari Junction,Haryana,28.2025,76.6109,osm,,
REAI,Reasi,Jammu and Kashmir,33.09123,74.87596,osm,,
RECH,Rechni Road,Telangana,19.1407,79.4517,osm,,
REG,Regupalem,Andhra Pradesh,17.5053,82.7907,osm,,
REI,Rithi,Madhya Pradesh,23.9047,80.1406,osm,,
REJ,Rejinagar,West Bengal,23.8537,88.2588,osm,,
REM,Reddigudem,Andhra Pradesh,16.4419,80.0505,osm,,
REMA,Rema,Jharkhand,24.4094,86.0262,osm,,
REN,Ren,Rajasthan,26.7888,74.0753,osm,,
RENH,Renhat,Madhya Pradesh,25.9804,77.8351,osm,,
REP,Resauli,Andhra Pradesh,16.3097,80.4579,datameet,,
REPI,Rangepalli,Andhra Pradesh,14.0245,77.5757,osm,,
RES,Rasauli,Uttar Pradesh,26.9313,81.2534,osm,,
RET,Rentiya,Gujarat,22.8631,74.2106,osm,,
REWA,Rewa,Madhya Pradesh,24.5378,81.2515,osm,,
RF,Rafaleshwar,Gujarat,22.7699,70.8999,osm,,
RFJ,Rafiganj,Bihar,24.8197,84.6346,osm,,
RFR,Rafinagar,Uttar Pradesh,27.0022,81.2961,osm,,
RG,Rajghat Narora,Uttar Pradesh,28.2362,78.3541,osm,,
RGA,Rajagoda,West Bengal,22.3241,87.8665,osm,,
RGB,Ramganga,Uttar Pradesh,28.2983,79.3761,osm,रामगंगा,
RGBD,Ramganga,Uttar Pradesh,28.2977,79.3746,datameet,,
RGD,Rajgir,Bihar,25.0327,85.415,osm,राजगीर,
RGDA,Rayagada,Odisha,19.1754,83.4107,osm,,
RGG,Raghogarh,Madhya Pradesh,24.4629,77.1605,osm,,
RGH,Ramgarhwa,Bihar,26.874,84.7976,osm,रामगढ़वा,
RGI,Ramagiri,Karnataka,13.9483,76.1255,osm,,ರಾಮಗಿರಿ
RGJ,Raiganj,West Bengal,25.6187,88.129,osm,,
RGJI,Rangjuli,Assam,25.9883,90.956,osm,,
RGL,Rengali,Odisha,21.6361,84.0425,osm,रेंगाली,ରେଙ୍ଗାଲି
RGLI,Raghouli,Madhya Pradesh,25.1332,79.8898,osm,,
RGM,Rangapuram,Andhra Pradesh,15.4072,78.06,osm,,
RGNH,Raghunathgarh,Rajasthan,29.3078,73.6476,osm,,
RGO,Rotegaon,Maharashtra,19.9554,74.7583,osm,रोटेगांव,रोटेगांव
RGP,Raghunathpalli,Telangana,17.757,79.2567,osm,रघुनाथ पल्ली,
RGPM,Raghavapuram,Telangana,18.6812,79.4117,osm,राघवपुरम,
RGQ,Raigadh Road,Gujarat,23.5972,73.1841,osm,,
RGS,Ringas Junction,Rajasthan,27.3731,75.5632,osm,,
RGT,Rajghat,Odisha,21.7645,87.1549,osm,,
RGU,Ragaul,Uttar Pradesh,25.6862,80.1291,osm,,
RGV,Raghopur,Bihar,26.3,86.8389,osm,,
RGX,Raghunathbari,West Bengal,22.3536,87.7973,osm,,
RHA,Ranaghat Junction,West Bengal,23.1748,88.5691,osm,,
RHE,Rakha Mines,Jharkhand,22.6745,86.3543,osm,,
RHG,Rajgarh,Rajasthan,27.2422,76.6068,osm,,
RHI,Rakhi,Rajasthan,25.6858,72.5545,osm,,
RHMA,Rahama,Odisha,20.2983,86.4049,osm,,
RHN,Roshanpur,Uttar Pradesh,29.0312,78.8827,osm,,
RHNE,Rohini,Maharashtra,20.3711,74.8747,osm,,
RHR,Rajhura,Jharkhand,24.1546,84.0155,osm,,
RHU,Rahon,Punjab,31.0596,76.1085,osm,,
RHW,Rohira Ghallughara,Punjab,30.63,75.8443,osm,,
RIG,Raigarh,Chhattisgarh,21.8923,83.3894,osm,,
RIGA,Riga,Bihar,26.6429,85.4284,osm,,
RIKA,Ratikheda,Madhya Pradesh,24.5964,77.6595,osm,,
RIKD,Rishikund,Bihar,25.2944,86.5624,datameet,,
RIM,Rajim,Chhattisgarh,20.9699,81.8683,osm,राजिम,
RIS,Rishra,West Bengal,22.7252,88.3434,osm,,
RJ,Rawat Ganj,Uttar Pradesh,26.9566,83.286,osm,,
RJA,Rajanagar,Bihar,26.4018,86.1534,osm,,
RJAK,Rajnagar K,Madhya Pradesh,24.9039,79.8774,osm,,
RJAP,Rajapur,Telangana,16.8594,78.1635,osm,,
RJB,Rajabera,Jharkhand,23.7507,86.0806,osm,,
RJD,Rajpardi,Gujarat,21.7701,73.2231,osm,राज पारडी,
RJG,Rajgram,West Bengal,24.5451,87.8678,osm,राजग्राम,রাজগ্রাম
RJGR,Rajathgarh Junction,Odisha,20.5758,85.7423,osm,,
RJI,Rajawari,Uttar Pradesh,25.4977,83.1311,osm,,
RJJN,Rajajan Halt,Bihar,25.6146,85.6709,osm,,
RJK,Raja Ka Sahaspur Junction,Uttar Pradesh,28.6278,78.7797,osm,,
RJL,Rajmahal,Jharkhand,25.0541,87.8342,osm,राजमहल,
RJLA,Rajla Halt,Bihar,24.7557,86.4227,osm,,
RJLK,Rajalukan,Odisha,22.153,86.6171,osm,,
RJMA,Rajomajra,Punjab,30.375,75.8051,osm,,
RJMP,Rajmalpur Road,Uttar Pradesh,25.8935,83.7889,osm,,
RJN,Rajnandgaon,Chhattisgarh,21.1015,81.038,osm,,
RJO,Rajendra Pul,Bihar,25.3875,86.0105,osm,,
RJP,Razampet,Andhra Pradesh,14.1857,79.1523,osm,राज़मपेटा,
RJPB,Rajendra Nagar Terminal (Patna),Bihar,25.603,85.1624,osm,राजेंद्र नगर टर्मिनल,
RJPM,Rajapalaiyam,Tamil Nadu,9.45222,77.5608,osm,,
RJQ,Rajendra Nagar,Madhya Pradesh,22.67,75.8292,osm,,
RJR,Rajaldesar,Rajasthan,28.0335,74.478,osm,,
RJS,Rajiyasar,Rajasthan,29.0674,73.8425,osm,,
RJT,Rajkot Junction,Gujarat,22.3124,70.8025,osm,,
RJU,Rajula City,Gujarat,21.0467,71.4561,osm,,
RJW,Rajevadi,Maharashtra,18.3843,74.1555,osm,,
RJY,Rajahmundry,Andhra Pradesh,16.984,81.784,osm,राजमंड्री,
RK,Roorkee,Uttarakhand,29.8521,77.8749,osm,रुड़की,
RKB,Raikabagh Palace Junction,Rajasthan,26.2915,73.04,osm,,
RKD,Rukadi,Maharashtra,16.7254,74.3586,osm,,
RKDI,Raukheri,Madhya Pradesh,23.8733,77.9745,osm,,
RKH,Rakhiyal,Gujarat,23.2542,72.8995,osm,,
RKI,Ramkanali Junction,West Bengal,23.5792,86.7619,osm,,
RKJE,Rakhitpur,Jharkhand,23.7239,86.4896,osm,,
RKK,Ratangarh Kanakwal,Punjab,29.9011,74.9704,osm,,
RKL,Ramkola,Uttar Pradesh,26.9074,83.8398,osm,,
RKM,Raja Ki Mandi,Uttar Pradesh,27.194,77.9971,osm,राजा की मंडी,
RKMP,Rani Kamlapati,Madhya Pradesh,23.22088,77.43937,osm,,
RKN,Rati Ka Nagla,Uttar Pradesh,27.6594,78.2586,osm,,
RKO,Ramakistapuram Gate,Telangana,17.4764,78.5291,osm,,రామకిష్టాపురం గేట్
RKR,Ranikund Rarah,Rajasthan,27.3243,77.5559,osm,,
RKRI,Rao Khedi,Madhya Pradesh,23.8856,77.9811,datameet,,
RKS,Sarai Rani,Uttar Pradesh,26.0158,83.1215,datameet,,
RKSH,Rishikesh,Uttarakhand,30.1078,78.2876,osm,,
RKSN,Rajkharsawan Junction,Jharkhand,22.7339,85.8114,osm,राजखरसावां जंक्शन,
RKX,Rukhi,Haryana,29.056,76.6693,osm,,
RKY,Kothariya,Gujarat,22.1765,70.8142,osm,,
RKZ,Rajkiawas,Rajasthan,25.7502,73.5241,osm,,
RLA,Rajula Junction,Gujarat,21.104,71.4792,osm,,
RLE,Railey English Halt,Bihar,25.483,85.7557,datameet,,
RLG,Relangi,Andhra Pradesh,16.7099,81.6444,osm,,
RLJC,Rljc,,,,,,
RLK,Rohal Khurd,Madhya Pradesh,23.5114,75.4856,osm,,
RLL,Regadipalli,Andhra Pradesh,14.8145,78.1363,osm,,
RLO,Rayalcheruvu,Andhra Pradesh,15.0552,77.8197,osm,,
RLP,Harlapur,Karnataka,15.4356,75.7999,osm,,ಹರ್ಲಾಪುರ
RLR,Raila Road,Rajasthan,25.6409,74.5991,osm,,
RLS,Romana Albael Singh,Punjab,30.5112,74.8503,osm,,
RLT,Ralapet,Telangana,19.3186,79.4324,osm,,
RLW,Repalliwada,Telangana,19.1848,79.4303,osm,,
RLX,Ramanujampalli,Andhra Pradesh,14.4405,77.8719,datameet,,
RM,Rajmane,Maharashtra,20.6414,74.9426,osm,,
RMA,Ramganj Mandi Junction,Rajasthan,24.644,75.9399,osm,,
RMB,Rampura Beri,Rajasthan,28.5299,75.646,osm,,
RMBG,Ramghat Halt,Uttar Pradesh,26.8206,82.2144,datameet,,
RMC,Ram Chaura Road,Uttar Pradesh,25.6089,81.6883,osm,,
RMD,Ramanathapuram,Tamil Nadu,9.35886,78.8375,osm,रामनाथपुरम,இராமநாதபுரம்
RMF,Ramna,Jharkhand,24.2397,83.6064,osm,,
RMGJ,Ramganj,Uttar Pradesh,26.0492,82.0207,datameet,,
RMGM,Ramanagaram,Karnataka,12.721,77.2837,osm,,ರಾಮನಗರ
RMH,Rangmahal,Rajasthan,29.3922,73.9601,osm,,
RMJ,Ramrajatala,West Bengal,22.5887,88.2967,osm,,
RMJK,Ramnagar (J&K),Jammu and Kashmir,32.8449,75.151,osm,,
RML,Rompalle,Andhra Pradesh,18.5436,83.2521,osm,,
RMM,Rameswaram,Tamil Nadu,9.28195,79.309,osm,,
RMN,Raman,Punjab,29.9583,74.9625,osm,,
RMNP,Ramannapet,Telangana,17.2842,79.086,osm,,
RMNR,Rahmatnagar,Uttar Pradesh,26.7441,81.1552,osm,,
RMO,Ramakona,Madhya Pradesh,21.7034,78.8574,osm,,
RMP,Rahimatpur,Maharashtra,17.6123,74.1726,osm,,
RMPB,Rampur Bazar,West Bengal,25.3442,88.6308,osm,,
RMPH,Rampahari,Madhya Pradesh,26.2153,77.339,osm,,
RMPR,Rampur Halt,Bihar,25.1714,86.1408,osm,,
RMQ,Ramri,Madhya Pradesh,24.2456,77.0525,osm,,
RMR,Ramnagar,Uttarakhand,29.3896,79.1219,osm,,
RMRB,Ramnagar,West Bengal,21.6769,87.5539,osm,,
RMSR,Ramsinghpur,Rajasthan,29.1747,73.375,osm,,
RMT,Ramgarh,Jharkhand,23.6174,85.5186,osm,,
RMTR,Remount Road,West Bengal,22.526,88.3167,osm,,
RMU,Rampur Junction,Uttar Pradesh,28.7785,79.0232,osm,रामपुर जंक्शन,
RMV,Ramavarappadu,Andhra Pradesh,16.5262,80.6813,osm,,
RMW,Roshan Mau,Uttar Pradesh,26.4793,79.9847,datameet,,
RMX,Ramsar,Rajasthan,25.7239,70.8771,osm,,
RMY,Rukmapur,Telangana,17.2761,77.6808,osm,,
RMZ,Routhpuram,Andhra Pradesh,18.6205,84.3353,osm,,
RN,Ratnagiri,Maharashtra,17.0028,73.3583,osm,,
RNA,Rohana Kalan,Uttar Pradesh,29.5759,77.6861,osm,,
RNB,Ranapura,Rajasthan,26.6647,77.5035,osm,,
RNBD,Rana Bordi,Gujarat,21.7315,69.8173,osm,,
RNBT,Rahenbata,Odisha,20.3243,83.0955,osm,रहेनबटा,ରହେନବଟା
RNC,Ranchi,Jharkhand,23.3493,85.3356,osm,राँची जंक्शन,
RNE,Ranjani,Maharashtra,19.6461,76.107,datameet,,
RNG,Raniganj,West Bengal,23.603,87.1194,osm,,
RNGG,Rangaliting,Assam,26.657,93.9185,osm,रंगालीटिंग,ৰাঙলীটিং
RNGN,Ranigaon,,,,,,
RNGR,Rainagar,West Bengal,23.0685,87.8862,osm,,
RNH,Runkhera,Madhya Pradesh,23.4144,75.1893,osm,रुनखेड़ा,
RNI,Rangapani,West Bengal,26.6653,88.3761,osm,रंगापाणी,
RNIR,Rajnarainpur,Uttar Pradesh,28.3131,80.4168,osm,,
RNIS,Ranolishishu,Rajasthan,27.5165,75.3026,osm,,
RNJ,Runija,Madhya Pradesh,23.1664,75.2711,osm,,
RNJD,Ranjangaon Road,Maharashtra,18.8782,74.6067,osm,,
RNKA,Runkuta,Uttar Pradesh,27.223,77.8986,osm,,
RNL,Ranala,Maharashtra,21.3781,74.4587,osm,,
RNN,Rajanukunte,Karnataka,13.1746,77.5656,osm,,
RNO,Ranoli,Gujarat,22.4056,73.1128,osm,,
RNPR,Rupnarayanpur,West Bengal,23.8191,86.8863,osm,,
RNQ,Renukoot,Uttar Pradesh,24.2032,83.04,osm,रेणुकूट,
RNR,Ranebennuru,Karnataka,14.6259,75.6357,osm,,ರಾಣೇಬೆನ್ನೂರು
RNRD,Ranipur Road,Uttar Pradesh,25.2728,79.0365,osm,,
RNT,Ranthambhor,Rajasthan,26.0934,76.4103,osm,,
RNTE,Ramanand,Bihar,25.5548,84.4911,datameet,,
RNTL,Ranital,Odisha,21.1498,86.5568,osm,,
RNU,Ratnapur,Madhya Pradesh,21.4631,76.6505,osm,,
RNV,Raniwara,Rajasthan,24.7509,72.2047,osm,,
RNW,Renwal,Rajasthan,27.1504,75.3565,osm,,
RNX,Ranipatra,Bihar,25.7279,87.5151,osm,रानीपतरा,
RNY,Rangiya Junction,Assam,26.4468,91.607,osm,,
ROA,Rusera Ghat,Bihar,25.7458,86.0361,osm,,
ROB,Robertson,Chhattisgarh,21.9892,83.1832,osm,,
ROHA,Roha,Maharashtra,18.4466,73.1239,osm,रोहा,रोहे
ROHN,Rohad Nagar,Haryana,28.7615,76.813,osm,रोहद नगर,
ROI,Reoti,Uttar Pradesh,25.8343,84.3755,osm,,
ROK,Rohtak Junction,Haryana,28.8909,76.5796,osm,,
ROL,Rajoli,Maharashtra,20.1891,79.6885,osm,,
ROP,Rupsa Junction,Odisha,21.6224,87.0189,osm,,
RORA,Rora,Uttar Pradesh,25.2929,79.223,osm,,
ROS,Rajosi,Rajasthan,26.3152,74.6669,osm,,
ROU,Rourkela Junction,Odisha,22.2277,84.8632,osm,,
ROZA,Roza Junction,Uttar Pradesh,27.8521,79.9562,osm,,
RPAN,Rangpara North Junction,Assam,26.8217,92.683,osm,,
RPAR,Rupnagar,Punjab,30.9725,76.5332,osm,रूपनगर,
RPB,Rupasibari,Assam,24.855,92.5293,osm,रुपसीबाड़ी,
RPD,Rupaund,Madhya Pradesh,23.7304,80.5765,osm,,
RPGU,Rasulpur Gogumau,Uttar Pradesh,26.3797,80.1256,osm,,
RPH,Rampurhat Junction,West Bengal,24.1791,87.782,osm,,
RPHR,Raipur Haryana,Haryana,29.1545,75.7709,osm,,
RPI,Rupaheli,Rajasthan,25.8182,74.6401,osm,,
RPJ,Rajpura Junction,Punjab,30.4863,76.5936,osm,,
RPK,Ravalpalli Kalan,Telangana,17.4398,78.0838,osm,,
RPL,Reddipalli,Andhra Pradesh,14.0922,79.2263,osm,,
RPLY,Rupauli,Bihar,25.8793,87.0579,datameet,,
RPM,Royapuram,Tamil Nadu,13.1035,80.2931,datameet,,
RPMN,Rampur Maniharn,Uttar Pradesh,29.8053,77.4596,osm,,
RPMY,Rpmy,,,,,,
RPO,Rawatpur,Uttar Pradesh,26.4833,80.2982,osm,,
RPP,Ranu Pipri,Gujarat,22.2011,73.0331,osm,रणु पीपरी,રણુ પીપરી
RPR,Raghunathpur,Bihar,25.5652,84.306,osm,,
RPRD,Rupra Road,Odisha,20.0848,83.3318,osm,रुप्रा रोड,ରୁପ୍ରା ରୋଡ
RPRL,Raparla,Andhra Pradesh,15.6187,80.1687,osm,,
RPSC,Tanda Halt,Uttarakhand,29.0818,79.4308,osm,,
RPUR,Ratanpur,Bihar,25.3143,86.5422,osm,,
RPV,Rajapatti,Bihar,26.1804,84.8088,osm,,
RPWN,Rambhawan Halt,Bihar,25.2548,85.2393,datameet,,
RPY,Rupai,Assam,27.5998,95.557,osm,रुपाई,
RPZ,Ranapratap Nagar,Rajasthan,24.5828,73.7287,osm,,
RQJ,Raninagar Jalpaiguri Junction,West Bengal,26.544,88.648,osm,राणीनगर जलपाईगुड़ी जंक्शन,
RQP,Radhakishorepur Junction,Odisha,20.5613,85.7551,osm,,
RR,Richha Road,Uttar Pradesh,28.7134,79.4882,osm,,
RRB,Birur Junction,Karnataka,13.5932,75.973,osm,,
RRE,Rahui Road,Bihar,25.2736,85.5307,osm,,
RRGA,Rangareddy Guda,Telangana,16.9031,78.1816,osm,,
RRI,Rahuri,Maharashtra,19.4135,74.6774,osm,,
RRJ,Ramaraju Palli,Andhra Pradesh,15.0412,77.6175,osm,,
RRL,Rewral,Maharashtra,21.2609,79.468,osm,,
RRME,Ranchi Road,Jharkhand,23.6661,85.5126,osm,राँची रोड,
RRNH,Ramrupnagar,Bihar,26.7904,85.1623,datameet,,
RRP,Rairangpur,Odisha,22.2642,86.1808,osm,,
RRS,Raghuraj Singh,Uttar Pradesh,26.2557,80.8795,osm,,
RRU,Rayaru,Madhya Pradesh,26.306,78.1302,osm,,
RRW,Roranwala,Punjab,30.4434,74.2575,osm,,
RS,Risia,Uttar Pradesh,27.6879,81.6065,osm,,
RSA,Risama,Chhattisgarh,21.0589,81.3249,osm,रिसामा,
RSC,Ramganga South,Uttar Pradesh,28.296,79.3698,datameet,,
RSG,Ramsagar,West Bengal,23.1062,87.2771,osm,,
RSH,Ratan Shahr,Rajasthan,28.1579,75.5241,osm,,
RSI,Raisi,Uttarakhand,29.6928,78.0664,osm,,
RSJ,Rayser Jagir,Madhya Pradesh,24.8868,77.5134,osm,,
RSKA,Rajsunakhala,Odisha,20.1646,85.344,osm,,
RSLR,Rasulpur,West Bengal,23.1874,88.0409,osm,,
RSM,Rasmara,Chhattisgarh,21.2048,81.2184,osm,,
RSMN,Ramgovindsingh Mahuli Halt,Bihar,25.519,85.1073,osm,,
RSNA,Rasana,Gujarat,24.2255,72.2535,osm,,
RSNR,Rai Singh Nagar,Rajasthan,29.5373,73.4506,osm,,
RSR,Rasra,Uttar Pradesh,25.8619,83.8578,osm,,
RSRI,Rayshree,Madhya Pradesh,25.3576,77.5881,osm,,
RSWN,Rameshwar Nagar,Bihar,26.986,84.5178,osm,,
RSWT,Ramgarh Shekhawati,Rajasthan,28.1693,74.9925,osm,,
RSYI,Rasayani,Maharashtra,18.894,73.1516,osm,,
RT,Rohat,Rajasthan,25.9219,73.0959,osm,,
RTA,Ruthiyai Junction,Madhya Pradesh,24.5346,77.1799,osm,,
RTB,Raja Talab,Uttar Pradesh,25.2638,82.8511,osm,,
RTBR,Ratabari,Assam,24.6106,92.3968,osm,राताबाड़ी,
RTD,Ratlam A Cabin,Madhya Pradesh,23.3356,75.0429,datameet,,
RTG,Rangtong,West Bengal,26.8364,88.3425,osm,,
RTGH,Ratangarh Junction,Rajasthan,28.069,74.6246,osm,,
RTGN,Ratangaon,Madhya Pradesh,23.8367,79.9021,osm,,
RTI,Raoti,Madhya Pradesh,23.1837,74.8795,osm,,
RTJ,Rantej,Gujarat,23.4712,72.1546,osm,,
RTK,Ramtek,Maharashtra,21.3936,79.2999,osm,,
RTLM,Ratlam Jn,Madhya Pradesh,23.3402,75.0507,datameet,,
RTM,Ratlam Junction,Madhya Pradesh,23.3407,75.051,osm,,
RTME,Ratlam East Cabin,Madhya Pradesh,23.3598,75.067,datameet,,
RTN,Retang,Odisha,20.1998,85.7609,osm,,
RTP,Ratanpura,Uttar Pradesh,25.9219,83.7444,osm,,
RTR,Ramnathpur,Uttar Pradesh,25.4119,82.0204,osm,,
RTRA,Ramnathpur,Assam,24.2315,92.5268,osm,,
RTU,Ratan Sarai,Bihar,26.3738,84.5739,osm,,
RTWS,Rahatwas,Madhya Pradesh,24.5184,77.8802,osm,,
RTZ,Ratona,Madhya Pradesh,23.8351,78.6848,osm,,
RU,Renigunta Junction,Andhra Pradesh,13.6379,79.5062,osm,,
RUB,Rasulabad,Uttar Pradesh,25.8267,80.9769,osm,,
RUG,Rajlu Garhi,Haryana,29.0908,77.0122,osm,,
RUI,Rukni Junction,West Bengal,23.5528,86.5479,osm,,
RUJ,Ranuj Junction,Gujarat,23.7606,72.2136,osm,,
RUL,Rauli,Odisha,19.2309,83.1677,osm,,
RUM,Rupamau,Uttar Pradesh,26.2302,81.3254,osm,,
RUP,Rupahigaon,Assam,26.4125,92.7418,osm,,
RUPC,Rudrapur City,Uttarakhand,28.9695,79.3798,osm,,
RUR,Ranpur,Gujarat,22.3599,71.7169,osm,,
RURA,Rura,Uttar Pradesh,26.4853,79.9081,osm,,
RUSD,Runni Saidpur,Bihar,26.4115,85.5199,osm,,
RUT,Ratnal,Gujarat,23.185,69.9035,osm,,
RV,Raver,Maharashtra,21.2222,76.0444,osm,,
RVD,Ravikampadu,Andhra Pradesh,17.2292,82.3668,osm,,
RVG,Revelganj Ghat Halt,Bihar,25.7871,84.6394,datameet,,
RVH,Raipur R-V Block,Chhattisgarh,21.2685,81.6443,datameet,,
RVJ,Ravli Jn,,,,,,
RVK,Raja Bhat Khawa,West Bengal,26.6198,89.5291,osm,राजा भात खावा,রাজা ভাত খাওয়া
RVKH,Ravindrakhani,Telangana,18.9369,79.4619,osm,,
RVN,Rajiv Nagar,,,,,,
RVS,Ravanasamudram,Tamil Nadu,8.80459,77.3775,osm,,
RVSN,Rvs Nagar,Andhra Pradesh,13.2783,79.1163,datameet,,
RVT,Revelganj Ghat,Bihar,,,,,
RW,Rankuva,Gujarat,20.8156,73.1517,osm,,
RWA,Rautara,Bihar,25.6654,87.5289,osm,,
RWH,Rowriah Sdg,Assam,26.7216,94.1723,osm,,
RWJ,Rawanjna Dungar,Rajasthan,25.8895,76.314,osm,,
RWL,Raiwala Junction,Uttarakhand,30.0325,78.2099,osm,,
RWO,Ranavav,Gujarat,21.6986,69.7268,osm,,
RWTB,Rowta Bagan,Assam,26.7373,92.2152,osm,,
RXL,Raxaul,Bihar,26.9869,84.8447,osm,रक्सौल जंक्शन,
RXM,Rooma,Uttar Pradesh,26.357,80.4304,datameet,,
RXN,Ramsan,Gujarat,24.4149,72.0353,osm,,
RXR,Rangapahar,Nagaland,25.855,93.7078,datameet,,
RXRX,Rangapahar Crs,Nagaland,25.8682,93.7152,datameet,,
RXW,Ratangarh West,Rajasthan,28.0728,74.6102,datameet,,
RY,Rayaka,Gujarat,22.4209,72.0353,osm,,
RYC,Rayakkottai,Tamil Nadu,12.5145,78.0273,osm,,இராயக்கோட்டை
RYM,Ramidi,Punjab,31.4655,75.4089,osm,,
RYP,Rayanapadu,Andhra Pradesh,16.5784,80.5613,osm,,రాయనపాడు
RYS,Rasuriya,Uttar Pradesh,28.2642,79.4745,osm,रसुइया,
RYT,Rayatpura,Madhya Pradesh,26.4392,78.3375,osm,,
RZJ,Razaganj,Uttar Pradesh,28.0237,80.5681,osm,,
RZN,Rauzagaon,Uttar Pradesh,26.7864,81.7053,osm,,
S,Shrirangapattana,Karnataka,12.4241,76.6779,osm,,ಶ್ರೀರಂಗಪಟ್ಟಣ
SA,Salem Junction,Tamil Nadu,11.6708,78.1135,osm,,
SAA,Sathiaon,Uttar Pradesh,26.0344,83.2874,osm,,
SAB,Santamagulur,Andhra Pradesh,16.1467,79.9155,osm,,
SABD,Salabad,Rajasthan,26.9813,77.3085,osm,,
SAC,Sanichara,Madhya Pradesh,26.3637,78.1985,osm,,
SAD,Sonada,West Bengal,26.9608,88.2737,osm,,
SADL,Sadla,Gujarat,23.1374,71.8571,osm,,
SADP,Saidapur,Karnataka,16.5708,77.25,osm,,ಸೈದಾಪುರ ರೈಲು ನಿಲ್ದಾಣ
SAE,Simaria,Bihar,25.4107,86.0137,osm,,
SAF,Salkhapur,Uttar Pradesh,25.6551,82.6805,datameet,,
SAG,Sangrur,Punjab,30.2424,75.8304,osm,संगरूर,ਸੰਗਰੂਰ
SAGM,Sagma,Madhya Pradesh,24.6272,80.8288,osm,,
SAGR,Shrirajnagar,Uttar Pradesh,26.5226,81.0778,datameet,,
SAH,Saphale,Maharashtra,19.5771,72.8219,osm,सफाले,सफाळे
SAHA,Sarahula,Uttar Pradesh,25.4655,83.6627,osm,,
SAHI,Sathi,Bihar,27.0159,84.504,osm,,
SAHL,Saheli,Madhya Pradesh,22.4536,77.8163,osm,,
SAHP,Sahijpur,Gujarat,23.0652,72.636,osm,,
SAHR,Saheri,Uttar Pradesh,25.5608,83.4564,osm,,
SAI,Sarai,Bihar,25.7805,85.2767,osm,,
SAJH,Sajha Halt,Bihar,25.4773,87.6766,osm,शहजा हाल्ट,
SAK,Sankheda Bahadurpur,Gujarat,22.177,73.5573,osm,,
SAKA,Simariya Kajanwada,Madhya Pradesh,22.4395,80.3251,datameet,,
SAKD,Suprakandi,Assam,24.7884,92.3787,datameet,,
SAL,Salwa,Maharashtra,21.2362,79.2929,osm,,
SALE,Salar,West Bengal,23.7747,88.1111,osm,,
SALI,Sali,Rajasthan,26.7064,75.032,osm,,
SALR,Salur,Andhra Pradesh,18.5272,83.2062,osm,,
SAMN,Samni Junction,Gujarat,21.8526,72.9246,osm,समनी जंक्शन,
SAMT,Salem Market,Tamil Nadu,11.655,78.1439,osm,,
SAN,Sandila,Uttar Pradesh,27.0601,80.5163,osm,सण्डीला,
SANH,Sanha Halt,Bihar,25.4274,86.3684,osm,,
SANK,Sank,Madhya Pradesh,26.4305,78.0598,osm,,
SANR,Sardarnagar,Uttar Pradesh,26.6741,83.5449,osm,,
SAO,Sagoni,Madhya Pradesh,23.8115,79.8114,osm,,
SAP,Sattenapalli,Andhra Pradesh,16.405,80.153,osm,,
SAPE,Sape Wamane,Maharashtra,18.0581,73.3716,osm,,
SAPR,Sarangpur Road,Gujarat,22.2311,71.7374,osm,,
SAPT,Sugapahari,Jharkhand,24.2789,86.5687,datameet,,
SAR,Shahzad Nagar,Uttar Pradesh,28.7321,79.0654,osm,,
SAS,Sheodaspura Padampura,Rajasthan,26.7099,75.8847,osm,,
SASG,Sasan Gir,Gujarat,21.1688,70.6021,osm,,
SASN,Mohali,Punjab,30.666,76.7396,osm,मोहाली,ਮੋਹਾਲੀ
SASR,Sausar,Madhya Pradesh,21.6586,78.8025,osm,,
SAT,Sant Road,Gujarat,22.7956,73.8014,osm,संत रोड,
SATR,Satar Halt,Bihar,26.0008,87.5092,osm,सतार हाॅल्ट,
SAU,Sanand,Gujarat,23.0239,72.3851,osm,,
SAV,Savda,Maharashtra,21.1107,75.9103,osm,,
SAW,Suriawan,Uttar Pradesh,25.461,82.4248,osm,,
SAWN,Sohansra,Haryana,28.4077,75.8603,osm,,
SAY,Sayama,Gujarat,22.3919,72.6593,osm,,
SAZ,Samni,Gujarat,21.8526,72.9246,datameet,,
SB,Sarai Bhopat,Uttar Pradesh,26.8378,78.9447,datameet,,
SB04,Mana,Chhattisgarh,21.1952,81.7034,osm,माना,
SBB,Sahibabad Junction,Uttar Pradesh,28.6743,77.3644,osm,साहिबाबाद जंक्शन,
SBBJ,Sri Bala Brahmeshwara Jogulamba,Telangana,15.9156,78.0418,osm,,
SBC,Krantivira Sangolli Rayanna (Bengaluru),Karnataka,12.9782,77.5696,osm,,ಕ್ರಾಂತಿವೀರ ಸಂಗೊಳ್ಳಿ ರಾಯಣ್ಣ ರೈಲ್ವೆ ನಿಲ್ದಾಣ
SBD,Sleemanabad Road,Madhya Pradesh,23.6146,80.2854,osm,,
SBDP,Sabdalpur Junction,Bihar,25.4278,86.4387,osm,,
SBE,Sorbhog,Assam,26.4946,90.8887,osm,,
SBG,Sahibganj,Jharkhand,25.241,87.6343,osm,साहिबगंज,
SBGA,Shravanabelagola,Karnataka,12.8714,76.4657,osm,,
SBGN,Sisiborgaon,Assam,27.5676,94.6839,osm,,
SBGR,Subhas Gram,West Bengal,22.4132,88.4342,osm,,সুভাষ গ্রাম
SBH,Sulebhavi,Karnataka,15.9112,74.638,osm,,ಸೂಳೆಭಾವಿ
SBHR,Subrahmanya Road,Karnataka,12.7313,75.5576,datameet,,
SBI,Sabarmati Jn,Gujarat,23.073,72.5872,datameet,,
SBIB,Sabarmati,Gujarat,23.07707,72.58907,osm,,
SBIC,Sabarmati Bridge,Gujarat,23.0671,72.5888,datameet,,
SBID,Sabarmati D Cabin,Gujarat,23.1015,72.5703,datameet,,
SBIS,Sabarmati South,Gujarat,23.0834,72.5637,datameet,,
SBJ,Sarai Banjara,Punjab,30.5376,76.5155,osm,,
SBK,Shahbaz Kuli,Uttar Pradesh,25.6316,83.6751,osm,,
SBL,Sabalgarh,Madhya Pradesh,26.2508,77.4085,osm,,
SBLJ,Shri Balaji,Rajasthan,27.4168,73.5381,osm,,
SBLT,Shri Bhadriya Lathi,Rajasthan,27.0312,71.5165,osm,,
SBM,Sonbarsa Kacheri,Bihar,25.7938,86.5961,osm,,
SBNM,Subarnamrigi,West Bengal,24.2836,88.2939,osm,,
SBNR,Shri Vijainagar,Rajasthan,29.2403,73.5227,osm,,
SBO,Sabaur,Bihar,25.2385,87.046,osm,,
SBP,Sambalpur Junction,Odisha,21.483,83.9613,osm,सम्बलपुर जंक्शन,ସମ୍ବଲପୁର ଜଙ୍କସନ
SBPD,Sambalpur Road,Odisha,21.4777,83.9762,osm,सम्बलपुर रोड,ସମ୍ବଲପୁର ରୋଡ଼
SBPY,Sambalpur City,Odisha,21.4765,84.0077,osm,,
SBR,Sambhar Lake,Rajasthan,26.9039,75.1799,osm,,
SBRA,Sarbahara,Chhattisgarh,22.7102,81.9105,osm,,
SBT,Sabarmati Junction,Gujarat,23.0713,72.587,osm,,
SBTA,Sabarmati A Cabin,Gujarat,23.0508,72.5929,datameet,,
SBTF,Sabarmati F Cabin,Gujarat,23.0859,72.5701,datameet,,
SBV,Simri Bakhtiyarpur,Bihar,25.7209,86.5975,osm,,
SBW,Shewbabudih,Jharkhand,23.6599,86.3901,osm,,
SBY,Solan Brewery,Himachal Pradesh,30.9292,77.1144,osm,,
SBZ,Siswa Bazar,Uttar Pradesh,27.1492,83.756,osm,,
SC,Secunderabad Junction,Telangana,17.4339,78.502,osm,सिकंदराबाद जंक्शन,
SCA,Salchapra,Assam,24.825,92.6678,osm,शालचापरा,
SCC,Sitapur Cantonment,Uttar Pradesh,27.5574,80.6994,osm,,
SCE,Senchoa Junction,Assam,26.3114,92.6426,osm,,
SCH,Sachin,Gujarat,21.0779,72.8745,osm,,
SCI,Sanchi,Madhya Pradesh,23.4876,77.7361,osm,,
SCKR,Salichauka Road,Madhya Pradesh,22.8343,78.6771,osm,,
SCL,Bhasha Shahid,Assam,24.8303,92.7876,osm,सिलचर,
SCM,Simhachalam,Andhra Pradesh,17.7453,83.2208,osm,,
SCMN,Simhachalam North,Andhra Pradesh,17.7519,83.2097,osm,,
SCN,Sondha Road,Madhya Pradesh,26.4983,78.4841,osm,,
SCO,Satuna,Maharashtra,19.4949,76.3481,datameet,,
SCP,Sirnapalli,Telangana,18.488,78.2715,osm,,
SCPD,Suchipind,Punjab,31.335,75.6176,osm,,
SCPR,Shyama Charanpur,Odisha,20.6376,85.6196,osm,,
SCQ,Sham Chaurasi,Punjab,31.4584,75.766,osm,,
SCT,Sengottai,Tamil Nadu,8.98726,77.2422,osm,शेंगोट्टै,
SCV,Sukhchain,Haryana,29.7603,74.9907,osm,,
SCY,Sachiwalaya,Bihar,25.596,85.1175,osm,,
SD,Sidhauli,Uttar Pradesh,27.2844,80.8376,osm,,
SDAH,Sealdah,West Bengal,22.5674,88.371,osm,सियालदाह,
SDAM,Sundhiamau,Uttar Pradesh,27.1176,81.2937,osm,,
SDB,Shahabad,Karnataka,17.1219,76.9434,osm,,ಶಹಾಬಾದ್
SDBH,Sindri Block Hut,Jharkhand,23.6821,86.4371,osm,सिन्द्री ब्लॉक हट,
SDC,Saidabad,Uttar Pradesh,25.3793,82.1217,osm,,
SDD,Sindhawadar,Gujarat,22.5473,70.8943,osm,,
SDDN,Siddharth Nagar,Uttar Pradesh,27.27547,83.08806,osm,नौगढ़,
SDE,Sadisopur,Bihar,25.5665,84.9171,osm,,
SDF,Sudsar,Rajasthan,28.0125,73.7863,osm,,
SDG,Sahadai Buzurg,Bihar,25.6613,85.4548,osm,,
SDGH,Shri Dungargarh,Rajasthan,28.0709,74.006,osm,,
SDGM,Sardargram,Gujarat,23.0715,72.6424,osm,,
SDH,Saradhna,Rajasthan,26.3406,74.5664,osm,,
SDHA,Sidhari Halt,Uttar Pradesh,26.0377,83.1877,datameet,,
SDHR,Sandhanidhar,Gujarat,20.9428,70.7143,osm,,
SDI,Sagardighi,West Bengal,24.2909,88.0932,osm,,
SDL,Shahdol,Madhya Pradesh,23.2859,81.3648,osm,,
SDLE,Swadinpur,West Bengal,24.2334,87.8121,osm,,
SDLK,Sundlak,Rajasthan,25.1229,76.4504,osm,,
SDLP,Sadulpur Junction,Rajasthan,28.6316,75.3864,osm,,
SDM,Surareddipalem,Andhra Pradesh,15.4081,80.046,osm,सुरारेड्डी पालेम,
SDMD,Sudamdih,Jharkhand,23.6547,86.4404,osm,,
SDMK,Sidmukh,Rajasthan,28.8935,75.2906,osm,,
SDN,Sholavandan,Tamil Nadu,10.0227,77.9654,osm,सोलवंथान,
SDNR,Seydunganallur,Tamil Nadu,8.66308,77.8244,osm,,
SDPH,Sardar Patel Halt,Bihar,25.0504,85.4241,datameet,,
SDPN,Sindpan,Madhya Pradesh,24.153,75.0379,osm,,
SDPR,Sardar Patel Marg,Delhi,28.5958,77.1679,osm,सरदार पटेल मार्ग,
SDPT,Sedarampattu,Tamil Nadu,12.6794,79.1998,osm,,
SDRA,Sudharana,Haryana,28.4493,76.4302,osm,,
SDRN,Shendurni,Maharashtra,20.6574,75.5975,osm,,
SDS,Sadulshahar,Rajasthan,29.903,74.1722,osm,,
SDT,Sadat,Uttar Pradesh,25.6735,83.3089,osm,,
SDUA,Sadura,Jammu and Kashmir,33.6756,75.1363,osm,,
SDV,Somidevipalle,Andhra Pradesh,15.4531,79.0382,osm,,
SDVL,Soladevanahalli,Karnataka,13.0914,77.4898,osm,,ಸೋಲದೇವನಹಳ್ಳಿ
SDY,Sadhoogarh,Punjab,30.5827,76.4482,osm,,
SDZ,Sindhar,Punjab,31.1057,75.2546,osm,,
SE,Semla,Gujarat,22.0439,70.7941,osm,,
SEB,Son Nagar Junction,Bihar,24.8819,84.2309,osm,,
SED,Shedbal,Karnataka,16.7203,74.7525,osm,,ಶೇಡಬಾಳ
SEE,Sonpur Junction,Bihar,25.6973,85.167,osm,,
SEG,Shegaon,Maharashtra,20.8008,76.6905,osm,,
SEGM,Sevagram,Maharashtra,20.7392,78.6185,osm,सेवाग्राम जंक्शन,
SEH,Sehore,Madhya Pradesh,23.2147,77.0783,osm,सीहोर,
SEI,Shendri,Maharashtra,18.1494,75.5902,osm,,
SEJ,Sarkhej,Gujarat,22.9821,72.4975,osm,,
SEL,Sankrail,West Bengal,22.5623,88.2104,osm,,
SELU,Selu,Maharashtra,19.4481,76.4333,datameet,,
SEM,Sedam,Karnataka,17.1812,77.2857,osm,,ಸೇಡಂ
SEN,Senapura,Karnataka,13.7179,74.6845,osm,,ಸೇನಾಪುರ ರೈಲು ನಿಲ್ದಾಣ
SEO,Seohara,Uttar Pradesh,29.2046,78.5805,osm,,
SEP,Sodpur,West Bengal,22.6996,88.3823,osm,,
SEPN,Sepon,Assam,27.1144,94.8532,osm,,
SEPR,Sherpur,Uttar Pradesh,28.9227,78.2539,osm,,
SEQ,Sekha,Punjab,30.3798,75.6438,osm,,
SER,Samayanallur,Tamil Nadu,9.98207,78.0336,osm,समयनल्लुर,
SES,Semari,Rajasthan,24.0701,73.8418,osm,,
SET,Settihally,Karnataka,12.6442,77.1419,datameet,,
SETB,Sessa,Assam,27.3241,94.8577,datameet,,
SEU,Sendra,Rajasthan,26.0787,74.192,osm,,
SEV,Sithalavai,Tamil Nadu,10.9583,78.2741,osm,,சிதளவை
SEW,Sehal,Uttar Pradesh,28.8944,78.8229,osm,,
SEX,Seroni Road,Madhya Pradesh,25.9462,76.8858,osm,,
SEY,Seoni,Madhya Pradesh,22.0751,79.5459,osm,,
SF,Settigunta,Andhra Pradesh,13.8704,79.3842,osm,,
SFA,Sanehra Halt,Uttar Pradesh,28.9047,77.2826,osm,,
SFC,Saintala,Odisha,20.434,83.3347,osm,,
SFDE,Safidon,Haryana,29.3977,76.6618,osm,,
SFE,Sanodiya,Rajasthan,27.0132,75.2797,osm,,
SFF,Sunera Pirkheri,Madhya Pradesh,23.4756,76.364,osm,,
SFG,Subedarganj,Uttar Pradesh,25.4394,81.7902,osm,,
SFH,Safedabad,Uttar Pradesh,26.898,81.1168,osm,,
SFK,Sikir,Odisha,20.3379,83.1997,datameet,,
SFM,Sunam,Punjab,30.1303,75.8088,datameet,,
SFMU,Sunam Udham Singh Wala,Punjab,30.13,75.8083,osm,,
SFNR,Saifee Nagar,Madhya Pradesh,22.6996,75.8543,osm,,
SFPR,Safipur,Uttar Pradesh,26.7443,80.3548,datameet,,
SFR,Safrai,Assam,27.0281,94.9409,osm,सफराई,চফৰাই
SFW,Sarangpur,Madhya Pradesh,23.5812,76.4877,osm,,
SFX,Safilguda,Telangana,17.4616,78.5331,osm,,సఫిల్గూడ
SFY,Shajapur,Madhya Pradesh,23.4253,76.2979,osm,,
SFZ,Sinduriya Kachari,Madhya Pradesh,24.0216,76.9263,osm,,
SG,Shahgarh,Uttar Pradesh,28.5572,80.0496,osm,शाहगढ़,
SGA,Shergarh,Punjab,30.0655,74.9495,osm,,
SGAC,Sogariya,Rajasthan,25.2301,75.9014,osm,,
SGAM,Sareigram,Madhya Pradesh,24.0325,82.195,osm,,
SGBA,Sir Gurudas Banerjee Halt,West Bengal,22.5742,88.3851,osm,,
SGBB,Sgbb,,,,,,
SGBJ,Surgaon Banjari,Madhya Pradesh,21.9466,76.5442,osm,,
SGC,Saongi,Madhya Pradesh,21.7968,79.998,osm,,
SGD,Songadh,Gujarat,21.7286,71.8864,osm,,
SGDM,Sigadam,Andhra Pradesh,18.3605,83.6814,osm,,
SGDP,Sagadapata,Odisha,21.2443,85.9114,osm,,
SGDV,Somaguddu,Karnataka,14.2807,76.6245,osm,,
SGE,Sankari Durg,Tamil Nadu,11.4481,77.8708,osm,,
SGF,Sangat,Punjab,30.0906,74.8354,osm,,
SGG,Sultanganj,Bihar,25.2415,86.735,osm,,
SGJ,Safdarganj,Uttar Pradesh,26.9143,81.3617,osm,,
SGKM,sringavruksham,Andhra Pradesh,16.5433,81.602,osm,,
SGL,Sagauli Junction,Bihar,26.7585,84.7398,osm,सगौली जंक्शन,
SGLA,Sangola,Maharashtra,17.4356,75.1876,datameet,,
SGLM,Sengulam,Tamil Nadu,8.60679,77.683,osm,,
SGM,Solagampatti,Tamil Nadu,10.7854,78.8773,osm,,
SGND,Shrigonda Road,Maharashtra,18.5988,74.6419,osm,,
SGNR,Sriganganagar Junction,Rajasthan,29.932,73.8723,osm,,
SGO,Saugor,Madhya Pradesh,23.8478,78.7433,osm,,
SGP,Sohagpur,Madhya Pradesh,22.6938,78.1949,osm,,
SGPA,Sugapahari,Jharkhand,24.279,86.5781,datameet,,
SGR,Sangameshwar,Maharashtra,17.2016,73.5464,osm,,
SGRA,Sangaria,Rajasthan,29.7932,74.4663,osm,,
SGRD,Saragaon Road,Chhattisgarh,22.019,82.7522,osm,सारागांव रोड,
SGRE,Sulgare,Maharashtra,16.893,74.9039,osm,,
SGRL,Singrauli,Madhya Pradesh,24.2049,82.6429,osm,सिंगरौली,
SGRM,Singaram,Odisha,19.1103,83.1045,osm,,
SGRP,Singhirampur,Uttar Pradesh,27.2627,79.6294,datameet,,
SGRR,Sangar,Jammu and Kashmir,32.8047,75.0502,osm,,
SGS,Shoghi,Himachal Pradesh,31.039,77.1248,osm,,
SGUD,Siliguri,West Bengal,26.7236,88.414,datameet,,
SGUJ,Siliguri Junction,West Bengal,26.7238,88.4137,osm,,
SGUT,Siliguri Town,West Bengal,26.7054,88.4311,osm,,
SGV,Sargachhi,West Bengal,24.0182,88.2444,osm,,
SGW,Singawal,Rajasthan,26.0364,74.6832,osm,,
SGWF,White Field Satellite,Karnataka,12.996,77.7615,datameet,,
SGYW,Singriawan,Bihar,25.406,85.2835,osm,,
SGZ,Shamgarh,Madhya Pradesh,24.192,75.643,osm,शामगढ़,
SHAD,Shahad,Maharashtra,19.2436,73.1581,osm,शहद,
SHAN,Shrinivasa Nagar,Telangana,17.9076,78.4628,osm,,
SHB,Shahibag,Gujarat,23.0356,72.6009,datameet,,
SHBA,Sahebtala,West Bengal,23.5921,88.2011,osm,,
SHBC,Sibaichandi,West Bengal,22.9747,88.1339,osm,,
SHBL,Shiblun,West Bengal,23.6926,88.083,datameet,,
SHC,Saharsa Junction,Bihar,25.8734,86.5947,osm,,
SHDM,Shahabad Markanda,Haryana,30.1659,76.8617,osm,,
SHDR,Shahdora Gaon,Madhya Pradesh,24.6311,77.5884,osm,,
SHE,Seoraphuli Jn,West Bengal,22.7748,88.3284,osm,,
SHEO,Shisho,Bihar,26.2047,85.8657,osm,,
SHER,Sher,Bihar,26.3559,84.6162,osm,,
SHF,Shirud,Maharashtra,20.734,74.8781,osm,,
SHG,Shahganj Junction,Uttar Pradesh,26.0614,82.6799,osm,,
SHGN,Shri Ghasinagar,Rajasthan,27.0958,76.6464,osm,,
SHH,Shapur Junction,Gujarat,21.4777,70.3707,osm,,
SHHT,Singhaul Halt,Bihar,25.4345,86.0966,osm,,
SHI,Singanallur,Tamil Nadu,11.0125,77.0391,osm,,
SHIV,Shindawane,Maharashtra,18.4258,74.1182,osm,,
SHJP,Sahajipur Halt,Uttar Pradesh,26.0963,81.8642,datameet,,
SHK,Sheikpura,Bihar,25.1323,85.8536,osm,,
SHKL,Shankrul,West Bengal,23.142,87.6547,osm,,
SHKY,Saharsa Kutchery Halt,Bihar,,,,,
SHLK,Sholaka,Haryana,27.974,77.3609,osm,शोलाका,
SHLU,Shelu,Maharashtra,19.0635,73.3179,osm,शेलु,
SHM,Shalimar,West Bengal,22.5552,88.3154,osm,,
SHMI,Shiroor,Karnataka,13.931,74.5943,osm,,ಶಿರೂರು
SHMR,Shyamsundar,West Bengal,23.0814,87.8607,osm,,
SHN,Suchan Kotli,Haryana,29.5135,75.1831,osm,,
SHNG,Shivnagar,Uttar Pradesh,26.3365,81.8831,osm,,
SHNR,Shadnagar,Telangana,17.0649,78.213,osm,,
SHNX,Sheo Singh Pura,Rajasthan,26.9136,75.5677,osm,,
SHR,Sihora Road,Madhya Pradesh,23.467,80.1098,osm,,
SHRD,Saij Sertha Road,Gujarat,23.2092,72.5207,osm,,
SHRG,Shri Ramgarh,Rajasthan,29.1801,74.9714,osm,,
SHRM,Sharma,Uttar Pradesh,27.6039,80.0033,datameet,,
SHRN,Sant Hirdaram Nagar,Madhya Pradesh,23.27371,77.33585,osm,,
SHSK,Sahasrakund,Maharashtra,19.4033,78.0084,osm,,
SHT,Sahari Halt,Bihar,25.4757,85.7278,datameet,,
SHTS,Sambhal,Uttar Pradesh,28.5972,78.5685,osm,सम्भल,
SHTT,Silghat Town,Assam,26.6075,92.93,osm,,
SHU,Sholinghur,Tamil Nadu,13.0141,79.4868,osm,,
SHV,Shivani,Karnataka,13.8117,76.0587,osm,,ಶಿವನಿ
SHW,Samhon,Uttar Pradesh,26.7343,79.3207,osm,,
SHWL,Sahuwala,Rajasthan,29.36,73.7914,osm,,
SHX,Shukarullahpur,Uttar Pradesh,27.4491,79.4697,osm,,
SHYP,Sakharayapatna,Karnataka,13.43,75.9279,osm,सकरायपटण,
SHZ,Summer Hill,Himachal Pradesh,31.1084,77.139,osm,,
SI,Sonaili,Bihar,25.6038,87.7158,osm,,
SIA,Shivalakha,Gujarat,23.3844,70.6249,osm,,
SIBR,Shribar,,,,,,
SIC,Sonik,Uttar Pradesh,26.5862,80.5598,osm,सोनिक,
SICY,Shaheed Ishwar Chowdhary Halt,Bihar,24.8075,85.0287,osm,,
SID,Siddhpur,Gujarat,23.9183,72.3682,osm,,સિદ્ધપુર
SIDP,Siddapura,Karnataka,12.9888,76.9155,osm,,
SIE,Siddampalli,Andhra Pradesh,13.1599,79.1371,osm,सिददंपल्लि,సిద్దంపల్లి
SIF,Sirli,Maharashtra,19.5087,77.2125,osm,,
SIGA,Shantigrama,Karnataka,12.9846,76.2055,osm,,
SIHO,Siho,Bihar,26.0089,85.5064,osm,,
SII,Sitimani,Karnataka,16.3196,75.8661,osm,,ಸೀತಿಮನಿ
SIKD,Sikroda Kwanri,Madhya Pradesh,26.5695,77.9631,osm,,
SIKR,Sikar,Rajasthan,27.6169,75.1528,osm,,
SIL,Sakhigopal,Odisha,19.9428,85.816,osm,,
SILO,Silao,Bihar,25.0841,85.4373,osm,,
SILR,Silari,Rajasthan,26.3023,73.5649,osm,,
SIM,Shri Amirgadh,Gujarat,24.4044,72.6414,osm,,
SIN,Sion,Maharashtra,19.0465,72.8633,osm,शीव,
SINA,Srinagar,Jammu and Kashmir,34.0238,74.8473,osm,श्रीनगर रेलवे स्टेशन,
SINI,Sini Junction,Jharkhand,22.7891,85.9468,osm,,
SINR,Sinor,Gujarat,21.9114,73.3363,osm,,
SIOB,Samakhyali Junction,Gujarat,23.3096,70.503,osm,,
SIP,Suraimanpur,Uttar Pradesh,25.8083,84.4813,osm,,
SIPA,Singhpokharia,Jharkhand,22.4996,85.7967,osm,सिंहपोखरिया,
SIPR,Sihapar Halt,Uttar Pradesh,26.7583,83.1652,osm,सीहापार हॉल्ट,
SIQ,Sarkoni,Uttar Pradesh,25.6431,82.7521,datameet,,
SIR,Sirhind Juntion,Punjab,30.6238,76.3824,osm,सरहिंद जंक्शन,
SIRA,Sirhi Itara,Uttar Pradesh,26.3673,80.2156,osm,,
SIRD,Sird,Rajasthan,27.4867,72.5091,osm,,
SIRL,Shirala,Maharashtra,21.126,77.7248,osm,,
SISM,Sigoli Shyam,Rajasthan,25.1869,75.0105,osm,,
SISN,Sisauna,Uttar Pradesh,29.2162,78.2806,datameet,,
SIU,Singur,West Bengal,22.8146,88.2291,osm,,
SIVN,Sivnar Halt,Bihar,25.4047,85.8808,datameet,,
SIW,Shirvade,Maharashtra,17.3609,74.1577,osm,,
SIY,Sirry,Chhattisgarh,20.9496,81.7225,osm,सिर्री,
SIZ,Shrikhanda,West Bengal,23.5957,88.0617,osm,,
SJA,Sijua,Jharkhand,23.79,86.3302,osm,,
SJDA,Sanjuje Da Arey,Goa,,,dropped: trains zig-zag through it,,
SJDR,Sri Jhadeswar,Odisha,20.6032,86.028,osm,,
SJER,Sanjarpur,Uttar Pradesh,26.0174,82.9759,osm,,
SJF,Sajanvav Road,Gujarat,21.0745,71.606,osm,,
SJGH,Sarai Jagdish,Uttar Pradesh,25.3001,82.3651,datameet,,
SJGM,Sanjay Gram,Bihar,25.695,87.898,osm,संजय ग्राम,
SJJ,Sanjha,Bihar,25.0658,87.0008,datameet,,
SJKL,Surja Kama,Bihar,25.9358,87.8498,osm,सूर्यकमल,
SJL,Sangam Jagarlamudi,Andhra Pradesh,16.2464,80.5704,osm,,
SJM,Sajuma,Haryana,29.7267,76.2959,osm,,
SJMA,Sanjamala,Andhra Pradesh,15.1575,78.3157,osm,,
SJN,Sanjan,Gujarat,20.1922,72.8211,osm,संजान,
SJNP,Sujanpur,Punjab,32.3126,75.6133,osm,,
SJP,Shujalpur,Madhya Pradesh,23.3806,76.7232,osm,,
SJPA,Sujalpur,West Bengal,21.7595,87.6567,osm,,
SJPM,Sujatapuram,Karnataka,12.136,76.6743,osm,,ಸುಜಾತಾಪುರಂ
SJPR,Surjyapur,West Bengal,22.2935,88.4667,osm,,সূর্য্যপুর
SJQ,Surajpur Road,Chhattisgarh,23.2895,82.8805,osm,,
SJRR,Sajerpar,West Bengal,26.4222,89.3529,osm,,
SJS,Shamlaji Road,Gujarat,23.6345,73.3427,osm,,
SJSM,Salemgarhmasani,Rajasthan,29.5495,74.4657,osm,,
SJT,Shujaatpur,Uttar Pradesh,25.6061,81.4021,osm,,
SJTR,Sojitra,Gujarat,22.5432,72.7254,osm,,
SJV,Sanjhauli Halt,Bihar,25.143,84.1907,osm,,
SJVP,Sanjeevaiah Park,Telangana,17.4357,78.4764,osm,,
SK,Sakhun,Rajasthan,26.7378,75.0912,osm,,
SKA,Sikandra Rao,Uttar Pradesh,27.6844,78.3883,osm,,
SKAP,SK Para,Tripura,23.9761,91.9693,osm,,
SKAR,Sakariya,Madhya Pradesh,24.6041,80.906,osm,,
SKB,Shikohabad,Uttar Pradesh,27.0863,78.5754,osm,शिकोहाबाद,
SKBN,Silakheri,Madhya Pradesh,23.096,76.0582,osm,,
SKBR,Shankarpur Bhadaura,Madhya Pradesh,24.1039,81.8693,osm,,
SKDM,Sikroda Mina,Rajasthan,26.7233,77.0023,osm,,
SKEN,Sukhsena,Bihar,25.7945,87.1162,osm,,
SKF,Sakhoti Tanda,Uttar Pradesh,29.1926,77.7186,osm,,
SKG,Saktigarh,West Bengal,23.207,87.9689,osm,,
SKGH,Saktesgarh,Uttar Pradesh,24.9993,82.8216,osm,,
SKHK,Sukhasan Kothi,Bihar,25.8465,87.156,osm,,
SKHR,Sikhera Mb Halt,Uttar Pradesh,28.7567,77.95,datameet,,
SKHV,Sukhovi,Nagaland,25.76021,93.71252,osm,शोखुवि,
SKI,Sakri Junction,Bihar,26.2089,86.0788,osm,,
SKIP,Ambajora Shikaripara,Jharkhand,24.2398,87.4604,osm,,
SKJ,Sahibpur Kamal Junction,Bihar,25.427,86.4004,osm,,
SKJS,Shri Krishna Janam Asthan,Uttar Pradesh,27.5048,77.6711,osm,श्री कृष्ण जन्म स्थान,
SKK,Sikkal,Tamil Nadu,10.7528,79.8007,osm,,சிக்கல்
SKKE,Sekerkote,Tripura,23.7437,91.2774,osm,,
SKL,Singaperumal Koil,Tamil Nadu,12.7619,80.0008,osm,,
SKLI,Sukli,Madhya Pradesh,21.6665,79.6778,osm,,
SKLP,Shankarpur,Uttar Pradesh,27.4338,81.022,osm,,
SKLR,Sakleshpur,Karnataka,12.9454,75.7789,osm,,ಸಕಲೇಶಪುರ
SKM,Singarayakonda,Andhra Pradesh,15.2524,80.0262,osm,,
SKN,Sri Krishna Nagar,Uttar Pradesh,25.8836,82.449,osm,,
SKND,Sukinda Road Junction,Odisha,20.975,86.0514,osm,,
SKNP,Sarkanpur,Madhya Pradesh,24.8232,79.064,osm,,
SKNR,Shakar Nagar,Telangana,18.6586,77.9056,osm,,
SKP,Shankarpalli,Telangana,17.4506,78.1308,osm,,
SKPA,Sri Kalyanpura,Rajasthan,25.19,76.0872,osm,,
SKPI,Sikarpai,Odisha,19.3847,83.3295,osm,,
SKPR,Sikarpur Halt,Madhya Pradesh,21.9849,78.946,osm,,
SKPT,Somanayakkanpatti,Tamil Nadu,12.575,78.5422,osm,,
SKQ,Sikandarpur,Uttar Pradesh,28.2472,77.7846,osm,,
SKR,Sakhpur,Gujarat,21.749,69.8336,osm,,
SKRI,Sikariya,Bihar,25.5632,84.3488,osm,,
SKS,Salekasa,Maharashtra,21.3014,80.4933,osm,,
SKSO,Sikosa,Chhattisgarh,20.8687,81.286,osm,सिकोसा,
SKT,Sakti,Chhattisgarh,22.0119,82.9556,osm,,
SKTN,Shakti Nagar,Uttar Pradesh,24.1229,82.7046,osm,,
SKU,Sikroda,Madhya Pradesh,26.3397,77.733,osm,,
SKVL,Sankaval,Goa,15.371,73.8686,osm,,
SKW,Sheikhupur,Uttar Pradesh,28.0032,79.0976,osm,,
SKX,Sarkara,Uttarakhand,29.1614,79.0634,osm,,
SKY,Shikara,Madhya Pradesh,22.8002,79.8571,osm,,
SKZR,Sirpur Kagaznagar,Telangana,19.3466,79.49,osm,,సిర్పూర్ కాగజ్నగర్
SL,Surathkal,Karnataka,12.9902,74.8054,osm,सुरतकल,ಸುರತ್ಕಲ್
SLB,Salboni,West Bengal,22.6396,87.3214,osm,,
SLBN,Salai Banwa,Uttar Pradesh,24.4383,83.0104,osm,,
SLBS,Salsala Bari,West Bengal,26.4867,89.595,datameet,,
SLD,Sakaldiha,Uttar Pradesh,25.3319,83.2902,osm,,
SLF,Silli,Jharkhand,23.3517,85.8283,osm,सिल्ली,
SLG,Simlagarh,West Bengal,23.0963,88.2316,osm,,
SLGE,Sulerjavalge,Maharashtra,17.4592,75.9748,osm,,
SLGH,Shelgaon,Maharashtra,19.0804,77.5889,osm,,
SLGM,Sankaralingapuram,Tamil Nadu,9.52232,77.88,osm,,
SLGR,Simaluguri Junction,Assam,26.9174,94.756,osm,शिमलगुड़ी जंक्शन,শিমলুগুৰি জংছন
SLH,Silyari,Chhattisgarh,21.4261,81.7554,osm,,
SLHA,Salhana,Madhya Pradesh,23.8055,80.639,osm,,
SLHI,Shilhauri Halt,Bihar,25.9529,84.8338,osm,,
SLHP,Sulah Himachal Pradesh,Himachal Pradesh,32.0708,76.477,osm,सुलाह हिमाचल प्रदेश,
SLI,Sangli,Maharashtra,16.8584,74.5881,osm,,
SLJ,Sakrigali,Jharkhand,25.2423,87.7089,osm,सकरीगली,
SLJR,Salgajhari,Jharkhand,22.7589,86.2272,osm,,
SLKN,Sandal Kalan,Haryana,29.0634,77.0128,osm,,
SLKR,Salkaroad,Chhattisgarh,22.3662,82.0104,osm,,
SLKX,Salakati,Assam,26.4427,90.3538,osm,सालाकाटी,
SLM,Somalapuram,Andhra Pradesh,14.9017,76.8685,osm,,
SLME,Salem East,Tamil Nadu,11.6627,78.1762,osm,,
SLN,Sultanpur Junction,Uttar Pradesh,26.2652,82.067,osm,,
SLNA,Salauna,Bihar,25.6024,86.2612,osm,,
SLO,Samalkot Junction,Andhra Pradesh,17.0453,82.169,osm,,
SLON,Salona,Assam,26.5039,92.99,datameet,,
SLOR,Seloo Road,Maharashtra,20.7771,78.7158,osm,,
SLP,Salpa,Maharashtra,17.963,74.1713,osm,,
SLPM,Shivalingapuram,Andhra Pradesh,18.1973,83.067,osm,,
SLPR,Shilpaprabesh,West Bengal,22.0587,88.1075,osm,,
SLQ,Salona Assam,Assam,26.449,92.9619,datameet,,
SLR,Salogra,Himachal Pradesh,30.9349,77.1309,osm,,
SLRA,Sarla Junction,Odisha,21.5066,84.0145,osm,सरला जंक्शन,ସରଲା ଜଙ୍କସନ
SLRD,Surla Road,Odisha,19.1765,84.719,osm,,
SLRP,Salarpur,Uttar Pradesh,26.7525,82.0132,datameet,,
SLRW,Shelarwadi,Maharashtra,18.7009,73.7059,datameet,,
SLS,Salanpur,West Bengal,23.7615,86.8753,osm,,
SLT,Silaut,Bihar,26.0381,85.4554,osm,सिलौत स्टेशन,
SLTH,Sillakkudi,Tamil Nadu,11.0967,79.0372,osm,,
SLTP,Sultanpur,,,,,,
SLU,Sasalu,Karnataka,14.2111,76.115,osm,,ಸಾಸಲು
SLV,Sandalpur,Madhya Pradesh,26.0829,78.2034,osm,,
SLW,Sohawal,Uttar Pradesh,26.7531,81.9831,osm,,
SLWR,Silawar,Uttar Pradesh,29.5051,77.3447,osm,,
SLX,Seleng Hat,Assam,26.7838,94.4829,osm,सेलेंगहाट,চেলেংহাট
SLY,Samalpatti,Tamil Nadu,12.3109,78.4829,osm,समलपट्टी,
SLZ,Solari B.H.,Odisha,19.8007,85.2482,osm,,
SM,Samsi,West Bengal,25.2763,88.0101,osm,समसी,সামসী
SMAE,Samudra Garh,West Bengal,23.3358,88.3249,osm,,
SMBH,Salim Pur Bihar,Bihar,25.469,85.4677,osm,,
SMBJ,Shri Mahaveer Ji,Rajasthan,26.6847,76.9683,osm,श्री महावीर जी,
SMBL,Simbhauli,Uttar Pradesh,28.7647,77.9832,osm,सिम्भौली,
SMBX,Samba,Jammu and Kashmir,32.5285,75.1201,osm,,
SMC,Samnapur,Madhya Pradesh,21.9419,80.1564,osm,,
SMCK,Shyam Chak,West Bengal,22.3637,87.5009,osm,,
SMCP,Simen Chapori,Assam,27.7238,94.8869,osm,,
SMD,Cheranmahadevi,Tamil Nadu,8.67932,77.5617,osm,,
SMDC,Sawai Madhopur 'D' cabin,Rajasthan,26.0403,76.3807,osm,,
SMDM,Samudram,Tamil Nadu,10.6527,78.4935,osm,,
SMDP,Shahbad Muhammadpur,Delhi,28.5603,77.0716,osm,शाहबाद मोहम्मदपुर,
SMDR,Simodara,Gujarat,21.4597,73.0913,osm,,
SMDT,Semmandappatti,Tamil Nadu,11.7917,78.0268,osm,,
SME,Shivamogga - SME,Karnataka,13.928,75.5925,osm,शिवमोगा,ಶಿವಮೊಗ್ಗ
SMET,Shimoga Town,Karnataka,13.9438,75.5836,osm,,ಶಿವಮೋಗ್ಗ ನಗರ
SMF,Samar Gopalpur,Haryana,28.9599,76.5183,osm,,
SMGR,Samaguri,Assam,26.4165,92.8502,osm,,
SMH,Simraha,Bihar,26.1936,87.3223,osm,,
SMI,Sitamarhi,Bihar,26.5947,85.5055,osm,,
SMK,Samalkha,Haryana,29.2415,77.0033,osm,,
SMKR,Sham Kauria,Bihar,26.0345,84.8341,osm,,
SMKT,Somanakatti,Karnataka,15.7643,75.6312,osm,,ಸೋಮನಕಟ್ಟಿ
SML,Shimla,Himachal Pradesh,31.1025,77.1601,osm,,
SMLA,Samlaya Junction,Gujarat,22.4845,73.3025,osm,समलाया जंक्शन,
SMLG,Shimiliguda,Andhra Pradesh,18.3028,82.9541,osm,,
SMLT,Samloti,Himachal Pradesh,32.0924,76.3449,osm,समलोटी,
SMM,Saliyamangalam,Tamil Nadu,10.7796,79.2753,osm,,சாலியமங்கலம்
SMND,Sarmatanr,Jharkhand,24.3442,85.6578,osm,,
SMNE,Somatne,Maharashtra,18.9506,73.1455,osm,,
SMNH,Somnath,Gujarat,20.8957,70.4081,osm,,
SMNN,Shri Makrinath Nagar,Rajasthan,28.1708,74.8083,osm,,
SMO,Semapur,Bihar,25.525,87.4699,osm,,
SMP,Shambhupura,Rajasthan,24.7706,74.6417,osm,,
SMPA,Shyampura,Rajasthan,25.247,75.2719,osm,,
SMPC,Shambhupura C Cabin,Rajasthan,24.7928,74.6385,datameet,,
SMPR,Shri Madhopur,Rajasthan,27.458,75.5982,osm,,
SMQL,Shamli,Uttar Pradesh,29.4449,77.3167,osm,,
SMR,Samdari Junction,Rajasthan,25.8373,72.5749,osm,,
SMRL,Samrala,Punjab,30.8253,76.1775,osm,,
SMRR,Sumreri,Madhya Pradesh,24.0079,78.3991,osm,,
SMSR,Samaswara,Madhya Pradesh,22.0485,79.3348,datameet,,
SMT,Salamatpur,Madhya Pradesh,23.461,77.6725,osm,,
SMTA,Samuktala Road Junction,West Bengal,26.4839,89.6349,osm,सामुकतला रोड जंक्शन,
SMTG,Saheed Matangini,West Bengal,22.3003,87.9084,osm,,
SMTL,Simariatal,Madhya Pradesh,25.9217,78.3039,osm,,
SMTN,Somthan,Maharashtra,20.4388,77.5768,osm,,
SMU,Shambhu,Punjab,30.4289,76.6839,osm,,
SMV,Sumaoli,Madhya Pradesh,26.3734,77.9156,osm,,
SMVB,Sir M Visvesvaraya Terminal,Karnataka,12.99966,77.64115,osm,,
SMWA,Someshwara,Karnataka,13.5603,77.5127,osm,,
SMX,Simurali,West Bengal,23.0412,88.5103,osm,,
SMYD,Smyd,,,,,,
SMZ,Sarai Mir,Uttar Pradesh,26.0281,82.924,osm,,
SN,Sukna,West Bengal,26.7907,88.3634,osm,,
SNA,Sadanapura,Gujarat,22.6012,73.0113,osm,,
SNAD,Saniyad,Gujarat,21.9202,73.1761,osm,सणियाद,સણિયાદ
SNAP,Sona Arjunpur,Uttar Pradesh,29.7573,77.4524,osm,,
SNAR,Srinagar,Rajasthan,25.364,75.5689,osm,,
SNB,Satnaur Badesron,Punjab,31.262,76.107,osm,,
SNBD,Sundarabad,Madhya Pradesh,23.1312,75.308,osm,,
SNBR,Sonuabari,Assam,26.1732,92.3115,osm,,
SNC,S Narayan Chhapia,Uttar Pradesh,26.981,82.3958,osm,,
SNCA,Sonachara,Assam,25.9846,91.1431,datameet,,
SND,Sondimra,Jharkhand,23.4703,85.7995,osm,,
SNDD,Sindhudurg,Maharashtra,16.1122,73.6799,osm,,
SNDI,Sendurai,Tamil Nadu,11.2553,79.1676,osm,,
SNDT,Sindri Town,Jharkhand,23.6615,86.4802,osm,,
SNDY,Sandai,Uttar Pradesh,28.5691,80.0058,osm,,
SNE,Shenoli,Maharashtra,17.2012,74.2521,osm,,
SNF,Sanat Nagar,Telangana,17.4622,78.4367,osm,,
SNGN,Sanganer,Rajasthan,26.8146,75.7732,osm,,
SNGP,Singhpur,Madhya Pradesh,23.2542,81.408,osm,,
SNGR,Sangannapur,Maharashtra,19.1776,76.7369,osm,,
SNH,Saunshi,Karnataka,15.2034,75.3006,osm,,ಸಂಶಿ
SNHR,Sankhari,Gujarat,23.8045,72.1688,osm,,
SNHT,Sanhati Halt,West Bengal,22.8459,88.7046,osm,,
SNI,Sindi,Maharashtra,20.8157,78.8832,osm,,
SNIE,Sath Naraini,Uttar Pradesh,25.7947,81.0389,osm,,
SNJL,Sanjali,Gujarat,21.5755,72.9886,osm,,
SNK,Sindkheda,Maharashtra,21.2444,74.724,osm,,
SNKB,Sonkhamb,Maharashtra,21.2764,78.7366,osm,,
SNKE,Sunehti Kharkhari,Uttar Pradesh,29.9131,77.6835,datameet,,
SNKG,Sankar Gummanur,Andhra Pradesh,15.1665,77.2413,osm,,
SNKL,Sankarankovil,Tamil Nadu,9.17642,77.5267,osm,,
SNKR,Sanka,West Bengal,23.5284,86.6148,osm,,
SNKX,Sankra,Chhattisgarh,20.7444,81.5883,osm,सांकरा हॉल्ट,
SNL,Sanehwal,Punjab,30.838,75.9791,osm,सानेहवाल,
SNLR,Santalpur,Gujarat,23.7598,71.1822,osm,,
SNM,Sitanagaram,Andhra Pradesh,18.6573,83.3655,osm,,
SNMR,Soniyana Mewar,Rajasthan,25.0758,73.9548,osm,,
SNMY,Sindri Marshalling Yard,Jharkhand,23.6675,86.463,osm,,
SNN,Sonegaon,Maharashtra,20.6288,78.7093,osm,,
SNNR,Sindhanur,Karnataka,15.75664,76.76842,osm,,ಸಿಂಧನೂರು
SNO,Somanur,Tamil Nadu,11.0869,77.1857,osm,,
SNP,Sonipat Junction,Haryana,28.9898,77.0171,osm,,
SNPH,Sankhapur,Telangana,18.0659,78.4026,osm,,
SNPR,Singarpur,Uttar Pradesh,27.1176,77.7286,osm,,
SNPU,Sonepur,Odisha,20.83869,83.87298,osm,,
SNQ,Sankarpur,Jharkhand,24.4276,86.6376,datameet,,
SNR,Shyamnagar,West Bengal,22.8285,88.3802,osm,श्यामनगर,
SNRA,Sanwara,Uttar Pradesh,25.8419,83.9203,osm,,
SNRD,Sandhurst Road,Maharashtra,18.9609,72.8394,osm,सैंडहर्स्ट रोड,सँडहर्स्ट रोड
SNRL,Sansartali,Odisha,19.5292,83.4798,osm,,
SNRR,Sansarpur,Madhya Pradesh,23.66,80.3306,osm,,
SNS,Sasni,Uttar Pradesh,27.7036,78.1222,osm,,
SNSI,Sainagar Shirdi,Maharashtra,19.7806,74.4807,osm,,
SNSL,Sonshelu,Maharashtra,21.2674,74.6723,osm,,
SNSN,Sonasan,Gujarat,23.4885,72.8941,osm,,
SNT,Sainthia Junction,West Bengal,23.9505,87.6811,osm,,
SNTD,Santaldih,West Bengal,23.5966,86.4833,osm,,
SNTH,Sonthaliya,Rajasthan,27.4116,75.5158,osm,,
SNTN,Santinagar Halt,West Bengal,23.293,88.6378,datameet,,
SNU,Sangrampur,West Bengal,22.2255,88.3299,osm,,
SNV,Sondad,Maharashtra,21.0853,80.0958,osm,,
SNVR,Sanvatsar,Maharashtra,19.8837,74.5606,osm,,
SNX,Saneh Road,Uttar Pradesh,29.69,78.4501,osm,,
SNYN,Soniyana,Rajasthan,25.1301,74.6257,osm,,
SNZ,Sherganj,Uttar Pradesh,28.3754,79.8042,osm,,
SOA,Sanosara,Gujarat,21.7485,71.7885,osm,,
SOAE,Somra Bazar,West Bengal,23.1384,88.433,osm,,
SOB,Silanibari,Assam,27.201,94.0312,osm,,
SOD,Sojat Road,Rajasthan,25.8611,73.7542,osm,,
SOE,Sheopur Kalan,Madhya Pradesh,25.6714,76.7006,osm,,
SOF,Saota,West Bengal,23.4884,87.9775,osm,,
SOG,Suratgarh Junction,Rajasthan,29.3234,73.9071,osm,,
SOGR,Sogra,Odisha,22.1525,84.4603,osm,,
SOH,Sirohi Road,Rajasthan,24.791,73.0398,datameet,,
SOHL,Sohal,Punjab,31.9741,75.3479,osm,,
SOI,Sonaripur,Uttar Pradesh,28.4746,80.7274,datameet,,
SOJ,Sarojini Nagar,Delhi,28.5812,77.1963,osm,सरोजिनी नगर,
SOJN,Sihor Junction,Gujarat,21.7246,71.957,osm,,
SOL,Solan,Himachal Pradesh,30.9084,77.0983,osm,,
SOLA,Sovabazar Ahiritola,West Bengal,22.5975,88.3549,osm,,
SOLR,Solur,Karnataka,13.0698,77.2587,osm,,
SOM,Somna,Uttar Pradesh,28.0527,77.9482,datameet,,
SONA,Sonamukhi,West Bengal,23.2936,87.4149,osm,,
SONH,Seonan Halt,Bihar,25.2857,85.0119,datameet,,
SONI,Soni,Madhya Pradesh,26.5262,78.5523,osm,,
SONR,Saoner Junction,Maharashtra,21.3877,78.9265,osm,,
SONW,Sonwarsa Halt,Bihar,25.0397,85.6631,osm,,
SOP,Shivpur,Uttar Pradesh,25.3556,82.9476,osm,,
SOPR,Sonma Pranpur halt,Bihar,25.6321,86.2255,osm,,
SOQ,Sompur Road,Karnataka,15.4217,75.8737,osm,,
SOR,Sonagir,Madhya Pradesh,25.7298,78.4092,osm,,
SORI,Sorai,Madhya Pradesh,23.5567,77.8506,osm,,
SORO,Sora,Odisha,21.2911,86.6924,osm,,
SOS,Somesar,Rajasthan,25.5199,73.4503,osm,,
SOT,Shohratgarh,Uttar Pradesh,27.3921,82.9569,osm,,
SOU,Supaul,Bihar,26.1176,86.603,osm,,
SOW,Sohsarai,Bihar,25.2296,85.5391,osm,,
SOY,Sukrimangela,Madhya Pradesh,22.9071,79.8346,osm,,
SP,Saidapet,Tamil Nadu,13.0233,80.2237,osm,,
SPAM,Senji Panambakkam,Tamil Nadu,13.0945,79.8361,osm,,
SPB,Sonekpur Halt,Uttar Pradesh,28.6303,78.6931,datameet,,
SPBG,Sipra Bridge,Madhya Pradesh,23.1735,75.7575,datameet,,
SPBK,Sundarpur Barah Kalan,Haryana,29.326,76.4189,osm,,
SPC,Sitapur City Junction,Uttar Pradesh,27.584,80.6802,osm,,
SPD,Supedi,Gujarat,21.7585,70.3758,osm,,
SPDM,Singhpur Dumra,Madhya Pradesh,25.0664,79.8969,osm,,
SPDR,Sheoprasadnager,Chhattisgarh,23.3101,82.7713,osm,,
SPE,Sullurupeta,Andhra Pradesh,13.6968,80.0186,osm,सूलूरुपेटा,
SPF,Stuartpuram,Andhra Pradesh,15.8745,80.4157,osm,,
SPGL,Sarai Gopal,Uttar Pradesh,25.5487,81.8223,datameet,,
SPGN,Sripuria Gaon,Assam,27.4659,95.3515,datameet,,
SPGR,Sampige Road,Karnataka,13.271,76.7623,osm,,ಸಂಪಿಗೆ ರಸ್ತೆ
SPHL,Shampurahalli,Karnataka,16.8756,77.0333,osm,,ಶಾಂಪುರಹಳ್ಳಿ
SPHT,Shivpuri Hal,,,,,,
SPJ,Samastipur Junction,Bihar,25.8593,85.7866,osm,,
SPJB,Saidpur Jalalabad,Punjab,31.4559,75.1868,osm,,
SPK,Sapekhati,Assam,27.1107,95.1621,osm,सापेखाती,সাপেখাতী
SPL,Sundaraperumal Kovil,Tamil Nadu,10.9398,79.3111,osm,,
SPLE,Sujnipara Junction,West Bengal,24.5706,88.037,osm,,
SPN,Shahjahanpur,Uttar Pradesh,27.8934,79.9049,osm,शाहजहाँपुर,
SPO,Surpura,Rajasthan,27.7072,73.4429,osm,,
SPP,Shahpur Patori,Bihar,25.6393,85.5814,osm,,
SPPA,Sherpur Dhipura,Bihar,25.5998,85.8441,osm,,
SPPR,Shudnipur,Uttar Pradesh,25.6262,82.6406,osm,,
SPQ,Sorupeta,Assam,26.4996,91.0772,osm,,
SPR,Sonarpur Junction,West Bengal,22.4432,88.4303,osm,,সোনারপুর জংশন
SPRA,Sillipur,Madhya Pradesh,26.082,77.0371,osm,,
SPRD,Singapur Road Junction,Odisha,19.2575,83.4029,osm,,
SPRM,Sitapuram,Odisha,18.8153,83.9824,osm,,
SPRN,Salempur Halt,Bihar,26.3064,86.0817,datameet,,
SPS,Shripat Shrikhanda,West Bengal,23.6038,88.0698,osm,,
SPSR,Sarpeswar,Odisha,20.4759,85.755,osm,,
SPT,Sompeta,Andhra Pradesh,18.9809,84.5816,osm,,
SPTR,Silapathar,Assam,27.5928,94.7179,osm,,
SPV,Sivapur,Karnataka,13.6705,75.9283,osm,,ಶಿವಪುರ
SPX,Sapat Gram,Assam,26.3344,90.1096,osm,सापटग्राम,সাপটগ্ৰাম
SPY,Sarsonpuri,Chhattisgarh,20.7812,81.6387,osm,सरसोंपुरी,
SPYA,Sipaya,Bihar,26.5586,84.3302,osm,,
SPZ,Sampla,Haryana,28.7823,76.773,osm,,
SQB,Singhabad,West Bengal,24.915,88.2919,osm,,
SQD,Sattirakkudi,Tamil Nadu,9.40097,78.7053,osm,सत्तिरक्कुडि,சத்திரக்குடி
SQE,Samrala,Maharashtra,18.919,77.7969,osm,,
SQF,Sukritipur,Assam,24.9005,92.5772,osm,सुकृतिपुर,সুকৃতিপুর
SQJ,Saila Khurd,Punjab,31.2926,76.0774,osm,,
SQK,Shankar,Delhi,28.5608,77.1402,datameet,,
SQL,Sontalai,Madhya Pradesh,22.6131,77.9501,osm,,
SQN,Sarai Kansrai,Uttar Pradesh,25.516,82.3461,osm,,
SQQ,Salegaon,Odisha,20.5635,85.9573,osm,,
SQR,Sultanpur Lodi,Punjab,31.2111,75.2023,osm,,
SQS,Sigsigi,Jharkhand,24.2595,83.8545,osm,सिगसिगी,
SQW,Sidhwalia,Bihar,26.3346,84.6678,osm,,
SQZ,Vanchanagiri,Telangana,17.9492,79.6703,osm,,
SR,Sabli Road,Gujarat,23.037,71.9558,osm,,
SRA,Semra,Bihar,26.7121,84.814,osm,,
SRANG,Sairang,Mizoram,23.79819,92.65123,osm,,
SRAS,Siras,Rajasthan,26.257,76.0008,osm,,
SRB,Sarobag,Bihar,25.2734,86.4766,datameet,,
SRBA,Saragbundia,Chhattisgarh,22.2138,82.7329,osm,,
SRBG,Sarobag,Bihar,25.2728,86.476,datameet,,
SRBR,Surbari,Gujarat,23.2305,70.697,osm,,
SRBZ,Seharabazar,West Bengal,23.1099,87.8044,osm,,
SRC,Santragachi Junction,West Bengal,22.5847,88.2831,osm,,
SRDH,Sarsadh,Haryana,29.185,76.7326,osm,,
SRDR,Sardarshahr,Rajasthan,28.4379,74.4785,osm,,
SRDW,Shrimad Dwarakapuri,Uttar Pradesh,27.3647,79.5696,datameet,,
SRE,Saharanpur Junction,Uttar Pradesh,29.9615,77.5412,osm,,
SREE,Sree,,,,,,
SRF,Sagar Jambagaru,Karnataka,14.1701,75.0235,osm,,ಸಾಗರ
SRGH,Surajgarh,Rajasthan,28.2979,75.7311,osm,,
SRGM,Srirangam,Tamil Nadu,10.8577,78.696,osm,,
SRGP,Saragipali,Odisha,20.9843,84.5639,osm,,
SRGR,Saraigarh,Bihar,26.2935,86.7377,osm,सरायगढ़,
SRGT,Surendranagar Gate,Gujarat,22.7349,71.6367,osm,,
SRI,Salmari,Bihar,25.6157,87.8376,osm,,
SRID,Shridham,Madhya Pradesh,23.0346,79.4848,osm,,
SRJ,Shankargarh,Uttar Pradesh,25.1804,81.6141,osm,,
SRJK,Suraj Kunda,Uttar Pradesh,26.1427,81.2029,datameet,,
SRJM,Sirjam,West Bengal,23.404,86.8357,osm,,
SRJN,Sirajnagar Halt,West Bengal,23.8222,88.2696,osm,,
SRK,Samrau,Rajasthan,26.8662,72.7211,datameet,,
SRKI,Semarkhedi,Madhya Pradesh,24.2805,78.1817,osm,,
SRKN,Sherekan,Rajasthan,29.5555,74.4343,osm,,
SRKR,Salar Khurd,Bihar,26.4474,84.2734,datameet,,
SRKT,Sarkantra,Odisha,20.2226,85.7896,osm,,
SRL,Sarola,Maharashtra,18.9391,74.6479,osm,,
SRM,Sarna,Punjab,32.2533,75.5784,osm,,
SRMN,Semraon,Bihar,25.3944,84.5263,osm,,
SRMP,Sirsi Mukhdampur,Uttar Pradesh,28.6344,78.6417,osm,,
SRMR,Srirampuram,Telangana,17.1177,79.2132,osm,,
SRMT,Sirmuttra,Rajasthan,26.5197,77.3754,osm,,
SRN,Soron,Uttar Pradesh,27.8837,78.7488,datameet,,
SRNK,Soron Shukar Kshetra,Uttar Pradesh,27.8838,78.7492,osm,,
SRNR,Sriramnagar,Telangana,16.3041,77.8677,osm,,
SRNT,Sarnath,Uttar Pradesh,25.3761,83.0326,osm,,
SRO,Sirathu,Uttar Pradesh,25.6489,81.3201,osm,,
SRP,Serampore,West Bengal,22.7546,88.3383,osm,,
SRPB,Srirampur Assam,Assam,26.4274,89.9049,osm,,
SRPJ,Swarupganj,Rajasthan,24.6598,72.9329,osm,,
SRPM,Siripuram,Andhra Pradesh,16.4145,80.2944,osm,,
SRPN,Sripani,Assam,27.5587,94.6326,osm,,
SRPR,Sarupsar Junction,Rajasthan,29.3549,73.7006,osm,,
SRPU,Sripur Halt,West Bengal,25.2564,88.0442,osm,श्रीपुर हॉल्ट,শ্রীপুর হল্ট
SRR,Shoranur Junction,Kerala,10.7596,76.2719,osm,,
SRRB,Shoranur B Cabin,Kerala,10.7599,76.271,datameet,,
SRRG,Surer,Rajasthan,27.191,76.6129,osm,,
SRSI,Sarsi,Bihar,25.8633,87.2852,osm,,
SRSL,Sirsala,Rajasthan,28.4267,75.1294,osm,,
SRSO,Sarsoo,Bihar,24.9198,85.3537,datameet,,
SRT,Sattur,Tamil Nadu,9.35823,77.9218,osm,,சாத்தூர்
SRTE,Soorothee,Rajasthan,26.6565,77.6964,osm,,
SRTL,Cherthala,Kerala,9.6912,76.3257,osm,,
SRTN,Sibsagar Town,Assam,26.9903,94.6432,osm,शिवसागर टाउन,শিৱসাগৰ টাউন
SRU,Salempur Junction,Uttar Pradesh,26.2978,83.9236,osm,,
SRUR,Sirpur Town,Telangana,19.4788,79.5607,osm,,
SRVN,Sravanur,Karnataka,12.7238,76.3015,osm,,ಶ್ರವಣೂರು
SRVT,Siruvattur,Tamil Nadu,11.6361,78.9417,osm,,
SRVX,Suravali,Goa,15.2913,73.9397,osm,,
SRW,Shri Karanpur,Rajasthan,29.8432,73.4584,osm,श्री करणपुर,
SRWN,Saraswati Nagar,Chhattisgarh,21.2522,81.6042,osm,सरस्वती नगर,
SRX,Suranussi,Punjab,31.3806,75.5426,osm,,
SRY,Sirari,Bihar,25.133,85.9532,osm,,
SRZ,Sardargarh,Rajasthan,29.3668,73.7486,osm,,
SS,Shirsoli,Maharashtra,20.9346,75.5089,osm,,
SSA,Sirsa,Haryana,29.5389,75.0357,osm,,
SSB,Shakurbasti,Delhi,28.6814,77.1276,osm,,
SSC,Shahi,Uttar Pradesh,28.5859,79.6858,osm,,
SSCR,Sonachara S,,,,,,
SSD,Shamsabad,Uttar Pradesh,27.4697,79.4381,osm,,
SSDT,Shamshabad Town,Uttar Pradesh,27.025,78.1269,osm,,
SSF,Sirsuphal,Maharashtra,18.3068,74.5736,osm,,
SSG,Shiu Sagar Road,Bihar,25.0002,83.896,osm,,
SSGJ,Sursaraighat Jhara,Madhya Pradesh,24.0267,82.1084,osm,,
SSGR,Sisai Gulabrai,Uttar Pradesh,26.2824,83.7769,datameet,,
SSI,Shirsai,Maharashtra,18.3148,74.5783,osm,,
SSIA,Suisa,West Bengal,23.1968,85.9086,osm,सुईसा,সুইসা
SSKA,Sisarka,Uttar Pradesh,28.4298,78.8482,osm,,
SSKL,Suskal,Gujarat,22.3141,73.8028,osm,सुस्काल,સુસ્કાલ
SSL,Sirsaul,Uttar Pradesh,26.2958,80.4641,osm,,
SSM,Sasaram Junction,Bihar,24.9565,84.0189,osm,,
SSN,Sason,Odisha,21.5594,84.0391,osm,साशन,ଶାସନ
SSNH,Sree Sharada Nagar,Karnataka,13.2612,76.4551,osm,,ಶಾರದಾನಗರ
SSNR,Satsang Nagar Halt,Jharkhand,24.4903,86.6817,datameet,,
SSNS,Shaheed Suraj Narayan Singh Halt,Bihar,26.2015,86.0442,osm,,
SSP,Santoshpur,West Bengal,22.5241,88.2711,osm,,
SSPD,Sadashivapet Road,Telangana,17.4835,77.8731,osm,,
SSPH,Satish Samanta,West Bengal,22.1931,87.99,osm,,
SSPN,Sri Satya Sai Prashanthi Nilayam,Andhra Pradesh,14.161,77.7589,osm,,
SSPR,Sadashibapur,Odisha,20.7357,85.5056,osm,,
SSR,Sareri,Rajasthan,25.6979,74.6243,osm,,
SSRD,Shasan Road,West Bengal,22.3472,88.4349,osm,,শাসন রোড
SSRH,Shasan Halt,Bihar,25.6867,86.1968,osm,,
SSU,Sasa Musa,Bihar,26.5249,84.359,osm,,
SSV,Sasvad Road,Maharashtra,18.4728,73.9545,osm,,
SSW,Sarsawa,Uttar Pradesh,30.0239,77.4239,osm,,
SSZ,Sadda Singh Wala,Punjab,30.0274,75.3244,osm,,
ST,Surat,Gujarat,21.205,72.8407,osm,सूरत,
STA,Satna Junction,Madhya Pradesh,24.5677,80.8287,osm,,
STB,Shantipur Junction,West Bengal,23.263,88.436,osm,,
STBB,Satberia Halt,West Bengal,23.0478,88.7914,osm,,
STBD,Sultanabad,Telangana,18.5204,79.3316,osm,,
STBJ,Sitabinji,Odisha,21.5002,85.7896,osm,,
STC,Santa Cruz,Maharashtra,19.0815,72.8418,osm,सांताक्रुज़,सांताक्रूझ
STD,Satrod,Haryana,29.1077,75.8215,osm,,
STDB,Sitafalmandi B,Telangana,17.4283,78.5203,datameet,,
STDR,Satadhar,Gujarat,21.2838,70.7211,osm,,
STE,Sagarakatte,Karnataka,12.4231,76.4786,osm,,ಸಾಗರಕಟ್ಟೆ
STF,Sikta,Bihar,27.0251,84.6812,osm,,
STH,Sethal,Uttar Pradesh,28.5414,79.563,osm,,
STJT,Sathajagat,Bihar,25.631,85.8679,osm,,
STKT,Sasthamkotta,Kerala,9.03146,76.601,osm,,
STKW,Sultanpur Kaliawas,Haryana,28.4605,76.8697,osm,,
STL,Simultala,Bihar,24.7141,86.542,osm,,
STLB,Sitalpur,West Bengal,21.7731,87.6708,osm,,
STLI,Sithouli,Madhya Pradesh,26.1465,78.1872,osm,,
STLR,Sitalpur,Bihar,25.7686,85.0362,osm,,
STM,Saint Thomas Mount,Tamil Nadu,12.9948,80.1994,osm,,
STN,Sitarampur,West Bengal,23.7235,86.8967,osm,,
STNC,Sitarampur Link Cabin,West Bengal,23.7459,86.8856,datameet,,
STNL,Satnali,Haryana,28.3817,75.9658,osm,,
STNR,Sital Nagar,Rajasthan,28.0441,74.2541,osm,,
STP,Sitapur Junction,Uttar Pradesh,27.5582,80.699,osm,,
STPD,Sitaphalmandi,Telangana,17.4273,78.5207,osm,,
STPM,S Narayanapuram,Andhra Pradesh,16.5255,80.6479,datameet,,
STPT,Sitampet,Andhra Pradesh,16.7978,81.2109,osm,,
STR,Satara,Maharashtra,17.6883,74.0632,osm,सातारा,
STRK,Kutchehari,Uttar Pradesh,27.5653,80.6872,osm,,
STRM,Sitaramapuram,Andhra Pradesh,16.4748,79.9218,osm,,
STSN,Shaitan Singh Nagar,Rajasthan,27.0517,72.4682,osm,,
STUR,Satulur,Andhra Pradesh,16.2545,80.1388,osm,,
STVA,Satyavada,Andhra Pradesh,16.7949,81.6685,osm,,
STW,Sahatwar,Uttar Pradesh,25.8278,84.2959,osm,सहतवार,
STZ,Satraon,Uttar Pradesh,26.283,83.82,osm,,
SUA,Sardiha,West Bengal,22.3813,87.1238,osm,,
SUAL,Saundal,Maharashtra,16.7017,73.6199,osm,,
SUBL,Hubballi South,Karnataka,15.3332,75.1754,osm,,
SUBR,Subhagpur,Uttar Pradesh,27.1728,81.9767,osm,सुभागपुर,
SUC,Sunak,Gujarat,23.6153,73.2494,osm,,
SUCH,Suchindram,Tamil Nadu,8.14928,77.4666,osm,,
SUD,Sudhani,Bihar,25.7279,87.8794,osm,सुधानी,
SUDV,Summadevi,Andhra Pradesh,18.795,84.4591,osm,,
SUF,Sesapani,Assam,26.3862,90.2257,datameet,,
SUH,Sulehalli,Karnataka,17.0801,77.0526,osm,,ಹಳೆ ಶಹಾಬಾದ್
SUI,Sui,Haryana,28.8695,76.0821,osm,,
SUIA,Suraincha,Uttar Pradesh,27.3274,80.8296,osm,,
SUJ,Sarju,Uttar Pradesh,27.1118,81.6351,osm,सरजू,
SUJH,Sujangarh,Rajasthan,27.7094,74.4643,osm,,
SUJR,Sujra,Uttar Pradesh,29.0127,77.2614,osm,,
SUK,Sukhpur,Gujarat,23.0148,71.2408,osm,,
SUKU,Suku,Odisha,18.715,82.7262,osm,,
SUL,Suldhal,Karnataka,16.0023,74.6781,osm,,ಸುಲದಾಳ
SULH,Sulhani,Punjab,30.8726,74.8646,osm,,
SUM,Summit,Maharashtra,20.2115,74.3439,osm,,
SUMR,Sumer,Madhya Pradesh,23.6254,77.8799,osm,,
SUNE,Sune,Gujarat,22.7538,71.6447,datameet,,
SUNM,Sunamai Halt,Uttar Pradesh,28.0217,78.1562,osm,,
SUNR,Surendranagar Junction,Gujarat,22.7444,71.6289,osm,,
SUNW,Surendra Nagar (W) Cabin,Gujarat,22.7349,71.6364,datameet,,
SUP,Shrungavarapukota,Andhra Pradesh,18.1169,83.1331,osm,श्रृंगवरपुकोटा,శృంగవరపుకోట
SUPP,S. Uppalapadu,Andhra Pradesh,14.9066,78.3872,osm,,
SUPR,Surajpur,Haryana,30.7806,76.89,osm,,
SUR,Solapur,Maharashtra,17.6645,75.8935,osm,सोलापुर,
SURI,Siuri,West Bengal,23.8904,87.5314,osm,,
SURL,Sureli,Rajasthan,26.1104,76.0849,osm,,
SURP,Suratpura Junction,Rajasthan,28.6621,75.407,osm,,
SURR,Surera,Haryana,29.403,74.6961,osm,,
SUT,Satlana,Rajasthan,25.9715,72.9528,osm,,
SUU,Sulur Road,Tamil Nadu,11.0495,77.1173,osm,,
SUW,Sukhi Sewaniya,Madhya Pradesh,23.3404,77.4854,osm,,
SUX,Sudiyur,Tamil Nadu,9.60048,78.486,osm,सूडियूर,சூடியூர்
SUZ,Subansiri,Assam,27.4541,94.244,osm,,
SV,Siwan Junction,Bihar,26.2107,84.3586,osm,,
SVA,Suwasra,Madhya Pradesh,24.07,75.6489,osm,सुवासरा,
SVB,Savni,Gujarat,20.9628,70.4494,osm,,
SVC,Siwan Kachari,Bihar,26.2258,84.3479,osm,,
SVD,Sarwari,Maharashtra,19.7646,75.9397,datameet,,
SVDC,Sivadevunichikkala,Andhra Pradesh,16.5365,81.6538,osm,,
SVDK,Shri Mata Vaishno Devi Katra,Jammu and Kashmir,32.983,74.935,osm,,
SVF,Sri Venkataperumal Rajupuram,Andhra Pradesh,13.5342,79.5326,osm,,
SVG,Savalgi,Karnataka,17.3397,76.7108,osm,,
SVGA,Sivaganga,Tamil Nadu,9.85524,78.5006,osm,शिवगंगा,சிவகங்கை
SVGL,Shrivagilu,Karnataka,12.7992,75.5949,osm,,
SVH,Sonadanga,West Bengal,23.638,88.3535,osm,,
SVHE,Sisvinhalli,Karnataka,15.4299,75.3196,osm,,ಶಿಶ್ವಿನಹಳ್ಳಿ
SVI,Sagarpali,Uttar Pradesh,25.758,84.1,osm,,
SVJR,Shivajinagar,Maharashtra,18.5326,73.8513,osm,,
SVK,Sivarakottai,Tamil Nadu,9.73987,77.9865,osm,,
SVKD,Savarkundla,Gujarat,21.3355,71.3131,osm,,
SVKS,Sivakasi,Tamil Nadu,9.4628,77.7891,osm,,
SVL,Sevaliya,Gujarat,22.8086,73.3478,osm,,
SVM,Sanvordem Curchorem,Goa,15.2641,74.1085,osm,,
SVN,Sivungaon,Maharashtra,19.1083,77.5445,osm,,
SVNR,Savanur,Karnataka,14.9631,75.407,osm,सवणूर,ಸವಣೂರು
SVO,Sanvrad,Rajasthan,27.5192,74.5185,osm,,
SVPI,Shivpuri,Madhya Pradesh,25.4381,77.6381,osm,,
SVPM,Sri Venkateswarapalem,Andhra Pradesh,14.8063,79.9823,osm,,
SVPR,Srivilliputtur,Tamil Nadu,9.49775,77.6451,osm,,
SVQ,Sivok,West Bengal,26.8804,88.4692,osm,सेबक,সেবক
SVR,Sevvapet Road,Tamil Nadu,13.1253,79.9661,osm,,
SVRP,Shivanarayanpur,Bihar,25.2944,87.3327,osm,शिवनारायणपुर,
SVS,Srinivasapura,Karnataka,13.3288,78.2067,osm,श्रीनिवासपुर,
SVT,Shivpura,Madhya Pradesh,23.2561,76.0072,osm,,
SVTN,Shivathan,Karnataka,15.4781,74.5228,osm,,
SVUR,Sevur,Tamil Nadu,12.9718,79.1901,osm,,
SVV,Srivaikuntam,Tamil Nadu,8.62274,77.9058,osm,,ஸ்ரீவைகுண்டம்
SVW,Shivni Shivapur,Maharashtra,20.6758,77.0481,osm,,
SVX,Sawarda,Maharashtra,17.4047,73.5152,osm,सावर्डा,
SVZ,Sarai Harkhu,Uttar Pradesh,25.8359,82.5063,datameet,,
SW,Sehramau,Uttar Pradesh,28.357,80.3003,osm,,
SWA,Sahjanwa,Uttar Pradesh,26.7637,83.2149,osm,,
SWAR,Sewar,Rajasthan,27.1778,77.4255,osm,,
SWC,Shivrampur,Uttar Pradesh,25.2203,80.8389,osm,,
SWD,Sanawad,Madhya Pradesh,22.1778,76.0738,osm,,
SWDE,Siwaha,Haryana,29.3369,76.4477,osm,,
SWE,Siwaith,Uttar Pradesh,25.577,81.8693,datameet,,
SWF,Sathin Road,Rajasthan,26.4963,73.5196,osm,,
SWG,Sidhwan,Punjab,31.0974,75.5374,osm,,
SWI,Swamimalai,Tamil Nadu,10.9422,79.3287,osm,,சுவாமிமலை
SWJ,Siajuli,Assam,27.3568,94.1196,osm,,
SWM,Sawai Madhopur Junction,Rajasthan,26.018,76.3565,osm,,
SWMD,Sawai Madhopur D,Rajasthan,26.0237,76.3624,datameet,,
SWNI,Siwani,Haryana,28.9153,75.6049,osm,,
SWNR,Sewa Nagar,Delhi,28.5789,77.2277,osm,सेवा नगर,
SWO,Sonwara,Himachal Pradesh,30.8944,77.0046,osm,,
SWPR,Sewapuri,Uttar Pradesh,25.3508,82.7692,osm,,
SWQ,Sangvi,Maharashtra,20.419,77.6019,osm,,
SWR,Sonua,Jharkhand,22.5762,85.4646,osm,,
SWRT,Sahawar,Uttar Pradesh,27.7892,78.8325,osm,,
SWS,Suwansa,Uttar Pradesh,25.6988,82.1466,datameet,,
SWT,Shivwala Tehu,Uttar Pradesh,27.3827,78.2237,osm,,
SWU,Sanaura,Punjab,31.5811,75.6408,osm,,
SWV,Sawantwadi Road,Maharashtra,15.8665,73.7851,osm,सावंतवाड़ी रोड,
SWW,Shahanagar Timarua,Uttar Pradesh,27.4165,78.2597,datameet,,
SWX,Saidanwala,Punjab,30.9066,74.6998,osm,,
SXA,Sagphata,Madhya Pradesh,21.5567,76.3924,osm,,
SXB,Sambre,Karnataka,15.8843,74.5772,osm,,ಸಂಬ್ರೆ
SXC,Sondalia,West Bengal,22.6818,88.5823,osm,,
SXD,Siduli,West Bengal,23.6485,87.2116,osm,,
SXE,Sila Kheri Halt,Haryana,29.3888,76.6097,osm,,
SXF,Sobhapur,Madhya Pradesh,22.7228,78.2809,osm,,
SXK,Shajahanpurcort,Uttar Pradesh,27.8909,79.9135,datameet,,
SXN,Sonakhan,Odisha,22.1663,84.5201,osm,,
SXO,Srikona,Assam,24.8371,92.7101,datameet,,
SXP,Sanko Para Halt,West Bengal,24.7178,87.9342,osm,,
SXQ,Suaheri,Uttar Pradesh,29.4368,78.1908,datameet,,
SXR,Serndanur,Tamil Nadu,11.8704,79.5175,osm,,
SXS,Shobhasan,Gujarat,23.5423,72.3942,datameet,,
SXT,Salem Town,Tamil Nadu,11.6601,78.162,osm,,
SXV,Suku,Odisha,18.715,82.7264,datameet,,
SXX,Salbari,West Bengal,26.5457,89.1048,osm,,
SXZM,Sopur,Jammu and Kashmir,34.258,74.4512,osm,सोपोर,
SY,Sirkazhi,Tamil Nadu,11.243,79.7284,osm,,சீர்காழி
SYA,Salaia,Madhya Pradesh,23.8471,79.9707,osm,,
SYAE,Liluah (sorting Yard),West Bengal,22.609,88.3368,datameet,,
SYC,Sarai Chandi,Uttar Pradesh,25.5394,81.98,osm,,
SYE,Sindewahi,Maharashtra,20.2967,79.6698,osm,,
SYF,Semai,Madhya Pradesh,26.2857,77.5239,osm,,
SYH,Saiyedpur Bhitri,Uttar Pradesh,25.5395,83.2331,osm,,
SYJ,Saidraja,Uttar Pradesh,25.2533,83.3516,osm,,
SYK,Saidkhanpur,Uttar Pradesh,26.8985,81.4622,datameet,,
SYL,Salpura,Rajasthan,24.7703,76.7343,osm,,
SYM,Savalyapuram Junction,Andhra Pradesh,16.1029,79.8202,osm,सावल्यपुरम,
SYN,Sayan,Gujarat,21.3175,72.89,osm,सायण,
SYO,Siroliya,Madhya Pradesh,23.3057,76.2259,osm,,
SYQ,Sinhan,Gujarat,22.2345,69.7305,osm,,
SYU,Sarayan,Uttar Pradesh,27.3795,81.0527,osm,,
SYW,Sindurwa,Uttar Pradesh,26.4921,81.5694,datameet,,
SYWN,Saiyid Sarawan,Uttar Pradesh,25.495,81.6138,datameet,,
SYZ,Sonai,Uttar Pradesh,27.571,77.8776,osm,,
SZ,Salawas,Rajasthan,26.1393,73.0141,osm,,
SZA,Sarotra Road,Gujarat,24.3791,72.596,osm,,
SZB,Sarona,Chhattisgarh,21.2532,81.5739,osm,सरोना,
SZE,Sonardih,Jharkhand,23.7908,86.2639,osm,,
SZF,Satbahini,Jharkhand,24.3753,83.8404,osm,सतबहिनी,
SZH,Saonga Halt,Madhya Pradesh,21.5201,78.8712,datameet,,
SZK,Surkhanda Ka Khera,Rajasthan,24.1188,73.8805,osm,,
SZM,Subzimandi,Delhi,28.6685,77.2005,osm,सब्जी मंडी,
SZN,Shahbaznagar,Uttar Pradesh,27.9224,79.8872,osm,शाहबाजनगर,
SZP,Shahjahanpur,Uttar Pradesh,27.8934,79.9045,datameet,,
SZR,Sarupathar,Assam,26.1952,93.8622,osm,,
SZV,Sivadi,Tamil Nadu,12.0399,78.1188,datameet,,
SZY,Silak Jhori,Chhattisgarh,18.9775,81.6709,osm,,
SZZ,Sabira,Odisha,21.2382,86.6313,osm,,
TA,Tanur,Kerala,10.9781,75.8815,osm,,താനൂര്‍
TAA,Tadlapusapalli,Telangana,17.626,79.9553,osm,,
TABU,Talaburu,Jharkhand,22.3483,85.7548,osm,तालाबुरु,
TAC,Taticherla,Andhra Pradesh,14.7463,77.5964,osm,,
TADA,Tada,Andhra Pradesh,13.5885,80.0361,osm,,తడ
TAE,Tadali Junction,Maharashtra,20.0347,79.1879,osm,,
TAK,Tarakeswar,West Bengal,22.8824,88.0142,osm,,
TAKL,Takal,Madhya Pradesh,21.6531,76.5345,osm,,
TAKU,Taku,Madhya Pradesh,22.4886,77.8196,osm,,
TALA,Tala,West Bengal,22.6063,88.3784,osm,,
TALL,Taal Junction,Bihar,25.3791,85.9549,osm,,
TAM,Tillaivilagam,Tamil Nadu,10.4434,79.5605,osm,,
TAN,Tarana Road,Madhya Pradesh,23.2642,76.0666,osm,,
TAO,Tamna,West Bengal,23.269,86.3524,osm,,
TAP,Tapang,Odisha,20.0516,85.58,osm,,
TAPA,Railway Station Tapa,Punjab,30.3031,75.3669,osm,,ਰੇਲਵੇ ਸਟੇਸ਼ਨ ਤਪਾ
TAR,Tharsa,Maharashtra,21.2563,79.4148,osm,,
TAS,Thasra,Gujarat,22.7977,73.2207,osm,,
TASA,Tippasandra,Karnataka,13.0551,77.1188,osm,,
TAT,Tummanamgutta,Andhra Pradesh,13.7118,78.3707,osm,,
TATA,Tatanagar,Jharkhand,22.7683,86.2011,osm,टाटानगर जंक्शन,
TATI,Tati,Jharkhand,22.5458,84.9159,osm,,
TAV,Talala Junction,Gujarat,21.0423,70.5228,osm,,
TAY,Talaiyuthu,Tamil Nadu,8.78425,77.7302,osm,,தாழையுத்து
TAZ,Targaon,Maharashtra,17.5143,74.1562,osm,,
TB,Tharbitia,Bihar,26.2191,86.658,osm,,
TBA,Timba Road,Gujarat,22.8087,73.3811,osm,,
TBAE,Tribeni,West Bengal,22.9903,88.3983,osm,,
TBB,Tilbhita,Jharkhand,24.6756,87.8427,osm,तिलभीटा,
TBD,Telibandha,Chhattisgarh,21.2365,81.6711,osm,तेलीबांधा,
TBH,Tatibahar,Assam,26.9803,93.8198,osm,,
TBL,Talchera Baroliran,Rajasthan,27.2067,77.1246,osm,,
TBM,Tambaram,Tamil Nadu,12.9258,80.1179,osm,,
TBMS,Tambaram Sanatorium,Tamil Nadu,12.937,80.1307,osm,,
TBN,Timarni,Madhya Pradesh,22.3763,77.2302,osm,,
TBR,Taiabpur,Bihar,26.3843,88.1607,osm,,
TBT,Talbahat,Uttar Pradesh,25.0392,78.4145,osm,,
TBTN,Thana Bhawan Town,Uttar Pradesh,29.5928,77.4112,osm,,
TBU,Therban,Maharashtra,19.274,77.6898,osm,,
TBV,Timbarva,Gujarat,21.1519,73.1676,osm,,
TBX,Tilbhum,Assam,24.4888,92.2719,osm,तिलभुम,
TCH,Tiruchchuli,Tamil Nadu,9.53774,78.1984,osm,,
TCL,Tyakal,Karnataka,12.9846,78.0711,osm,,
TCN,Tiruchendur,Tamil Nadu,8.50246,78.1173,osm,,திருச்செந்தூர்
TCNR,Tiruchanur,Andhra Pradesh,13.6314,79.4605,osm,,
TCR,Canara Bank,Kerala,10.5161,76.2085,osm,तृश्शूर;केनरा बैंक,
TCT,Ottankadu,Tamil Nadu,10.3445,79.2484,osm,,
TDD,Tadepalligudem,Andhra Pradesh,16.8102,81.5266,osm,ताड़ेपल्लीगुड़म,
TDH,Tindharia,West Bengal,26.8521,88.3333,osm,,
TDK,Taduku,Andhra Pradesh,13.4974,79.5303,osm,,
TDL,Tundla Junction,Uttar Pradesh,27.2081,78.233,osm,टूण्डला जंक्शन,
TDLE,Tildanga,West Bengal,24.7864,87.8735,osm,,
TDN,Tiruparankundram,Tamil Nadu,9.87909,78.0652,osm,,
TDO,Tanda Urmar,Punjab,31.6728,75.6376,osm,,
TDP,Todarpur,Uttar Pradesh,27.5812,80.019,osm,,
TDPM,Thodiyappulam,Kerala,11.1538,76.2687,osm,,
TDPR,Tiruppadirippuliyur,Tamil Nadu,11.7482,79.7541,osm,,திருப்பாதிரிபுலியூர்
TDR,Tiruvidaimarudur,Tamil Nadu,10.9916,79.4549,osm,,
TDU,Tandur,Telangana,17.2509,77.5841,osm,,
TDV,Thondebhavi,Karnataka,13.504,77.5149,osm,तोन्डे भावी,
TDW,Tandwal,Haryana,30.2339,76.9887,osm,,
TEA,Taregna,Bihar,25.3537,85.0372,osm,,
TEG,Tirbediganj,Uttar Pradesh,26.6675,81.2811,datameet,,
TEK,Tekkali,Andhra Pradesh,18.6044,84.2342,osm,,
TEL,Tenali Jn,Andhra Pradesh,16.2424,80.6404,datameet,,
TELI,Teli,Tamil Nadu,11.9331,79.4051,datameet,,
TELO,Telo,Jharkhand,23.8114,86.1342,osm,तेलो,
TELY,Telia,Bihar,24.9056,86.9765,osm,,
TEN,Tirunelveli Junction,Tamil Nadu,8.73122,77.7083,osm,,திருநெல்வேலி சந்திப்பு
TEO,Teegaon,Madhya Pradesh,21.6376,78.4603,osm,,
TEP,Tempa,Maharashtra,20.6783,79.6054,osm,,
TER,Thair,Maharashtra,18.3527,76.1501,osm,,
TERH,Terha Halt,Bihar,25.9923,84.85,osm,,
TET,Tetulmari,Jharkhand,23.8146,86.3432,osm,,
TETA,Telta,Bihar,25.8005,87.843,osm,तेलता,
TFGN,Tufanganj,West Bengal,26.3029,89.6656,osm,तुफानगंज,
TGA,Teghra,Bihar,25.5105,85.9417,osm,,
TGB,Tangarbansali,Jharkhand,23.3745,85.0606,osm,टाँंगरबंसली,
TGDE,Thangundi,Karnataka,16.8034,77.0679,osm,,ಠಾಣಗುಂದಿ
TGE,Thekeraguri,Assam,26.2061,92.4346,osm,,
TGH,Titagarh,West Bengal,22.7411,88.3746,osm,,
TGL,Tuggali,Andhra Pradesh,15.311,77.5302,osm,,
TGM,Tangarmunda,Odisha,22.0935,84.3591,osm,,
TGN,Talegaon,Maharashtra,18.7351,73.6721,osm,तलेगाँव,
TGP,Tuljapur,Maharashtra,20.8003,78.8076,osm,,
TGQ,Tenganmada,Chhattisgarh,22.5076,81.9955,osm,,
TGR2,Block And Catch Siding Cabine No.2,Maharashtra,19.7014,73.4999,datameet,,
TGR3,Block And Catch Siding Cabine No.3,Maharashtra,19.6745,73.486,datameet,,
TGRL,Tangiriapal,Odisha,21.1678,85.924,osm,,
TGT,Tinai Ghat,Karnataka,15.4487,74.4024,osm,,ತಿನೈಘಾಟ
TGU,Tarigoppula,Andhra Pradesh,16.4854,80.836,osm,,
TH,Tinich,Uttar Pradesh,26.8787,82.6479,osm,,
THA,Tehta,Bihar,25.1125,84.985,osm,,
THAN,Than,Gujarat,22.5784,71.2063,osm,,
THB,Thana Bihpur Junction,Bihar,25.3936,86.9357,osm,थानाबिहपुर,
THBN,Thana Bhawan,Uttar Pradesh,29.615,77.4201,osm,,
THDR,Thandla Road,Madhya Pradesh,22.9631,74.5893,osm,थांडला रोड,
THE,Thawe Junction,Bihar,26.4389,84.3941,osm,,
THEA,Thalera,Rajasthan,25.3156,75.7373,osm,,
THED,Tauheed,Bihar,26.0832,87.9296,osm,तौहीद,
THJ,Talheri Buzurg,Uttar Pradesh,29.767,77.6445,osm,,
THK,Thakurli,Maharashtra,19.2263,73.098,osm,ठाकुर्ली,
THKU,Talaku,Karnataka,14.4461,76.6751,osm,,ತಳಕು
THL,Tiruvalam,Tamil Nadu,12.975,79.2459,osm,,
THM,Thaiyat Hamira,Rajasthan,26.9933,71.0783,osm,,
THMA,Tham,Gujarat,21.7397,72.9415,osm,,
THMR,Thathana Mithri,Rajasthan,27.0551,74.8981,osm,,
THN,Tolahunse,Karnataka,14.3996,75.9645,osm,,ತೋಳಹುಣಸೆ
THO,Tulin,West Bengal,23.3787,85.902,osm,,
THP,Taherpur,West Bengal,23.26,88.5436,osm,,
THPR,Tippapur,Telangana,18.1939,78.3768,osm,,
THR,Thara,Madhya Pradesh,26.3563,77.8509,osm,,
THS,Thansit,Maharashtra,19.5503,73.3522,osm,तानशेत,
THSA,Thanisandra,Karnataka,13.0579,77.6355,datameet,,
THUR,Thuria,Madhya Pradesh,23.8356,75.5548,osm,,
THV,Therubali,Odisha,19.3356,83.4213,osm,,
THVM,Thivim,Goa,15.6299,73.877,osm,थिविम,
THW,Tharwai,Uttar Pradesh,25.5392,81.9146,osm,,
THX,Tovalai,Tamil Nadu,8.22791,77.5059,osm,,தோவாளை
THY,Thadi,Andhra Pradesh,17.6865,83.0667,osm,,
THZI,Takazhi,Kerala,,,,,
TI,Tiruninravur,Tamil Nadu,13.124,80.0297,osm,,
TIA,Tilaiya Junction,Bihar,24.8226,85.4037,osm,,
TIBI,Tibi,Rajasthan,29.5429,74.5017,osm,,
TIC,Timmachipuram,Tamil Nadu,10.9527,78.3725,osm,,
TID,Tagdi,Gujarat,22.2964,71.9481,osm,,
TIG,Titlagarh Junction,Odisha,20.2853,83.1536,osm,टिटिलागढ़ जंक्शन,ଟିଟିଲାଗଡ଼ ଜଙ୍କସନ
TIHU,Tihu,Assam,26.4716,91.2682,osm,,
TII,Tingrai,Assam,27.458,95.5601,osm,টিংৰাই,टिंगराई
TIK,Tik,Haryana,29.8501,76.5272,osm,,
TIL,Tilrath,Bihar,25.4422,86.0661,osm,,
TILA,Tila,Madhya Pradesh,24.8358,79.286,osm,,
TIM,Timmanacherla,Andhra Pradesh,15.1625,77.3951,osm,,
TIP,Tattapparai,Tamil Nadu,8.82776,78.0232,osm,तट्टप्पारै,தட்டப்பாரை
TIR,Tirur,Kerala,10.9178,75.9217,osm,,തിരൂർ
TIS,Tatisilwai,Jharkhand,23.3699,85.4366,osm,,
TISI,Tisi,Maharashtra,21.3829,74.3681,osm,,
TIT,Talit,West Bengal,23.2934,87.8189,osm,,
TIU,Tilaru,Andhra Pradesh,18.4702,84.0723,osm,तिलरु,
TIW,Tivari,Rajasthan,26.5552,72.8877,osm,,
TJ,Thanjavur Junction,Tamil Nadu,10.7782,79.1397,osm,,தஞ்சாவூர் சந்திப்பு
TJD,Tajpur Dehma,Uttar Pradesh,25.7282,83.9303,osm,,
TJH,Tejgadh,Gujarat,22.3487,73.8995,osm,तेजगढ़,તેજગઢ
TJM,Turinjapuram,Tamil Nadu,12.3173,79.0847,osm,,
TJNR,Taj Nagar,Haryana,,,,,
TJP,Tajpur,Madhya Pradesh,23.2168,75.9233,osm,,
TJW,Tejpurwa Halt,Bihar,25.9402,84.8202,osm,,
TK,Tumakuru,Karnataka,13.3339,77.102,osm,तुमकुर,ತುಮಕೂರು
TKA,Teharka,Madhya Pradesh,25.2942,78.9318,osm,,
TKB,Tupkadih,Jharkhand,23.7136,86.0638,osm,,
TKBG,Teka Bigha Halt,Bihar,25.4645,85.4891,osm,,
TKBN,T sakibanda,Andhra Pradesh,15.1627,77.1724,osm,,
TKC,Thakurkuchi,Assam,26.2336,91.9219,osm,,
TKD,Tughlakabad,Delhi,28.5034,77.297,osm,,
TKDC,Tuglakabad Cabin,Haryana,28.4589,77.303,datameet,,
TKE,Tarikere Junction,Karnataka,13.7115,75.8126,osm,,ತರೀಕೆರೆ
TKEC,Tuglakabad East Cabin,Delhi,28.5477,77.2765,datameet,,
TKF,Taki Road,West Bengal,22.5879,88.9159,osm,,
TKG,Thakurganj,Bihar,26.4275,88.129,osm,,
TKH,Thakurtota,Odisha,21.6524,86.9714,osm,,
TKHA,Takha,Uttar Pradesh,27.1357,78.7673,datameet,,
TKHE,Takarkhede,Maharashtra,21.0358,75.1644,osm,,
TKI,Takli,Maharashtra,20.8324,77.6569,osm,,
TKJ,Tilak Bridge,Delhi,28.6281,77.2374,osm,तिलक ब्रिज,
TKLB,Takli Bansali P.H.,Maharashtra,21.356,78.9915,osm,,
TKLE,Tikani,Bihar,25.108,86.9931,osm,,
TKLN,Tarrakalan,Madhya Pradesh,25.9843,76.9109,osm,,
TKMG,Tikamgarh,Madhya Pradesh,24.7666,78.8404,osm,,
TKMY,Taklimiya,Maharashtra,19.4578,74.6791,osm,,
TKN,Tankuppa,Bihar,24.7035,85.1198,osm,,
TKND,Trivikramdeo Nagar,Bihar,26.3024,84.7093,osm,,
TKNR,Thakurnagar,West Bengal,22.9247,88.7778,osm,,
TKO,Takkolam,Tamil Nadu,13.0244,79.6775,osm,,
TKOT,Tokkuttu,Karnataka,12.8223,74.8575,osm,,ತೊಕ್ಕೊಟ್ಟು
TKP,Takipur,West Bengal,24.3052,87.9072,osm,,
TKPH,Takipur Halt,West Bengal,22.8655,87.9277,osm,,
TKPL,Tikirapal,Odisha,21.5362,86.945,osm,,
TKPY,Turkapalli,Andhra Pradesh,15.0873,77.6281,osm,,
TKQ,Trikaripur,Kerala,12.1429,75.1755,osm,,തൃക്കരിപ്പൂർ
TKR,Takari,Maharashtra,17.133,74.3582,osm,,
TKRA,Tikra,West Bengal,21.6671,87.5347,osm,,
TKRI,Tikiri,Odisha,19.1769,83.0982,osm,,
TKRP,Tikauli Rawatpur,Uttar Pradesh,26.399,80.6132,datameet,,
TKRU,Takhrau,Uttar Pradesh,27.2742,79.2125,datameet,,
TKS,Tokisud,Jharkhand,23.6786,85.239,osm,,
TKT,Tikkotti,Kerala,11.4898,75.6263,osm,,
TKTB,Thakurbari,Assam,26.7972,92.7,osm,ठाकुरबाड़ी रेलवे स्टेशन,
TKU,Tanakallu,Andhra Pradesh,13.9225,78.201,osm,,
TKUR,Tappa Khajuria,Uttar Pradesh,27.5805,80.776,osm,,
TKVR,Tappa Khajuriay,Bihar,25.8074,84.6889,datameet,,
TKW,Thakurvadi,Maharashtra,18.8529,73.3533,datameet,,
TKWD,Tikekarwadi,Maharashtra,17.6155,75.9337,osm,,
TKYR,Tikaria,Uttar Pradesh,25.0006,80.8747,osm,,
TL,Tilonia,Rajasthan,26.6531,74.9346,osm,,
TLA,Titwala,Maharashtra,19.2964,73.2031,osm,टिटवाला,
TLAM,Tulsi Ashram,Uttar Pradesh,25.3421,83.3512,osm,,
TLB,Telwa Bazar Halt,Bihar,24.6945,86.5572,osm,,
TLC,Talchhapar,Rajasthan,27.8261,74.4872,osm,,
TLD,Tilda-Neora,Chhattisgarh,21.5507,81.7949,osm,,
TLE,Talgaria,Jharkhand,23.6814,86.3357,osm,तालगड़िया,
TLG,Tollygunge,West Bengal,22.5078,88.3477,osm,,
TLGP,Talaguppa,Karnataka,14.2143,74.9144,osm,,ತಾಳಗುಪ್ಪ
TLGR,Tulsi Nagar,Uttar Pradesh,26.2151,82.6517,datameet,,
TLH,Tilhar,Uttar Pradesh,27.9728,79.742,osm,,
TLHD,Talcher Road Junction,Odisha,20.8868,85.2083,osm,,
TLHR,Talcher,Odisha,20.9322,85.2006,osm,,
TLI,Talwara Jhil,Rajasthan,29.5118,74.5871,osm,,
TLJ,Taljhari,Jharkhand,25.0828,87.7423,osm,तालझारी,
TLKH,Talakhajuri,Uttar Pradesh,26.1772,81.7365,osm,,
TLL,Talap,Assam,27.6731,95.5632,osm,तालाप,
TLM,Tirusulam,Tamil Nadu,12.9805,80.1658,osm,,
TLMD,Trilochan Mahadeo,Uttar Pradesh,25.5665,82.8039,osm,,
TLMG,Talmadugu,Telangana,19.6415,78.3962,osm,,
TLMR,Teliamura,Tripura,23.8616,91.6183,osm,,
TLN,Talni,Maharashtra,20.7543,78.2302,osm,,
TLNH,Tilaunchi,Uttar Pradesh,26.3326,80.007,osm,,
TLNR,Talanallur,Tamil Nadu,11.4697,79.2693,osm,,
TLO,Talandu,West Bengal,23.0108,88.3453,osm,,
TLPH,Talpur Halt,West Bengal,22.8753,87.9746,osm,,
TLR,Tulsipur,Uttar Pradesh,27.5319,82.409,osm,तुलसीपुर,
TLRA,Talara,Himachal Pradesh,32.2393,75.9042,osm,,
TLS,Betta Halasuru,Karnataka,13.1661,77.6043,osm,,ಬೆಟ್ಟಹಲಸೂರು
TLT,Tilati,Maharashtra,17.529,76.0359,osm,,
TLTM,Talcher Thermal,Odisha,20.9105,85.2142,datameet,,
TLU,Tarlupadu,Andhra Pradesh,15.6564,79.2091,osm,,
TLV,Talvadiya Junction,Madhya Pradesh,21.9278,76.4446,osm,,
TLWA,Thalwara,Bihar,26.0727,85.8975,osm,,
TLX,Taldi,West Bengal,22.3428,88.6112,osm,,
TLY,Thalassery,Kerala,11.7539,75.4923,osm,,
TLZ,Talavli,Rajasthan,23.9032,75.5976,osm,,
TMA,Tamuria,Bihar,26.2457,86.3528,osm,,
TMB,Temburu,Andhra Pradesh,18.6335,84.1266,osm,,
TMC,Talamanchi,Andhra Pradesh,14.6065,79.9979,osm,,
TMD,Talmadla,Telangana,18.2395,78.3574,osm,,
TME,Tuti Melur,Tamil Nadu,8.80819,78.1471,osm,तूत्ति मेलुर,துத்தி மேலூர்
TMGN,Thamla Mogana,Rajasthan,24.8717,73.9367,osm,,
TMH,Tin Mile Hat,West Bengal,26.4125,88.2568,osm,तिनमाइल हाट,
TMKA,Tomka Jn.,Odisha,21.1077,85.9762,osm,,
TMLP,Tirumalpur,Tamil Nadu,12.9566,79.6738,osm,,திருமால்பூர்
TMLU,Tummalacheruvu,Andhra Pradesh,16.5288,79.8016,osm,,
TMP,Tamaraipadi,Tamil Nadu,10.4007,78.0419,osm,,
TMPM,Timmapuram,Andhra Pradesh,17.2879,82.449,osm,,
TMPT,Tirumalairayanpattinam,Puducherry,10.8766,79.8399,osm,,
TMPY,Tumboli,Kerala,9.5191,76.3219,osm,,
TMQ,Tirumangalam,Tamil Nadu,9.82424,77.99,osm,तिरुमंगलम,
TMR,Tumsar Road Junction,Maharashtra,21.3422,79.7511,osm,तुमसर रोड,
TMS,Tumsar Town,Maharashtra,21.3834,79.7414,osm,,
TMT,Timtala,Maharashtra,20.8125,77.7954,osm,,
TMU,Tirumanthikunam,Tamil Nadu,10.767,79.5402,osm,,
TMUR,Tenua Dumaria Halt,Bihar,25.8283,84.7597,osm,,
TMV,Tindivanam,Tamil Nadu,12.2292,79.6515,osm,तिण्डिवनम,
TMVL,Thirumullaivoyal,Tamil Nadu,13.1153,80.1371,osm,,
TMX,Timmapur,Telangana,17.1691,78.289,osm,,
TMZ,Tamluk,West Bengal,22.2747,87.9201,osm,,
TMZJ,Tmzj,West Bengal,22.2467,87.9335,datameet,,
TN,Tuticorin,Tamil Nadu,8.806,78.1553,osm,तूत्तुक्कुडि,தூத்துக்குடி
TNA,Thane,Maharashtra,19.1865,72.9758,osm,ठाणे,
TNDE,Thanesar City,Haryana,29.9669,76.8248,osm,,
TNDN,Thandoni,Tamil Nadu,10.9365,78.1085,datameet,,
TNGI,Tungi Halt,Bihar,25.172,85.5272,datameet,,
TNGL,Toranagallu Junction,Karnataka,15.2029,76.6631,osm,,ತೊರಣಗಲ್ಲು
TNGM,Tondalagopavaram,Telangana,16.8679,80.4307,osm,,తొండలగోపవరం
TNGR,Thonganur,Tamil Nadu,12.0822,78.3589,osm,तोंगनूर,
TNH,Tinkheda,Maharashtra,21.4077,78.5235,osm,,
TNI,Tandarai,Tamil Nadu,12.1119,79.1554,osm,,
TNJE,Tentulla,Jharkhand,23.7908,86.2781,osm,,
TNJR,Tajnagar,Haryana,28.3856,76.8259,osm,,
TNK,Tirunellikaval,Tamil Nadu,10.6531,79.6365,osm,,
TNKU,Tanuku,Andhra Pradesh,16.7523,81.674,osm,,
TNL,Tangla,Assam,26.6572,91.9052,osm,,
TNLR,Thondaimanallur,Tamil Nadu,10.6235,78.7461,datameet,,
TNM,Tiruvannamalai,Tamil Nadu,12.2385,79.0779,osm,,திருவண்ணாமலை
TNNH,Tapaswinarayan Nagar Halt,Bihar,26.6316,85.4459,datameet,,
TNO,Tundu,Jharkhand,23.7879,86.2488,osm,,
TNP,Tondiarpet,Tamil Nadu,13.1275,80.2819,osm,तोंदिअर्पेट,
TNPR,Tejnarayanpur,Bihar,25.3393,87.711,osm,,
TNR,Tanguturu,Andhra Pradesh,15.3377,80.0335,osm,,
TNRI,Teneri Halt,Bihar,25.3122,85.0247,osm,,
TNRU,Tenneru,Andhra Pradesh,16.488,80.8161,osm,,
TNT,Tinnappatti,Tamil Nadu,11.8124,78.0983,osm,तिन्नाप्पाट्टि,
TNU,Tirunettur,Kerala,9.93424,76.3085,osm,,
TNUE,Tindauli,Uttar Pradesh,27.1813,78.9163,osm,,
TNW,Thapar Nagar,Jharkhand,23.769,86.7015,osm,,
TNX,Tarak Nagar,West Bengal,23.3802,88.6805,osm,,
TO,Thiruvalangadu,Tamil Nadu,13.0904,79.7634,osm,,
TOD,Talod,Gujarat,23.3513,72.9478,osm,,
TOI,Tamkuhi Road,Uttar Pradesh,26.7242,84.2279,osm,तमकुही रोड,
TOK,Thokur,Karnataka,12.9634,74.8295,osm,,ತೋಕೂರು
TOM,Tondamanpatti,Tamil Nadu,10.7861,78.8226,osm,,
TOP,Tapasi,,,,,,
TOR,Titur,Maharashtra,21.0594,79.289,datameet,,
TORA,Torniya,Gujarat,21.4403,70.5455,osm,,
TORI,Tori Junction,Jharkhand,23.6812,84.7401,osm,टोरी जंक्शन,
TOS,Tolasampatti,Tamil Nadu,11.7615,77.9805,osm,,
TOU,Telaprolu,Andhra Pradesh,16.5987,80.8905,osm,,
TP,Tiruchchirapalli Fort,Tamil Nadu,10.8257,78.689,osm,,திருச்சிராப்பள்ளி கோட்டை
TPB,Trilokpur,Uttar Pradesh,27.5067,82.709,osm,,
TPC,Tiruppachetti,Tamil Nadu,9.77378,78.3447,osm,,
TPE,Tiruchchirappalli Palakarai,Tamil Nadu,10.8078,78.6942,osm,,திருச்சிராப்பள்ளி பாலக்கரை
TPF,Tarapith Road,West Bengal,24.1265,87.7522,datameet,,
TPG,Tipling,Assam,27.0466,93.8327,osm,,
TPH,Tinpahar Junction,Jharkhand,24.9966,87.7435,osm,तीनपहाड़ जंक्शन,
TPJ,Tiruchchirappalli Junction,Tamil Nadu,10.7943,78.6853,osm,,
TPK,Tipkai,Assam,26.2873,90.0323,osm,टिपकाइ,
TPKR,Tikiapara,West Bengal,22.5986,88.324,osm,,
TPM,Totiyapalayam,Tamil Nadu,11.292,77.6812,osm,,
TPN,Tapona,Maharashtra,20.342,77.8645,osm,,
TPND,Taloje Panchanand,Maharashtra,19.0791,73.0879,osm,तलोजे पंचानन्द,तळोजे पंचानंद
TPNI,Tuiya Pani,Madhya Pradesh,22.5603,80.0101,datameet,,
TPO,Tantpur,Uttar Pradesh,26.8385,77.4816,osm,,
TPP,Toppur,Tamil Nadu,11.9316,78.0701,osm,,
TPPI,Tipparthi,Telangana,17.0058,79.4239,osm,,
TPQ,Tokapal,Chhattisgarh,19.0068,81.8785,osm,,
TPT,Tirupattur,Tamil Nadu,12.4984,78.5618,osm,तीरुपत्तुर,திருப்பத்தூர்
TPTN,Tiruchchirappalli Town,Tamil Nadu,10.8293,78.703,osm,,
TPTY,Tirupati,Andhra Pradesh,13.6283,79.4195,osm,तिरुपति,
TPU,Tanakpur,Uttarakhand,29.0674,80.1095,osm,,
TPV,Tinpheria,Uttar Pradesh,26.6189,84.2922,datameet,,
TPW,Tirupati West,Andhra Pradesh,13.6249,79.4053,osm,,
TPY,Tadikalapudi,Telangana,17.5162,80.4647,osm,,
TPZ,Tapri Junction,Uttar Pradesh,29.9159,77.5836,osm,,
TQA,Takia,Uttar Pradesh,26.3113,80.7816,osm,,
TQL,Theh Qalandar,Punjab,30.4642,74.088,osm,,
TQM,Telem,Assam,27.766,95.0039,osm,,
TQN,Tikunia,Uttar Pradesh,28.3783,80.9815,osm,तिकुनियाँ,
TQR,Tektar,Bihar,26.2758,85.8463,datameet,,
TR,Tarur,Maharashtra,20.0244,74.6479,osm,,
TRA,Tangra,Punjab,31.5725,75.1219,osm,,
TRAN,Torang,West Bengal,23.2713,85.8589,osm,,
TRB,Tiruverumbur,Tamil Nadu,10.7875,78.7766,osm,,திருவெறும்பூர்
TRBE,Tarabari,Assam,26.4298,92.6947,osm,,
TRDI,Tirodi,Madhya Pradesh,21.6801,79.7167,osm,तिरोड़ी,
TRE,Tikri,Uttar Pradesh,26.9414,82.1888,osm,,
TRF,Taropa,Gujarat,21.8511,73.4361,osm,,
TRG,Tarighat,Uttar Pradesh,25.5514,83.6145,osm,,
TRJ,Tariasujan,Uttar Pradesh,26.654,84.2712,osm,,
TRK,Tirukkovilur,Tamil Nadu,11.9757,79.2235,osm,,
TRKR,Turekala Road,Odisha,20.5626,82.8142,osm,,
TRL,Tiruvallur,Tamil Nadu,13.1162,79.9122,osm,,
TRM,Tirunageswaram,Tamil Nadu,10.9758,79.4292,osm,,திருநாகேஸ்வரம்
TRMN,Taramani,Tamil Nadu,12.9787,80.2416,osm,,தரமணி
TRN,Taraon,Uttar Pradesh,25.5259,83.3108,osm,,
TRO,Tirora,Maharashtra,21.414,79.9166,osm,,
TRP,Tarapur,Gujarat,22.466,72.6712,osm,,
TRPL,Tripal,Himachal Pradesh,32.0096,76.2006,osm,,
TRR,Taraori,Haryana,29.7978,76.938,osm,,
TRS,Tarsarai,Bihar,26.1942,86.0134,osm,,
TRSR,Tarsai,Gujarat,21.7663,69.8495,osm,,
TRT,Tiruttani,Tamil Nadu,13.1793,79.6122,osm,,
TRTR,Tripunittura,Kerala,9.94977,76.3526,osm,,
TRVL,Thiruvalla,Kerala,9.39257,76.5798,osm,,
TRVZ,Tiruvizha,Kerala,9.64245,76.3264,osm,,
TRW,Tarsod,Maharashtra,21.0252,75.6093,osm,,
TRWT,Taravata,Madhya Pradesh,24.737,77.3792,osm,,
TRX,Tirumani,Tamil Nadu,12.6659,79.9892,osm,,
TRZ,Tolra,Jharkhand,24.1803,83.9284,osm,,
TSA,Tisua,Uttar Pradesh,28.1358,79.5862,osm,टिसुआ,
TSAH,Tata Sijua Halt,Jharkhand,23.7745,86.3313,osm,,
TSD,Tahsil Bhadra,Rajasthan,29.1018,75.1613,osm,,
TSF,Tahsil Fatehpur,Uttar Pradesh,27.1685,81.204,osm,,
TSG,Sitapur City (thomasganj),Uttar Pradesh,27.5699,80.6903,datameet,,
TSI,Tenkasi Junction,Tamil Nadu,8.96449,77.3062,osm,,
TSK,Tinsukia Junction,Assam,27.4868,95.3577,osm,,
TSKG,Tinsukia Goods,,,,,,
TSL,Taksal,Himachal Pradesh,30.8449,76.954,osm,,
TSR,Tsunduru,Andhra Pradesh,16.1567,80.5858,osm,,
TSS,Tallisaida Sahu,Punjab,31.0322,74.7468,osm,,
TT,Titte,Tamil Nadu,10.8376,79.1818,osm,,
TTB,Titabar,Assam,26.6025,94.2012,osm,तिताबर,তিতাবৰ
TTI,Turtipar,Uttar Pradesh,26.1614,83.8917,osm,,
TTL,Tiruttangal,Tamil Nadu,9.47741,77.8109,osm,,
TTLA,Tetelia,Assam,26.1259,92.0216,osm,তেতেলিয়া,
TTN,Tulsitanr,Jharkhand,24.569,86.6144,osm,,
TTO,Tarn Taran Junction,Punjab,31.455,74.9323,osm,तरन तारन,
TTP,Thiruthuraipundi Junction,Tamil Nadu,10.5386,79.6348,osm,,
TTPT,Talcher Thermal,Odisha,20.9047,85.2168,osm,,
TTQ,Thathankulam,Tamil Nadu,8.62988,77.8411,osm,,
TTR,Tiptur,Karnataka,13.2558,76.4756,osm,तिपटूर,ತಿಪಟೂರು
TTU,Tettu,Andhra Pradesh,15.0431,80.0056,osm,,
TTW,Titwa,Madhya Pradesh,21.996,80.139,osm,,
TTZ,Thukaithad,Madhya Pradesh,21.4277,76.6706,osm,,
TU,Tadipatri,Andhra Pradesh,14.9085,77.9774,osm,ताडिपत्रि,
TUA,Tirunnavaya,Kerala,10.875,75.9853,osm,,
TUD,Talodhi Road,Maharashtra,20.4539,79.7366,osm,,
TUG,Thalangai,Tamil Nadu,13.0086,79.447,osm,,
TUJ,Tanijan Halt,Assam,27.1293,93.8987,osm,,
TUL,Tiraldih,Jharkhand,23.1348,85.9291,osm,तिरुलडीह,
TUN,Tohana,Haryana,29.7264,75.9028,osm,,
TUNG,Tung,West Bengal,26.9225,88.2956,osm,,
TUNI,Tuni,Andhra Pradesh,17.361,82.5433,osm,,
TUP,Tiruppur,Tamil Nadu,11.1082,77.3399,osm,,
TUR,Turki,Bihar,26.0344,85.3547,datameet,,
TUV,Tuvvur,Kerala,11.1197,76.2832,osm,,
TUVR,Turavur,Kerala,9.77493,76.3103,osm,,
TUWA,Tuwa,Gujarat,22.8003,73.4661,osm,,
TUX,Tunia,Jharkhand,22.5448,85.4288,osm,,
TUY,Thiruthuraiyur,Tamil Nadu,11.8242,79.5349,osm,,
TVC,Thiruvananthapuram Central,Kerala,8.48702,76.9526,osm,तिरुवनंतपुरम सेंट्रल,
TVCN,Thiruvananthapuram North,Kerala,8.51033,76.89705,osm,,
TVG,Tavargatti,Karnataka,15.4146,74.6625,osm,,ತಾವರಗಟ್ಟಿ
TVI,Taradevi,Himachal Pradesh,31.0762,77.1397,osm,,
TVL,Tadwal,Maharashtra,17.393,75.976,osm,,
TVN,Tiruppuvanam,Tamil Nadu,9.82182,78.2595,osm,,
TVNL,Tiruvennainallur Road,Tamil Nadu,11.8413,79.413,osm,,
TVP,Thiruvananthapuram Pettah,Kerala,8.49503,76.9318,osm,,
TVR,Thiruvarur Junction,Tamil Nadu,10.765,79.6337,osm,,
TVS,Talaivasal,Tamil Nadu,11.5969,78.7511,osm,,
TVT,Tiruvottiyur,Tamil Nadu,13.1586,80.2962,osm,,
TVTN,Thambavati Nagri,Rajasthan,24.9685,74.6947,osm,,
TWB,Talwandi,Punjab,30.8609,74.9242,osm,,
TWG,Twining Ganj,Bihar,25.569,84.2181,osm,,
TWI,Tolewahi,Maharashtra,20.0166,79.6047,osm,,
TWL,Tilwara,Rajasthan,25.8858,72.1092,osm,,
TWV,Thuwavi,Gujarat,22.1721,73.3545,osm,थुवावी,થુવાવી
TXD,Tyada,Andhra Pradesh,18.2173,83.0426,osm,,
TXM,Tandavapura,Karnataka,12.1694,76.6775,osm,,ತಾಂಡವಪುರ
TY,Tulukapati,Tamil Nadu,9.45912,77.9336,osm,,
TYAE,Tenya,West Bengal,23.8235,88.1498,osm,,
TYM,Tirumayam,Tamil Nadu,10.2409,78.7588,osm,,திருமயம்
TYMR,Tiruvanmiyur,Tamil Nadu,12.989,80.2516,osm,,திருவான்மியூர்
TYT,Tirunelveli Town,Tamil Nadu,8.72009,77.6869,osm,,
TZD,Tozhuppedu,Tamil Nadu,12.3689,79.7847,osm,,
TZH,Thakazhi,Kerala,9.37073,76.4091,osm,,
TZR,Turki,Madhya Pradesh,24.5479,81.1379,osm,,
TZTB,Tezpore,Assam,26.6178,92.7878,datameet,,
UA,Upleta,Gujarat,21.7467,70.2821,osm,,
UAA,Uppala,Kerala,12.6704,74.9065,osm,उप्पला,ഉപ്പള
UAM,Udhagamandalam,Tamil Nadu,11.4052,76.6963,osm,,உதகமண்டலம்
UAR,Unawa Aithor,Gujarat,23.7531,72.3856,osm,,
UB,Uska Bazar,Uttar Pradesh,27.1931,83.1161,osm,उसका बाज़ार,
UBC,Ambala City,Haryana,30.3781,76.7646,osm,,
UBCN,Ulhas Bridge Cabin,Maharashtra,19.2462,73.0695,datameet,,
UBL,Hubballi,Karnataka,15.3501,75.1495,osm,,
UBN,Ubarni,Uttar Pradesh,26.1182,81.1636,datameet,,
UBR,Umbergaon Road,Gujarat,20.1538,72.7906,osm,,
UCA,Uchana,Haryana,29.4667,76.1786,osm,,
UCB,Unchi Bassi,Punjab,31.8624,75.6429,osm,,
UCH,Unchaulia,Uttar Pradesh,27.8103,80.0683,osm,,
UCP,Uchippuli,Tamil Nadu,9.30883,79.0124,osm,उच्चिप्पुलि,உச்சிப்புளி
UCR,Unchahar Junction,Uttar Pradesh,25.9032,81.2999,osm,,
UD,Udupi,Karnataka,13.3361,74.7708,osm,उड़ुपी,ಉಡುಪಿ
UDGR,Udgir,Maharashtra,18.3909,77.1099,osm,,
UDK,Udiyan Khedi,Madhya Pradesh,23.671,76.6288,osm,,
UDKN,Udaypur Khurd,Uttar Pradesh,28.4862,80.1784,datameet,,
UDL,Andal Junction,West Bengal,23.579,87.1815,osm,अण्डाल जंक्षन,
UDLE,Andal-East/cabin,West Bengal,23.5717,87.1997,datameet,,
UDLW,Andal West Cabin,West Bengal,23.584,87.1688,datameet,,
UDM,Undasa Madhapur,Madhya Pradesh,23.0924,75.9724,osm,,
UDMR,Udi More Junction,Uttar Pradesh,26.7289,78.9511,osm,,
UDN,Udhna Junction,Gujarat,21.1704,72.851,osm,उधना जंक्शन,
UDPR,Udaipura,Uttar Pradesh,24.7755,78.653,osm,,
UDPU,Udaipur,Tripura,23.5105,91.4799,osm,,
UDR,Amdara,Madhya Pradesh,24.0995,80.5778,osm,,
UDS,Udasar,Rajasthan,28.36,74.4909,osm,,
UDT,Udumalaippettai,Tamil Nadu,10.5793,77.2504,osm,उडूमलईपेट्टई,உடுமலைப்பேட்டை
UDX,Urdauli,Uttar Pradesh,27.6329,80.514,datameet,,
UDZ,Udaipur City,Rajasthan,24.5675,73.6996,osm,,
UGD,Uppugunduru,Andhra Pradesh,15.6501,80.1935,osm,,
UGN,Ugaon,Maharashtra,20.1235,74.1397,osm,,
UGNA,Ugna,Bihar,26.2385,86.0953,osm,,
UGP,Ugarpur,Uttar Pradesh,27.3504,79.5068,osm,,
UGR,Ugar Khurd,Karnataka,16.6701,74.821,osm,,ಉಗಾರ ಖುರ್ದ
UGU,Ugu,Uttar Pradesh,26.8043,80.2994,datameet,,
UGWE,Ugwe,Maharashtra,20.8059,77.0092,osm,,
UHL,Una Himachal,Himachal Pradesh,31.4787,76.2751,osm,ऊना हिमाचल,
UHR,Unchhera,Madhya Pradesh,24.3808,80.7942,osm,,
UIH,Umaria Isra,Madhya Pradesh,22.0548,79.0878,osm,,
UJ,Ujalvav,Gujarat,21.9052,71.705,osm,,
UJA,Unjha,Gujarat,23.7968,72.3819,osm,,ઉંઝા
UJH,Ujhani,Uttar Pradesh,27.9951,79.0153,osm,उझानी,
UJJN,Ujjain Jn,Madhya Pradesh,23.1782,75.7814,datameet,,
UJN,Ujjain Junction,Madhya Pradesh,23.1795,75.7819,osm,,
UJNC,Ujn C Cabin,Madhya Pradesh,23.1845,75.8012,datameet,,
UJP,Ujiyarpur,Bihar,25.7803,85.8007,osm,,
UKA,Ukhra,West Bengal,23.6539,87.2336,osm,,
UKC,Ukshi,Maharashtra,17.1302,73.4569,osm,,
UKD,Ulindakonda,Andhra Pradesh,15.6524,77.9685,osm,,
UKE,Uttar Kathani,Assam,26.9371,93.7918,osm,,
UKH,Ukhali,Maharashtra,18.9106,76.6039,osm,,
UKL,Uttukuli,Tamil Nadu,11.155,77.4456,osm,,
UKLR,Ukilerhat,West Bengal,21.8247,88.2302,osm,,উকিলেরহাট
UKN,Uklana,Haryana,29.5004,75.8824,osm,,
UKR,Udalkachar,Chhattisgarh,23.2897,82.2657,osm,,
UKV,Uttamar Kovil,Tamil Nadu,10.8775,78.7023,osm,,
ULA,Umra Nala,Madhya Pradesh,21.8756,78.8806,osm,,
ULB,Uluberia,West Bengal,22.4722,88.0938,osm,उलुबेरिया,
ULD,Achhalda,Uttar Pradesh,26.7021,79.4042,osm,,
ULG,Udalguri,Assam,26.7446,92.0972,osm,,
ULL,Ullal,Karnataka,12.7924,74.8549,osm,उल्लाल,ಉಳ್ಳಾಲ
ULM,Urlam,Andhra Pradesh,18.4347,83.9893,osm,उर्लाम,
ULN,Ulna Bhari,Uttar Pradesh,26.6322,82.3192,datameet,,
ULNR,Ulhasnagar,Maharashtra,19.2179,73.1631,osm,उल्हासनगर,
ULR,Ultadanga Road,,,,,,
ULT,Kulti,West Bengal,23.7381,86.8485,osm,कुलटी,
ULTL,Kulti Link Cabin,West Bengal,23.7346,86.8655,datameet,,
ULU,Ulundurpet,Tamil Nadu,11.702,79.3182,osm,,
UM,Umardashi,Gujarat,24.1,72.4204,osm,,ઉમરદશી
UMB,Ambala Cantonment Junction,Haryana,30.3382,76.8287,osm,,
UMD,Dharashiv,Maharashtra,18.2478,76.0229,osm,,
UMED,Umed,Rajasthan,26.5492,73.606,osm,,
UMG,Uttangalmangalam,Tamil Nadu,11.5401,79.4312,osm,,
UMH,Umreth,Gujarat,22.6931,73.1195,osm,,
UML,Umalla,Gujarat,21.7918,73.2958,osm,उम्माला,
UMM,Umram,Telangana,19.6619,78.4377,osm,,
UMN,Aambliyasan Junction,Gujarat,23.4497,72.4224,osm,,
UMNF,Ambliyasan Jn,Gujarat,23.4466,72.4224,datameet,,
UMNR,Umeshnagar,Bihar,25.4676,86.4355,osm,,
UMPD,Umarpada,Gujarat,21.4584,73.4751,osm,,
UMR,Umaria,Madhya Pradesh,23.5231,80.8227,osm,,
UMRA,Umra,Rajasthan,24.523,73.7722,osm,,
UMRI,Umri,Maharashtra,19.042,77.6433,osm,,
UMS,Udramsar,Rajasthan,27.9232,73.3444,osm,,
UNA,Una,Gujarat,20.8196,71.0364,osm,,
UND,Unchdih,Uttar Pradesh,25.1924,82.1634,osm,,
UNDI,Undi,Andhra Pradesh,16.5808,81.4647,osm,,
UNI,Unai and Vansda Road,Gujarat,20.8525,73.3395,osm,उनाई और बांसदा रोड,ઉણઈ અને વાંસદા રોડ
UNK,Unkal,Karnataka,15.3741,75.1247,osm,,ಉಣಕಲ್ಲ
UNL,Unhel,Madhya Pradesh,23.3146,75.4751,osm,,
UNLA,Unaula,Uttar Pradesh,26.7865,83.4697,osm,,
UOI,Umroli,Maharashtra,19.7558,72.7605,osm,,उमरोळी
UPA,Uttarpara,West Bengal,22.667,88.3411,osm,,
UPD,Ulavapadu,Andhra Pradesh,15.167,80.0131,osm,,
UPI,Uplai,Maharashtra,18.1796,75.635,osm,,
UPL,Uppaluru,Andhra Pradesh,16.493,80.7803,osm,,
UPM,Urappakkam,Tamil Nadu,12.8674,80.072,osm,,
UPR,Usmanpur,Maharashtra,19.5322,76.2745,datameet,,
UPW,Uppalavai,Telangana,18.4247,78.3161,osm,,
UR,Umdanagar,Telangana,17.2634,78.3932,osm,,
URD,Untari Road,Jharkhand,24.3411,83.8353,osm,ऊँटारी रोड,
UREN,Uren,Bihar,25.1711,86.2245,osm,,
URG,Usargaon,Uttar Pradesh,26.078,79.6739,osm,,
URGA,Urga,Chhattisgarh,22.2689,82.7364,osm,,
URI,Uruli,Maharashtra,18.4937,74.137,osm,,
URK,Urkura,Chhattisgarh,21.2973,81.6509,osm,,
URL,Unjalur,Tamil Nadu,11.1296,77.8768,osm,,
URMA,Urma,West Bengal,23.1528,86.249,osm,,
URML,Upramal,Rajasthan,25.2749,75.3285,osm,,
URN,Utran,Gujarat,21.2336,72.8552,osm,उत्राण,
URP,Udairampur,West Bengal,22.1,88.2747,osm,,উদয়রামপুর
URPR,Ugrasenpur,Uttar Pradesh,25.5684,82.1707,osm,,
URR,Umred,Maharashtra,20.8512,79.3312,osm,,
USD,Ukai Songhad,Gujarat,21.1488,73.557,osm,,
USK,Usia Khas,Uttar Pradesh,25.4347,83.7073,osm,,
USL,Uslapur,Chhattisgarh,22.1023,82.1124,osm,,
USRA,Usra,Gujarat,22.849,74.1035,osm,,
UTA,Umar Tali,Uttar Pradesh,27.0862,80.4733,osm,उमर ताली,
UTD,Utarsanda,Gujarat,22.6551,72.8892,osm,,
UTL,Utarlai,Rajasthan,25.8139,71.4688,osm,,
UTN,Uttar Radhanagar,West Bengal,22.2692,88.3838,osm,,
UTP,Utripura,Uttar Pradesh,26.7402,80.096,osm,,
UTR,Utrahtia,Uttar Pradesh,26.7634,80.9743,osm,,
UVD,Udvada,Gujarat,20.4621,72.919,osm,,
UWAN,Urwan,Jharkhand,24.3502,85.4628,osm,उर्वन,
UWNR,Udwant Nagar Halt,Bihar,25.5175,84.6256,osm,,
VAA,Bhaga,Jharkhand,23.7237,86.4057,osm,,
VADR,Warud,Maharashtra,20.7468,78.6513,osm,,
VAE,Vadali,Gujarat,23.9398,73.044,osm,,
VAH,Valluru,Telangana,16.0227,77.9185,osm,,
VAK,Varkala Sivagiri,Kerala,8.74064,76.7231,osm,वर्कला शिवगिरि,
VAL,Vadal,Gujarat,21.6114,70.493,osm,,
VAN,Vadhvana,Gujarat,22.1532,73.4908,osm,,
VAPI,Vapi,Gujarat,20.3736,72.9084,osm,वापी,
VAPM,Valapattanam,Kerala,11.9274,75.3464,osm,,
VAR,Vidyanagar,Telangana,17.4018,78.5108,osm,,
VARD,Vaikam Road,Kerala,9.77788,76.4745,osm,,
VASO,Vaso,Gujarat,22.6594,72.7644,osm,,
VAT,Vatlur,Andhra Pradesh,16.6939,81.0444,osm,,
VAY,Vayalar,Kerala,9.74201,76.312,osm,,
VB,Villiyambakkam,Tamil Nadu,12.7519,79.9342,osm,,வில்லியம்பாக்கம்
VBH,Vishnupur Bathua Halt,Bihar,25.9318,85.6444,osm,,
VBL,Bobbili Junction,Andhra Pradesh,18.5764,83.3461,osm,,
VBN,Vallabhnagar,Rajasthan,24.7006,74.0136,osm,,
VBR,Vambori,Maharashtra,19.2985,74.685,osm,,
VBU,Vembur,Tamil Nadu,10.5945,78.0734,osm,,
VBW,Vaibhavwadi Road,Maharashtra,16.5123,73.7079,osm,,
VCN,Virochannagar,Gujarat,23.0649,72.2216,osm,,
VD,Vagdiya,Gujarat,22.6145,71.2921,osm,,
VDA,Vasad Junction,Gujarat,22.4529,73.0606,osm,,
VDD,Vendodu,Andhra Pradesh,14.0268,79.7288,osm,,
VDE,Vedayapalem,Andhra Pradesh,14.4053,79.9575,osm,वेदायापालेम,
VDGN,Vadgaon Nila,Maharashtra,18.9295,76.6412,datameet,,
VDH,Vedchha,Gujarat,20.8747,72.936,osm,,
VDI,Veldurti,Andhra Pradesh,15.5536,77.9274,osm,,
VDK,Vadakannikapuram,Kerala,10.6396,76.6869,osm,,
VDKS,Vadanamkurushshi,Kerala,10.7879,76.2529,osm,,
VDL,Vithisvarankol,Tamil Nadu,11.1958,79.7039,osm,,
VDLR,Mumbai Vadal,,,,,,
VDM,Vadamadurai,Tamil Nadu,10.4368,78.1026,osm,,
VDN,Vadgaon,Maharashtra,18.7426,73.6367,osm,,
VDNP,Baijnath Andoli,Bihar,,,,,
VDP,Vadippatti,Tamil Nadu,10.0862,77.946,osm,वाड़ीपट्टी,
VDR,Vandalur,Tamil Nadu,12.8916,80.085,osm,,
VDS,Vidyasagar,Jharkhand,24.0832,86.7042,osm,विद्यासागर,
VDV,Vadiya Devli,Gujarat,21.7105,70.8118,osm,,
VEER,Veer,Maharashtra,18.1137,73.3306,osm,वीर,
VEI,Velliyanai,Tamil Nadu,10.8404,78.1155,osm,,
VEK,Vellarakkad,Kerala,11.4721,75.6532,osm,,
VEL,Vellanur,Tamil Nadu,10.4677,78.7966,osm,,
VELI,Veli,Kerala,8.52281,76.8828,osm,,
VEM,Vempalli,Telangana,19.4051,79.5295,osm,,
VEN,Verna,Goa,15.3538,73.9125,osm,,
VEP,Velpuru Road,Andhra Pradesh,,,,,
VER,Vellur,Tamil Nadu,11.2412,79.1368,osm,,
VEU,Veppampattu,Tamil Nadu,13.1236,79.9984,osm,,
VG,Viramgam Junction,Gujarat,23.1276,72.0535,osm,,
VGA,Vepagunta,Andhra Pradesh,13.3788,79.5577,osm,,
VGDC,Viramgam D Cabin,Gujarat,23.1374,72.0428,datameet,,
VGE,Valappadi Gate,Tamil Nadu,11.6549,78.4016,osm,,
VGH,Velangi,Andhra Pradesh,16.8711,82.1091,osm,,
VGI,Vangani,Maharashtra,19.0943,73.3009,osm,वांगनी,
VGL,Vaghli,Maharashtra,20.5178,75.0684,osm,,
VGLJ,Virangana Lakshmibai Jhansi,Uttar Pradesh,25.44395,78.55344,osm,,
VGM,Vinnamangalam,Tamil Nadu,12.7282,78.6786,osm,,
VGN,Vangaon,Maharashtra,19.883,72.7632,osm,वानगांव,वाणगांव
VGRA,Vagara,Gujarat,21.8495,72.8445,osm,,
VGT,Unguturu,Andhra Pradesh,16.8244,81.4227,osm,,
VH,Vakada,Andhra Pradesh,16.8891,82.1394,osm,,
VHCH,Block Cabin Chakki,Bihar,25.5597,84.8063,datameet,,
VHGN,Wihirgaon,Maharashtra,19.7256,79.4415,osm,विहीरगाँव,
VI,Villiyanur,Puducherry,11.92,79.7583,osm,,
VID,Vilavade,Maharashtra,16.7857,73.6192,osm,,
VINA,Vina,Gujarat,22.7626,72.9023,osm,,
VINH,Vinhere,Maharashtra,17.9148,73.3836,osm,विन्हेरे,
VJ,Virinchipuram,Tamil Nadu,12.9622,79.0299,osm,,
VJA,Vejandla,Andhra Pradesh,16.24,80.5167,osm,वेजेंडला,
VJD,Vijpadi Road,Gujarat,21.1802,71.4467,osm,,
VJF,Vijapur,Gujarat,23.5591,72.7449,osm,,
VJK,Vejalka,Gujarat,22.4183,71.7203,osm,,
VJM,Vyasarpadi Jeeva,Tamil Nadu,13.1092,80.2572,osm,,
VJP,Vijaipur,Madhya Pradesh,24.4927,77.1623,osm,,
VJPJ,Vijaypur Jammu,Jammu and Kashmir,32.5721,75.0214,osm,,
VJR,Vijayanagar,Maharashtra,16.7781,74.6969,osm,,
VJRD,Vajirabad,Telangana,16.6836,79.6488,osm,,
VK,Vikhroli,Maharashtra,19.1115,72.928,osm,विक्रोली,
VKA,Verka Junction,Punjab,31.6662,74.9325,osm,,
VKB,Vikarabad Junction,Telangana,17.3374,77.9097,osm,,
VKD,Bhakrabad,West Bengal,22.1189,87.3639,osm,,
VKDH,Veer Kunwar Halt,Bihar,25.5676,84.2549,datameet,,
VKG,Vavadi Khurd,Gujarat,22.7889,73.5422,osm,,
VKH,Vikhran Road,Maharashtra,21.2953,74.6297,osm,,
VKI,Venkatagiri,Andhra Pradesh,13.9443,79.6045,osm,,
VKL,Vankal,Gujarat,21.4398,73.2303,osm,,
VKM,Venkatesapuram,Tamil Nadu,11.9312,79.4428,osm,,
VKN,Vinukonda,Andhra Pradesh,16.0507,79.7477,osm,,
VKNR,Valmikinagar Road,Bihar,27.1957,84.0346,osm,वाल्मीकि नगर रोड,
VKP,Varakalpattu,Tamil Nadu,11.7658,79.7111,osm,,
VKR,Venkatnagar,Madhya Pradesh,22.9236,81.8722,osm,,
VKT,Venkatachalam Junction,Andhra Pradesh,14.3271,79.9273,osm,,
VKZ,Venkatanarasimha Rajuvaripeta,Andhra Pradesh,13.2708,79.5818,osm,,
VL,Vilad,Maharashtra,19.1986,74.6747,osm,,
VLA,Bavla,Gujarat,22.8336,72.3647,osm,,
VLC,Velachha,Gujarat,21.4332,73.0124,osm,,
VLCA,Vellalcheruvu H,Andhra Pradesh,16.1326,79.8912,datameet,,
VLCY,Velachery,Tamil Nadu,12.9676,80.2195,osm,वेलाचेरी,வேளச்சேரி
VLD,Vayalpad,Andhra Pradesh,13.6343,78.6233,osm,,
VLDE,Valadi,Tamil Nadu,10.8726,78.758,osm,,
VLDI,Vithalwadi,Maharashtra,19.2284,73.1491,osm,विठ्ठलवाडी,
VLDR,Valadar,Gujarat,20.9677,70.7246,osm,,
VLE,Vellavacheruvu,Andhra Pradesh,16.1316,79.8884,osm,,
VLG,Valigonda,Telangana,17.3672,79.0086,osm,,
VLI,Vallikunnu,Kerala,11.0924,75.8512,osm,,വള്ളിക്കുന്ന്
VLK,Villivakkam,Tamil Nadu,13.1101,80.2096,datameet,,
VLKN,Velankanni,Tamil Nadu,10.6869,79.8462,datameet,,
VLL,Vellayil,Kerala,11.265,75.7741,osm,,വെള്ളയിൽ
VLN,Vilegaon,Maharashtra,20.592,77.4362,osm,,
VLNK,Velankanni,Tamil Nadu,10.6869,79.8462,osm,वेलांकन्नि,
VLP,Vile Parle,Maharashtra,19.0999,72.844,osm,विले पार्ले,विले पार्ले
VLR,Vellore Cantonment,Tamil Nadu,12.9107,79.1278,osm,वेलूर छावनी,வேலூர் கண்டோன்மெண்ட்
VLT,Valathoor,Tamil Nadu,12.8897,78.8397,osm,,
VLTR,Vadali Luter Road,Gujarat,23.0774,73.1343,osm,,
VLU,Vadalur,Tamil Nadu,11.5571,79.5463,osm,,வடலூர்
VLV,Vallivedu,Andhra Pradesh,13.531,79.0692,osm,,
VLY,Valliyur,Tamil Nadu,8.37683,77.6143,osm,,வள்ளியூர்
VLYN,Vallabh Vidynagar,Gujarat,22.5423,72.9311,osm,,
VM,Viluppuram Junction,Tamil Nadu,11.9417,79.4992,osm,,
VMA,Vikramgarh Alot,Madhya Pradesh,23.7647,75.5385,osm,विक्रमगढ़ आलोट,
VMC,Vmc,,,,,,
VMD,Vadlamannadu,Andhra Pradesh,16.3006,81.099,osm,,
VML,Vemulapadu,Andhra Pradesh,15.0181,77.8541,osm,,
VMLD,Vemuluripadu,Andhra Pradesh,16.3093,80.2976,osm,,
VMM,Valaramanikkam,Tamil Nadu,10.132,78.9232,osm,,
VMP,Vallampadugai,Tamil Nadu,11.35,79.708,osm,,
VMU,Vemuru,Andhra Pradesh,16.1775,80.7427,osm,,
VN,Vaniyambadi,Tamil Nadu,12.6793,78.6227,osm,,வாணியம்பாடி
VNA,Varangaon,Maharashtra,21.0105,75.9013,osm,,
VNB,Vaniyambalam,Kerala,11.1877,76.2607,osm,,
VND,Vendra,Andhra Pradesh,16.5798,81.5719,osm,,
VNE,Viswanath Charali,Assam,26.7697,93.1654,osm,,
VNEC,Vijayawada North East,Andhra Pradesh,16.532,80.6304,datameet,,
VNGL,Vangal,Tamil Nadu,11.0419,78.1134,osm,,
VNGP,Vangaichungpao,Manipur,24.758,93.1797,osm,,
VNJ,Vanjipalaiyam,Tamil Nadu,11.1182,77.2662,osm,,
VNK,Binaiki,Madhya Pradesh,22.7198,79.9031,osm,,
VNM,Ontimitta,Andhra Pradesh,14.3926,79.0176,osm,,
VNN,Bhanaur,Uttar Pradesh,25.5732,82.53,datameet,,
VNR,Devanur,Karnataka,13.4354,76.0929,osm,,ದೇವನೂರು
VNRD,Vani Road,Gujarat,23.0939,72.0026,osm,,
VNUP,Vishnupuram,Telangana,16.7098,79.6373,osm,,
VO,Vellodu,Tamil Nadu,10.3193,77.9524,osm,वेल्लोडु,
VOC,V.O.C. Nagar,Tamil Nadu,13.1408,80.2876,osm,,
VOL,Virol,Gujarat,22.5135,72.7495,osm,,
VONB,Vondh,Gujarat,23.3077,70.4349,osm,,
VP,Virapur,Andhra Pradesh,15.1589,77.132,osm,,
VPDA,Vidyapatidham,Bihar,25.6018,85.8023,osm,,
VPG,Ventrapragada,Andhra Pradesh,16.4742,80.9153,osm,,
VPH,Vachaspati Nagar,Bihar,26.3898,86.3196,osm,बाचस्पति नगर,
VPJ,Vaiyampatti,Tamil Nadu,10.5434,78.3086,osm,,
VPL,Venkatampalle,Andhra Pradesh,15.0379,77.4624,osm,,
VPN,Vidyapatinagar,Bihar,25.602,85.8023,datameet,,
VPO,Bhupia Mau,Uttar Pradesh,25.8752,81.9703,osm,,
VPR,Visapur,Maharashtra,18.8248,74.5995,osm,,
VPT,Virudhunagar Junction,Tamil Nadu,9.5945,77.9574,osm,,
VPU,Velpuru,Andhra Pradesh,16.7259,81.6629,osm,,
VPY,Vyasarpadi,Tamil Nadu,13.1085,80.2568,datameet,,
VPZ,Vallapuzha,Kerala,10.8405,76.2523,osm,,
VQD,Viramdad,Gujarat,22.2008,69.5894,osm,,
VR,Virar,Maharashtra,19.4553,72.8118,osm,विरार,विरार
VRA,Valavanur,Tamil Nadu,11.9178,79.5742,osm,,
VRB,Vishrambag,Maharashtra,16.851,74.6028,osm,,
VRBD,Vrindaban Road,Uttar Pradesh,27.5556,77.6238,osm,,
VRDP,Varadapura,Karnataka,12.9224,78.1914,osm,,
VRE,Varediya,Gujarat,21.8678,73.0529,osm,,
VRG,Vikram Nagar,Madhya Pradesh,23.1618,75.818,osm,,
VRH,Virbhadra,Uttarakhand,30.0749,78.2523,osm,,
VRI,Vriddhachalam Junction,Tamil Nadu,11.5333,79.3165,osm,,
VRJ,Vadaj,Gujarat,22.0646,73.425,osm,,
VRK,Virkudi,Tamil Nadu,10.818,79.6483,datameet,,
VRKD,Varkhedi,Maharashtra,20.6575,75.4439,osm,,
VRL,Veraval Junction,Gujarat,20.9115,70.3709,osm,,
VRLF,Veraval Mg,Gujarat,20.9133,70.3706,datameet,,
VRLI,Veravali,Maharashtra,16.8338,73.6153,osm,,
VRLR,Viranialur,Tamil Nadu,8.19418,77.368,osm,,வீராணி ஆளூ
VRM,Varnama,Gujarat,22.1879,73.1711,osm,वरनामा,
VRN,Vanganur,Andhra Pradesh,14.8474,78.0808,osm,,
VRPD,Virapandy Road,Tamil Nadu,11.5967,78.0745,osm,,
VRQ,Virarakkiyam,Tamil Nadu,10.9389,78.1661,osm,,வீரராக்கியம்
VRR,Virpur,Gujarat,21.849,70.7078,osm,,
VRT,Vriddhachalam Town,Tamil Nadu,11.52,79.3116,osm,,
VRU,Valliveru,Andhra Pradesh,16.1897,80.606,osm,,
VRV,Viravada,Gujarat,23.6131,73.0794,osm,,
VRVL,Viravalli,Andhra Pradesh,16.6164,80.9125,osm,,
VRX,Varahi,Gujarat,23.801,71.4356,osm,,
VS,Vishwamitri Junction,Gujarat,22.2846,73.179,osm,,
VSD,Vasind,Maharashtra,19.4065,73.2675,osm,वासिंद,
VSG,Vasco Da Gama,Goa,15.3972,73.8134,datameet,,
VSH,Vashi,,,,,,
VSI,Vishvamitri Jn. (NG),Gujarat,22.284,73.1795,osm,,
VSKP,Visakhapatnam,Andhra Pradesh,17.7214,83.2906,osm,,
VSP,Wasanapura,Maharashtra,19.885,79.3278,datameet,,
VSPR,Bishnupriya,West Bengal,23.414,88.3555,osm,,
VST,Vijay Sota,Madhya Pradesh,23.9794,81.0905,osm,,
VSU,Bishnupur,West Bengal,23.0648,87.3014,osm,,
VSV,Vasadva,Gujarat,23.0346,71.5953,osm,,
VSW,Visavadar Junction,Gujarat,21.3402,70.7557,osm,,
VT,Vellore Town,Tamil Nadu,12.9231,79.1249,osm,,
VTA,Vatva,Gujarat,22.959,72.6298,osm,,
VTE,Venkatagirikote,Karnataka,13.3262,77.7313,osm,,
VTG,Bhetaguri,West Bengal,26.2013,89.4823,osm,,
VTJ,Vartej,Gujarat,21.7461,72.0552,osm,,
VTK,Vallathol Nagar,Kerala,10.7317,76.2815,osm,,
VTL,Vadtal Swaminarayan,Gujarat,22.5971,72.8751,osm,,
VTM,Vetapalem,Andhra Pradesh,15.7831,80.3007,osm,,
VTN,Vaitarna,Maharashtra,19.5187,72.85,osm,वैतरना,वैतरणा
VTP,Vastrapur,Gujarat,23.0079,72.5174,osm,,
VTV,Valantaravai,Tamil Nadu,9.33648,78.9154,osm,वालान्तरावै,வாலான்தரவை
VU,Vaghpura,Gujarat,23.7828,71.3557,osm,,
VUL,Virul,Maharashtra,20.8036,78.3387,osm,,
VV,Valivade,Maharashtra,16.7041,74.2995,osm,,
VVA,Varvala,Gujarat,22.2993,68.9673,osm,,
VVB,Vivek Vihar,Delhi,28.6732,77.3183,osm,विवेक विहार,
VVD,Vavdi,Gujarat,21.7188,70.7525,osm,,
VVH,Vidyavihar,Maharashtra,19.0795,72.8971,osm,विद्याविहार,
VVKN,Vivekanand Nagar,Maharashtra,19.9824,79.2793,osm,विवेकानन्द नगर,
VVKP,Vivekanand Puri,Delhi,28.6645,77.1838,osm,विवेकानंद पुरी,
VVM,Veeravasaram,Andhra Pradesh,16.5421,81.6327,osm,,
VVN,Vikravandi,Tamil Nadu,12.0455,79.5427,osm,,
VVR,Viravanallur,Tamil Nadu,8.68496,77.5123,osm,,
VVV,Vavera,Gujarat,21.126,71.4662,osm,,
VWA,Viduraswattha,Karnataka,13.6666,77.5095,osm,,
VXD,Vadod,Gujarat,22.5145,73.0083,osm,,
VXM,Velippalaiyam,Tamil Nadu,10.7761,79.844,osm,,
VYA,Vyara,Gujarat,21.1177,73.3858,osm,,
VYK,Vilayatkalan Road,Madhya Pradesh,23.7014,80.6365,osm,,
VYN,Vyasnagar,Uttar Pradesh,25.2969,83.0726,osm,,
VZ,Vijayamangalam,Tamil Nadu,11.1963,77.5217,osm,,
VZM,Vizianagaram Junction,Andhra Pradesh,18.1115,83.3963,osm,,
VZPH,Vazeerpur,Uttar Pradesh,28.1504,79.8628,osm,,
VZR,Bhanjpur,Odisha,21.954,86.7344,osm,,
WAB,Balwa,Gujarat,21.8946,69.9543,osm,,
WADI,Wadi Junction,Karnataka,17.0523,76.9919,osm,,ವಾಡಿ ಜಂಕ್ಷನ್
WADO,Wadoda,Maharashtra,20.8884,76.2798,osm,,
WAIR,Wair,Uttar Pradesh,28.3493,77.6984,osm,,
WANI,Wani,Maharashtra,20.0666,78.9606,osm,वनी जंक्शन,
WARUD,Warud,Maharashtra,20.7469,78.6514,datameet,,
WAT,Waltair,Andhra Pradesh,17.7224,83.2901,datameet,,
WC,Wadhwan City,Gujarat,22.7028,71.6724,osm,,
WCB,West Cabin Gaya,Bihar,24.7987,84.9713,datameet,,
WCN,Wimco Nagar,Tamil Nadu,13.1797,80.3055,osm,,
WDA,Wadrengdisa,Assam,25.264,93.178,osm,,
WDC,Wdc,,,,,,
WDG,Wadegaon,Maharashtra,20.7644,79.9819,osm,,
WDHR,Wadharva,Gujarat,23.075,70.8342,osm,,
WDJ,Wander Jatana,Punjab,30.5644,74.7399,osm,,
WDL,Wandal,Karnataka,16.4165,75.8645,osm,,ವಂದಾಲ
WDLN,Wadwal Nagnath,Maharashtra,18.5346,76.8116,osm,,
WDM,Wyndhamganj,Uttar Pradesh,24.2634,83.4013,osm,,
WDN,Vadgaon Nila,Maharashtra,18.9296,76.6406,osm,,
WDR,Wadiaram,Telangana,17.9727,78.4553,osm,,
WDS,Wadsinge,Maharashtra,18.0666,75.489,osm,,
WEL,Wellington,Tamil Nadu,11.3561,76.7861,osm,,வெலிங்டன்
WENA,Wena,Bihar,25.3263,85.5322,osm,,
WFD,Whitefield,Karnataka,12.9964,77.7614,osm,,
WG,Wagholi,Maharashtra,20.582,78.7721,osm,,
WGA,Waghoda,Madhya Pradesh,21.2794,76.1206,osm,,
WGI,Waghai,Gujarat,20.7726,73.5003,osm,वघई,વઘઈ
WGJ,Waris Ganj Halt,Uttar Pradesh,26.435,81.696,osm,,
WH,West Hill,Kerala,11.2852,75.765,osm,,
WHM,Washim,Maharashtra,20.1029,77.1481,osm,,
WIR,Wair,Uttar Pradesh,28.3473,77.6994,datameet,,
WIRR,Wirur,Maharashtra,19.6413,79.4313,osm,,
WJ,Walajabad,Tamil Nadu,12.7968,79.8186,osm,,
WJR,Walaja Road Junction,Tamil Nadu,12.9709,79.3602,osm,,
WKA,Vakav,Maharashtra,17.9801,75.5885,osm,,
WKI,Wadakancheri,Kerala,10.6514,76.2397,osm,,
WKR,Wankaner Junction,Gujarat,22.6224,70.9637,osm,,
WKRC,Wankaner City,Gujarat,22.6122,70.9564,osm,,
WL,Warangal,Telangana,17.9733,79.6056,osm,वरंगल,వరంగల్
WLGN,Walgaon,Maharashtra,21.0203,77.7107,osm,,
WLH,Valha,Maharashtra,18.1833,74.1604,osm,,
WND,Wan Road,Maharashtra,21.2149,76.8207,osm,,
WNG,Wanegaon,Maharashtra,19.1669,77.2501,osm,,
WOC,Warud Orange City,Maharashtra,21.4586,78.2758,osm,,
WP,Wangapalli,Telangana,17.5813,78.9847,osm,,
WPR,Wanparti Road,Telangana,16.3821,77.8855,osm,,
WR,Wardha Junction,Maharashtra,20.733,78.5953,osm,वर्धा जंक्शन,
WRA,Walayar,Kerala,10.8468,76.8376,osm,,
WRC,WRS Colony,Chhattisgarh,21.2783,81.6394,osm,,
WRD,Warudkhed,Maharashtra,,,dropped: trains zig-zag through it,,
WRGN,Warigaon Newada,Uttar Pradesh,25.5861,82.5683,datameet,,
WRI,Waraseoni,Madhya Pradesh,21.7713,80.0576,osm,,
WRR,Warora,Maharashtra,20.2442,79.0101,osm,वरोरा,
WRS,Waris Aleganj,Bihar,25.0163,85.6429,osm,,
WSA,Wadsa,Maharashtra,20.624,79.963,osm,,
WSB,Washimbe,Maharashtra,18.2803,75.0163,osm,,
WSC,Shivarampur,Uttar Pradesh,27.2449,78.2072,datameet,,
WSD,Wasud,Maharashtra,17.3778,75.1481,osm,,
WSE,Vasan Iyava,Gujarat,23.0253,72.3363,osm,,
WSJ,Wansjaliya Junction,Gujarat,21.7995,69.8734,osm,,
WST,Washermanpet,Tamil Nadu,13.109,80.282,osm,,
WTJ,Jam Wanthali,Gujarat,22.4293,70.3224,osm,,
WTP,Water Pipe,Maharashtra,19.0089,73.2897,osm,वॉटर पाईप,
WTR,Wathar,Maharashtra,17.8913,74.1366,osm,,
WW,Wanabar Halt,Bihar,25.0558,84.9745,osm,,
WWA,Vavaniya,Gujarat,23.0055,70.6142,osm,,
WZJ,Wazerganj,Bihar,24.8128,85.2252,osm,,
X108,Aman Lodge,Maharashtra,18.9978,73.2761,datameet,,
XBAC,Bachharpur Halt,Bihar,,,,,
XBKJ,Bikramganj,Bihar,25.2203,84.2756,osm,,
XCBN,Xcbn,Uttar Pradesh,25.3038,83.1696,datameet,,
XGN,Gokulnagar,Bihar,25.488,85.3022,datameet,,
XKA,Kamta,Bihar,25.3366,85.2777,datameet,,
XSAD,Sadipur,Bihar,24.9313,85.5882,osm,,
XSAN,Sarvodaya Halt,Bihar,25.5533,84.5025,osm,,
XSK,Sokali,Gujarat,23.0982,72.1052,osm,,
XX-ANK,Xx-Ank,,,,,,
XX-BDXO,Xx-Bdxo,,,,,,
XX-BECE,Xx-Bece,,,,,,
XX-BSBC,Xx-Bsbc,,,,,,
XX-BSPY,Xx-Bspy,,,,,,
XX-CLDO,Xx-Cldo,,,,,,
XX-CPHO,Xx-Cpho,,,,,,
XX-GTLB,Xx-Gtlb,,,,,,
XX-HPTB,Xx-Hptb,,,,,,
XX-JSGB,Xx-Jsgb,,,,,,
XX-KJMB,Xx-Kjmb,,,,,,
XX-MEJB,Xx-Mejb,,,,,,
XX-SUNB,Xx-Sunb,,,,,,
XX-TNAB,Xx-Tnab,,,,,,
XX-TNGC,Xx-Tngc,,,,,,
Y,Yeliyur,Karnataka,12.5099,76.8287,osm,,ಯಲಿಯೂರು
YA,Yerraguntla,Andhra Pradesh,14.6436,78.5338,osm,,
YAD,Yeulkhed,Maharashtra,20.7249,77.0753,osm,,
YADA,Yadavalli,Andhra Pradesh,15.4081,78.9904,osm,,
YAG,Yaqutganj,Uttar Pradesh,27.3259,79.6185,datameet,,
YAKUT PUR(YKA,Yakut Pur(yka,,,,,,
YAL,Yataluru,Andhra Pradesh,13.8932,79.6264,osm,,
YDD,Yadudih,Jharkhand,24.3299,85.7014,osm,,
YDK,Yedekumeri,Karnataka,12.8232,75.664,osm,,ಯಡೆಕುಮೇರಿ
YDLP,Yadalapur,Karnataka,16.3849,77.3275,osm,,ಯದ್ಲಾಪುರು
YDM,Yedamangala,Karnataka,12.715,75.4433,osm,,ಎಡಮಂಗಲ
YDP,Yedapalli,Telangana,18.6788,77.9531,osm,,
YDV,Yadvendra nagar,Uttar Pradesh,25.7614,82.7429,osm,,
YEAM,Yogendra Dham Halt,Uttar Pradesh,27.4567,81.7257,osm,,
YFP,Yusufpur,Uttar Pradesh,25.6365,83.7475,osm,,
YG,Yadgir,Karnataka,16.7447,77.1297,osm,,ಯಾದಗಿರಿ
YGA,Yaragoppa,Karnataka,15.906,75.6487,osm,,ಯರಗೊಪ್ಪ
YGD,Yerragudipad,Andhra Pradesh,14.6208,78.5957,osm,,
YGL,Yelgur,Telangana,17.8611,79.7473,osm,,ఎలగూర్
YGM,Yadugram Bh,Bihar,24.5433,85.324,datameet,,
YJUD,Yamunanagar Jagadhri,Haryana,30.1173,77.2877,osm,,
YKA,Yakutpura,Telangana,17.3601,78.4922,osm,,
YL,Yeola,Maharashtra,20.0226,74.4962,osm,,
YLG,Yalavigi,Karnataka,15.0339,75.411,osm,,ಯಲವಿಗಿ
YLK,Yellakaru,Andhra Pradesh,13.8466,79.6496,osm,,
YLM,Elamanchili,Andhra Pradesh,17.5524,82.8522,osm,,
YNA,Yenor,Maharashtra,20.4941,78.8409,osm,येणोर,
YNG,Yenugonda,Telangana,16.7579,78.0362,osm,,
YNK,Yelahanka Junction,Karnataka,13.105,77.5919,osm,यलहंका जंक्शन,
YNRK,Yog Nagari Rishikesh,Uttarakhand,30.10956,78.27790,osm,,
YP,Errupalem,Telangana,16.8251,80.4717,osm,,ఎర్రుపాలెం
YPD,Yerpedu,Andhra Pradesh,13.6874,79.5751,osm,,
YPR,Yesvantpur Junction,Karnataka,13.0238,77.5508,osm,,
YPRA,Yesvantpur B,,,,,,
YS,Yermaras,Karnataka,16.2727,77.3473,osm,,ಯರಮರಸ
YSI,Yedshi,Maharashtra,18.3175,75.9768,osm,,
YSPM,Yasantapur,Telangana,17.7368,79.2052,osm,,
YT,Yavat,Maharashtra,18.489,74.2566,osm,,
YTL,Yavatmal 1,Maharashtra,20.3875,78.1199,osm,,
YVP,Yawarpura,Gujarat,22.4341,72.6639,osm,,
YY,Yediyur,Karnataka,12.979,76.8639,osm,,
YY-BINP,Yy-Binp,,,,,,
YY-BJUC,Yy-Bjuc,,,,,,
YY-BPLC,Yy-Bplc,,,,,,
YY-DKJC,Yy-Dkjc,,,,,,
YY-IDHW,Yy-Idhw,,,,,,
YY-MLYB,Yy-Mlyb,,,,,,
YY-MMRX,Yy-Mmrx,,,,,,
YY-WADB,Yy-Wadb,,,,,,
ZARP,Zarap,Maharashtra,15.9484,73.7341,osm,,
ZB,Zahirabad,Telangana,17.6758,77.6107,osm,,
ZBD,Zafarabad Junction,Uttar Pradesh,25.7077,82.7186,osm,,
ZKV,Zankhvav,Gujarat,21.4515,73.3167,osm,,
ZN,Jangaon,Telangana,17.724,79.1537,osm,,
ZNA,Zamania,Uttar Pradesh,25.3742,83.544,osm,ज़मानियाँ,
ZNP,Zindpura,Uttar Pradesh,28.1914,79.8496,osm,,
ZP,Zerpur Pali,Haryana,28.3254,76.0973,osm,,
ZPI,Zampani,Andhra Pradesh,16.1996,80.7144,osm,,
ZPL,Zangalapalli,Andhra Pradesh,14.5901,77.6418,osm,,
ZPR,Zorawarpura,Rajasthan,29.7568,73.4489,osm,,
ZRDE,Jiradei,Bihar,26.2205,84.2567,osm,,
ZW,Zawar,Rajasthan,24.3585,73.7318,osm,,
