number,name,type,days,days_src,src
00107,Sawantwadi Road – Madgaon Special,Spl,,,ogd2017
00108,Madgaon – Sawantwadi Road Special,Spl,,,ogd2017
00128,Madgaon – Shri Chatrapati Shahu Maharaj Special,Spl,,,ogd2017
00290,Delhi Safdarjang – Delhi Safdarjang Special,Spl,,,ogd2017
00401,Aurangabad – Varanasi Special,Spl,,,ogd2017
00421,Lucknow Charbagh – Shri Mata Vaishno Devi Katra Special,Spl,,,ogd2017
00422,Shri Mata Vaishno Devi Katra – Lucknow Charbagh Special,Spl,,,ogd2017
00477,Sirsa – Sirsa Special,Spl,,,ogd2017
00502,Rajendra Nagar Terminal – Ambala Cantonment Special,Spl,,,ogd2017
00504,Patna – Bathinda Special,Spl,,,ogd2017
00506,Patna – Patiala Special,Spl,,,ogd2017
00557,Urkura – Panjipara Special,Spl,,,ogd2017
00604,Patna – Amritsar Special,Spl,,,ogd2017
01011,Mumbai CSMT – Nagpur Special,Spl,,,ogd2017
01025,Dadar Ballia Special,Exp,"Mon,Wed,Fri",tag2026,tag2026
01027,Dadar Gorakhpur Special,Exp,"Tue,Thu,Sat,Sun",tag2026,tag2026
01037,Lokmanya Tilak – Sawantwadi Road Special,Spl,,,ogd2017
01038,Sawantwadi Road – Lokmanya Tilak Special,Spl,,,ogd2017
01045,Lokmanya Tilak – Karmali Special,Spl,,,ogd2017
01119,Ajni – Karmali Special,Spl,,,ogd2017
01120,Karmali – Ajni Special,Spl,,,ogd2017
01122,Karmali – Mumbai CSMT Special,Spl,,,ogd2017
01196,Nagpur – Karmali Special,Spl,,,ogd2017
01301,Pune – Mangaluru Special,Spl,,,ogd2017
01302,Mangaluru – Pune Special,Spl,,,ogd2017
01442,Delhi Safdarjang – Khadki Special,Spl,,,ogd2017
01655,Pune – Jabalpur Special,Spl,,,ogd2017
01656,Jabalpur – Pune Special,Spl,,,ogd2017
01705,Mumbai Bandra – Jabalpur Special,Spl,,,ogd2017
01706,Jabalpur – Mumbai Bandra Special,Spl,,,ogd2017
01707,Jabalpur – Attari Special,Spl,,,ogd2017
01708,Attari – Jabalpur Special,Spl,,,ogd2017
02025,Mumbai CSMT – Karmali Special,Spl,,,ogd2017
02026,Karmali – Mumbai CSMT Special,Spl,,,ogd2017
02131,Pune Jabalpur Special,Exp,Mon,tag2026,tag2026
02132,Jabalpur Pune Special,Exp,Sun,tag2026,tag2026
02191,Jabalpur – Santragachi Special,Spl,,,ogd2017
02192,Santragachi – Jabalpur Special,Spl,,,ogd2017
02195,Rewa – Bhopal Special,Spl,,,ogd2017
02196,Bhopal – Rewa Special,Spl,,,ogd2017
02515,Thiruvananthapuram – Bhasha Shahid Special,Spl,,,ogd2017
02651,Palani – Pollachi Special,Spl,,,ogd2017
02652,Pollachi – Palani Special,Spl,,,ogd2017
02731,Hyderabad Deccan Nampally – Jaipur Special,Spl,,,ogd2017
02732,Jaipur – Hyderabad Deccan Nampally Special,Spl,,,ogd2017
02821,Pune – Santragachi Special,Spl,,,ogd2017
02822,Santragachi – Pune Special,Spl,,,ogd2017
02833,Rajkot – Santragachi Special,Spl,,,ogd2017
02834,Santragachi – Rajkot Special,Spl,,,ogd2017
02841,Src Mas Spl,Spl,,,ogd2017
02842,Mas Src Spl,Spl,,,ogd2017
02845,Pune – Hatia Special,Spl,,,ogd2017
02846,Hatia – Pune Special,Spl,,,ogd2017
03101,Kolkata – Puri Special,Spl,,,ogd2017
03102,Puri – Kolkata Special,Spl,,,ogd2017
03301,Asansol – Dhanbad MEMU,MEMU,,,ogd2017
03302,Dhanbad – Asansol MEMU,MEMU,,,ogd2017
03305,Dhanbad – Kusunda Special,Spl,,,ogd2017
03306,Kusunda – Dhanbad Special,Spl,,,ogd2017
03307,Sonardih – Phulwartanr Special,Spl,,,ogd2017
03308,Phulwartanr – Sonardih Special,Spl,,,ogd2017
03501,Jasidih – Anand Vihar Terminal Special,Spl,,,ogd2017
03502,Anand Vihar Terminal – Jasidih Special,Spl,,,ogd2017
04115,Subedarganj Lokmanya Tilak (T) Special,Exp,Thu,tag2026,tag2026
04116,Lokmanya Tilak (T) Subedarganj Special,Exp,Fri,tag2026,tag2026
04401,Anand Vihar Terminal – Shri Mata Vaishno Devi Katra Special,Spl,,,ogd2017
04402,Shri Mata Vaishno Devi Katra – Anand Vihar Terminal Special,Spl,,,ogd2017
04409,Delhi – Shri Mata Vaishno Devi Katra Special,Spl,,,ogd2017
04410,Shri Mata Vaishno Devi Katra – Delhi Special,Spl,,,ogd2017
04419,Madgaon – Hazrat Nizamuddin Special,Spl,,,ogd2017
04420,Hazrat Nizamuddin – Madgaon Special,Spl,,,ogd2017
04711,Bikaner Bandra (T) Special,Exp,Wed,tag2026,tag2026
04712,Bandra (T) Bikaner Special,Exp,Thu,tag2026,tag2026
04717,Hisar Tirupati Special,Exp,Sat,tag2026,tag2026
04718,Tirupati Hisar Special,Exp,Mon,tag2026,tag2026
04735,Bikaner – Haridwar Special,Spl,,,ogd2017
04736,Haridwar – Bikaner Special,Spl,,,ogd2017
04767,Hanumangarh – Sriganganagar Special,Spl,,,ogd2017
04768,Sriganganagar – Hanumangarh Special,Spl,,,ogd2017
04769,Hanumangarh – Sriganganagar Special,Spl,,,ogd2017
04770,Sriganganagar – Hanumangarh Special,Spl,,,ogd2017
04771,Sadulpur – Sriganganagar Special,Spl,,,ogd2017
04772,Sriganganagar – Sadulpur Special,Spl,,,ogd2017
04773,Sriganganagar – Suratgarh Special,Spl,,,ogd2017
04774,Suratgarh – Sriganganagar Special,Spl,,,ogd2017
04801,Parbatsar City – Makrana Passenger,Pass,,,ogd2017
04802,Makrana – Parbatsar City Passenger,Pass,,,ogd2017
04831,Ju Hw Spl,Spl,,,ogd2017
04832,Hw Ju Spl,Spl,,,ogd2017
04851,Merta Road – Ratangarh Special,Spl,,,ogd2017
04852,Ratangarh – Merta Road Special,Spl,,,ogd2017
04853,Rewari Degana Merta Special,Pass,,,ogd2017
04854,Degana Merta Special,Pass,,,ogd2017
04921,Saharanpur – Ambala Cantonment MEMU,MEMU,,,ogd2017
04922,Ambala Cantonment – Saharanpur MEMU,MEMU,,,ogd2017
04991,Pathankot – Jammu Tawi DEMU,DEMU,,,ogd2017
04992,Jammu Tawi – Pathankot DEMU,DEMU,,,ogd2017
05054,Bandra Gorakhpur Special,Exp,Sat,tag2026,tag2026
05057,Gorakhpur Delhi Week ly Special Express,Exp,Thu,tag2026,tag2026
05058,Delhi Gorakhpur Weekly Special Express,Exp,,,tag2026
05061,Gorakhpur – Barhni Special,Spl,,,ogd2017
05062,Barhni – Gorakhpur Special,Spl,,,ogd2017
05065,Chhapra – Lucknow Special,Spl,,,ogd2017
05066,Lucknow – Chhapra Special,Spl,,,ogd2017
05073,KSR Bengaluru Lalkuan Special,Exp,Tue,tag2026,tag2026
05074,Lalkuan KSR Bengaluru Special,Exp,Sat,tag2026,tag2026
05105,Gorakhpur – Basti Special,Spl,,,ogd2017
05106,Basti – Gorakhpur Special,Spl,,,ogd2017
05305,Farrukhabad-KanpurAnwarganj Passenger,Pass,,,ogd2017
05306,KanpurAnwarganj-Farrukhabad Special,Exp,,,ogd2017
05309,Bareilly City – Lalkuan Special,Spl,,,ogd2017
05310,Lalkuan – Bareilly City Special,Spl,,,ogd2017
05521,Jamalpur – Saharsa Special,Spl,,,ogd2017
05522,Saharsa – Jamalpur Special,Spl,,,ogd2017
05613,Jhalawar City – Kota Special,Spl,,,ogd2017
05614,Kota – Jhalawar City Special,Spl,,,ogd2017
05619,North Lakhimpur – Murkongselek Special,Spl,,,ogd2017
05620,Murkongselek – North Lakhimpur Special,Spl,,,ogd2017
05631,Guwahati – Bhasha Shahid Special,Spl,,,ogd2017
05632,Bhasha Shahid – Guwahati Special,Spl,,,ogd2017
05715,New Jalpaiguri – Kishanganj Special,Spl,,,ogd2017
05716,Kishanganj – New Jalpaiguri Special,Spl,,,ogd2017
05719,Katihar – Siliguri Special,Spl,,,ogd2017
05720,Siliguri – Katihar Special,Spl,,,ogd2017
05863,Rangiya – Rangpara North Special,Spl,,,ogd2017
05864,Rangpara North – Rangiya Special,Spl,,,ogd2017
05865,Rangiya – Murkongselek Special,Spl,,,ogd2017
05866,Murkongselek – Rangiya Special,Spl,,,ogd2017
06001,Chennai Central-Kollam SF Special,SF,,,ogd2017
06002,Kollam-Chennai Central SF Special,SF,,,ogd2017
06006,Kollam-Chennai Central SF Special,SF,,,ogd2017
06009,Chennai CentralKollam SF Special,SF,,,ogd2017
06010,KollamChennai Central SF Special,SF,,,ogd2017
06041,Chennai – Kollam Special,Spl,,,ogd2017
06042,Kollam – Chennai Special,Spl,,,ogd2017
06043,Chennai – Kollam Special,Spl,,,ogd2017
06044,Kollam – Chennai Special,Spl,,,ogd2017
06046,Kollam – Chennai Special,Spl,,,ogd2017
06047,Chennai – Kollam Special,Spl,,,ogd2017
06048,Kollam – Chennai Special,Spl,,,ogd2017
06049,Chennai Egmore – Kollam Special,Spl,,,ogd2017
06050,Kollam – Chennai Egmore Special,Spl,,,ogd2017
06053,Kochuveli – Mangaluru Special,Spl,,,ogd2017
06054,Mangaluru – Kochuveli Special,Spl,,,ogd2017
06057,Santragachi – Chennai Special,Spl,,,ogd2017
06058,Chennai – Santragachi Special,Spl,,,ogd2017
06065,Chengalpatttu – Madurai Special,Spl,,,ogd2017
06066,Madurai – Chengalpatttu Special,Spl,,,ogd2017
06067,Chengalpatttu – Coimbatore Special,Spl,,,ogd2017
06068,Coimbatore – Chengalpatttu Special,Spl,,,ogd2017
06081,Coimbatore – Pollachi Passenger,Pass,,,ogd2017
06082,Pollachi – Coimbatore Passenger,Pass,,,ogd2017
06412,Delhi Safdarjang – Payyanur Special,Spl,,,ogd2017
06512,Marikuppam – Banaswadi Special,Spl,,,ogd2017
06513,Bangarpet – Marikuppam MEMU,MEMU,,,ogd2017
06541,Yesvantpur – Pandharpur Special,Spl,,,ogd2017
06542,Pandharpur – Yesvantpur Special,Spl,,,ogd2017
06547,Yesvantpur – Ernakulam Special,Spl,,,ogd2017
06548,Ernakulam – Yesvantpur Special,Spl,,,ogd2017
06579,Yesvantpur – Visakhapatnam Special,Spl,,,ogd2017
06580,Visakhapatnam – Yesvantpur Special,Spl,,,ogd2017
06581,Yesvantpur – Belagavi Special,Spl,,,ogd2017
06582,Belagavi – Yesvantpur Special,Spl,,,ogd2017
06591,Yesvantpur-Hosur Passenger Special,Pass,,,ogd2017
06592,Hosur-Yesvantpur Passenger,Pass,,,ogd2017
06593,Yesvantpur-Hosur Passenger Special,Pass,,,ogd2017
06594,Hosur-Yesvantpur Passenger Special,Pass,,,ogd2017
06595,Yesvantpur-Devanhalli Special,Pass,,,ogd2017
06596,Devanahalli-Yesvantpur Special,Pass,,,ogd2017
06647,Korba – Bilaspur Special,Spl,,,ogd2017
06648,Bilaspur – Korba Special,Spl,,,ogd2017
06769,Palghat Town – Palani Special,Spl,,,ogd2017
06770,Palani – Palghat Town Special,Spl,,,ogd2017
06851,Karaikal – Nagore DEMU,DEMU,,,ogd2017
06852,Nagore – Karaikal DEMU,DEMU,,,ogd2017
06853,Karaikal – Nagore Passenger,Pass,,,ogd2017
06854,Nagore – Karaikal Passenger,Pass,,,ogd2017
06919,Hubballi – Vijayapura Special,Spl,,,ogd2017
06920,Vijayapura – Hubballi Special,Spl,,,ogd2017
07005,Hyderabad Deccan Nampally – Raxaul Special,Spl,,,ogd2017
07006,Raxaul – Hyderabad Deccan Nampally Special,Spl,,,ogd2017
07007,Secunderabad – Darbhanga Special,Spl,,,ogd2017
07008,Darbhanga – Secunderabad Special,Spl,,,ogd2017
07016,Kacheguda – Visakhapatnam Special,Spl,,,ogd2017
07019,Jaipur Hydrabad Special,Exp,Sun,tag2026,tag2026
07020,Hyderabad Jaipur Special,Exp,Fri,tag2026,tag2026
07029,Agartala Charlapalli Special,Exp,Fri,tag2026,tag2026
07030,Charlapallii Agartala Special,Exp,Mon,tag2026,tag2026
07044,Vskp Hsp,Spl,,,ogd2017
07054,Bikaner Kacheguda Special,Exp,Tue,tag2026,tag2026
07061,Kakinada Port – Vijayawada Special,Spl,,,ogd2017
07062,Velankanni – Tirupati Special,Spl,,,ogd2017
07075,Secunderabad – Kakinada Town Special,Spl,,,ogd2017
07076,Kakinada Town – Secunderabad Special,Spl,,,ogd2017
07109,Hyderabad Deccan Nampally – Kollam Special,Spl,,,ogd2017
07110,Kollam – Hyderabad Deccan Nampally Special,Spl,,,ogd2017
07113,Karimnagar – Kollam Special,Spl,,,ogd2017
07133,Hyderabad Deccan Nampally – Kollam Special,Spl,,,ogd2017
07134,Kollam – Hyderabad Deccan Nampally Special,Spl,,,ogd2017
07141,Hyderabad Deccan Nampally – Kollam Special,Spl,,,ogd2017
07142,Kollam – Hyderabad Deccan Nampally Special,Spl,,,ogd2017
07146,Tirupati – Kacheguda Special,Spl,,,ogd2017
07149,Secunderabad – Guwahati Special,Spl,,,ogd2017
07211,Kakinada Town – Kollam Special,Spl,,,ogd2017
07212,Kollam – Kakinada Town Special,Spl,,,ogd2017
07213,Vijayawada – Kollam Special,Spl,,,ogd2017
07214,Kollam – Vijayawada Special,Spl,,,ogd2017
07217,Narasapur – Kollam Special,Spl,,,ogd2017
07218,Kollam – Narasapur Special,Spl,,,ogd2017
07363,SSS Hubballi Yog Nagari Rishikesh Special,Exp,Mon,tag2026,tag2026
07410,Tirupati – Aurangabad Special,Spl,,,ogd2017
07417,Tirupati – Nagarsol Special,Spl,,,ogd2017
07418,Nagarsol – Tirupati Special,Spl,,,ogd2017
07425,Kacheguda – Kakinada Port Special,Spl,,,ogd2017
07426,Kakinada Port – Kacheguda Special,Spl,,,ogd2017
07429,Secunderabad – Tirupati Special,Spl,,,ogd2017
07430,Tirupati – Secunderabad Special,Spl,,,ogd2017
07431,Kakinada Town – Tirupati Special,Spl,,,ogd2017
07432,Tirupati – Kakinada Town Special,Spl,,,ogd2017
07435,Kakinada Town – Secunderabad Special,Spl,,,ogd2017
07436,Secunderabad – Kakinada Town Special,Spl,,,ogd2017
07438,Kacheguda – Tatanagar Special,Spl,,,ogd2017
07439,Tatanagar – Kacheguda Special,Spl,,,ogd2017
07487,Tirupati – Visakhapatnam Special,Spl,,,ogd2017
07505,Aurangabad – Kollam Special,Spl,,,ogd2017
07509,Adilabad – Kollam Special,Spl,,,ogd2017
07517,Bidar – Pandharpur Special,Spl,,,ogd2017
07525,Siliguri – New Bongaigaon Special,Spl,,,ogd2017
07526,New Bongaigaon – Siliguri Special,Spl,,,ogd2017
07603,Kacheguda Kamareddi Special,Pass,,,ogd2017
07604,Kamareddi Kacheguda Special,Pass,,,ogd2017
07607,Secunderabad - Mancherial Special,Exp,,,ogd2017
07608,Mancherial - Secunderabad Special,Exp,,,ogd2017
07613,sabarimalai,Spl,,,ogd2017
07614,sabarimalai,Spl,,,ogd2017
07644,tpty spl,Spl,,,ogd2017
07645,Renigunta – Kakinada Town Special,Spl,,,ogd2017
07757,Secunderabad – Vijayawada Special,Spl,,,ogd2017
07758,Vijayawada – Secunderabad Special,Spl,,,ogd2017
07941,Kakinada Town – Renigunta Special,Spl,,,ogd2017
07942,Tirupati – Kakinada Town Special,Spl,,,ogd2017
08001,Kharagpur-Jhargram Express Special,Exp,,,ogd2017
08002,Jhargram-Kharagpur Special,Exp,,,ogd2017
08014,Midnapore – Kharagpur MEMU,MEMU,,,ogd2017
08017,Kharagpur- Jhargram Memu Special,MEMU,,,ogd2017
08018,Jhargram - Kharagpur Memu Special,MEMU,,,ogd2017
08035,Kharagpur – Balasore Special,Spl,,,ogd2017
08036,Balasore – Kharagpur Special,Spl,,,ogd2017
08051,Kharagpur- Jhargram Memu Special,MEMU,,,ogd2017
08052,Jhargram - Kharagpur Memu Special,MEMU,,,ogd2017
08061,Shalimar – Jaipur Special,Spl,,,ogd2017
08062,Jaipur – Shalimar Special,Spl,,,ogd2017
08063,Kharagpur – Bankura DEMU,DEMU,,,ogd2017
08064,Yesvantpur – Howrah DEMU,DEMU,,,ogd2017
08065,Kharagpur – Bankura MEMU,MEMU,,,ogd2017
08082,Bankura – Bishnupur MEMU,MEMU,,,ogd2017
08087,Bishnupur – Bankura MEMU,MEMU,,,ogd2017
08101,Chaibasa – Chakradharpur Special,Spl,,,ogd2017
08102,Chakradharpur – Chaibasa Special,Spl,,,ogd2017
08301,Sambalpur – Banaswadi Special,Spl,,,ogd2017
08302,Banaswadi – Sambalpur Special,Spl,,,ogd2017
08403,Puri – Santragachi Special,Spl,,,ogd2017
08404,Santragachi – Puri Special,Spl,,,ogd2017
08501,Visakhapatnam – Secunderabad Special,Spl,,,ogd2017
08502,Secunderabad – Visakhapatnam Special,Spl,,,ogd2017
08511,Kirandul – Visakhapatnam Special,Spl,,,ogd2017
08512,Visakhapatnam – Kirandul Special,Spl,,,ogd2017
08567,Visakhapatnam Sainagar Shirdi special,Exp,,,ogd2017
08568,Shirdi-Visakhapatnam Weekly Special,Exp,,,ogd2017
08573,Visakhapatnam – Tirupati Special,Spl,,,ogd2017
08574,Tirupati – Visakhapatnam Special,Spl,,,ogd2017
08581,Balharshah – Chanda Fort Passenger,Pass,,,ogd2017
08582,Caf Bpq Spl,Spl,,,ogd2017
08617,Ranchi – Anand Vihar Terminal Special,Spl,,,ogd2017
08618,Anand Vihar Terminal – Ranchi Special,Spl,,,ogd2017
08627,Hwh Rnc Spl,Spl,,,ogd2017
08628,Ranchi – Howrah Special,Spl,,,ogd2017
08872,Durg – Gondia Passenger,Pass,,,ogd2017
09003,Mumbai Bandra – Hazrat Nizamuddin Special,Spl,,,ogd2017
09004,Hazrat Nizamuddin – Mumbai Bandra Special,Spl,,,ogd2017
09005,Bct Ndls Bi,Spl,,,ogd2017
09006,Ndls Bct Bi,Spl,,,ogd2017
09011,Mumbai Bandra – Bikaner Special,Spl,,,ogd2017
09012,Bikaner – Mumbai Bandra Special,Spl,,,ogd2017
09419,Ahmedabad Tiruchchirappalli Jn. Special,Exp,Thu,tag2026,tag2026
09433,Mumbai Bandra – Gandhidham Special,Spl,,,ogd2017
09434,Gandhidham – Mumbai Bandra Special,Spl,,,ogd2017
09525,Hapa Naharlagun Special,Exp,Wed,tag2026,tag2026
09526,Naharlagun Hapa Special,Exp,Sat,tag2026,tag2026
09621,Ajmer Jaipur SF Special,SF,,,ogd2017
09622,Jaipur Ajmer SF Special,SF,,,ogd2017
09653,Ajmer Bandra (T) Special,Exp,Sat,tag2026,tag2026
09654,Bandra (T) Ajmer Special,Exp,Sun,tag2026,tag2026
09721,Jaipur Delhi Sarai Rohilla SF Special,SF,,,ogd2017
09722,Delhi Sarai Rohilla -Jaipur SF Special,SF,,,ogd2017
09723,Jaipur Bandra (T) Special,Exp,Wed,tag2026,tag2026
09724,Bandra (T) Jaipur Special,Exp,Thu,tag2026,tag2026
09761,Surathgarh Anupgarh Passenger,Pass,,,ogd2017
09809,Kota – Hazrat Nizamuddin Special,Spl,,,ogd2017
09810,Hazrat Nizamuddin – Kota Special,Spl,,,ogd2017
10103,Mumbai Cst - Madgaon Mandovi Exp,Exp,Daily,tag2026,tag2026
10104,Madgaon - Mumbai Cst Mandovi Exp,Exp,Daily,tag2026,tag2026
10107,Madgaon Mangaluru Central Express,Exp,"Mon,Tue,Wed,Thu,Fri,Sat",tag2026,tag2026
10108,Mangaluru Central Madgaon Express,Exp,"Mon,Tue,Wed,Thu,Fri,Sat",tag2026,tag2026
10111,Mumbai Cst - Madgaon Konkan Knaya Exp,Exp,,,ogd2017
10112,Madgaon - Mumbai Cst Konkan Knaya Exp,Exp,,,ogd2017
10115,Bandra (T) Madgaon Express,Exp,"Wed,Fri",tag2026,tag2026
10215,Madgaon Ernakulam Weekly Super Fast Express,Exp,,,ogd2017
10216,Ernakulam Madgaon Weekly SF Express,Exp,Mon,tag2026,tag2026
11001,Sainagar Shirdi – Pandharpur Express,Exp,,,ogd2017
11002,Pandharpur – Sainagar Shirdi Express,Exp,Daily,tag2026,tag2026
11003,Dadar - Sawantwadi Rd Rajya Rani Exp,Exp,Daily,tag2026,ogd2017
11004,Sawantwadi Rd - Dadar Rajya Rani Exp,Exp,Daily,tag2026,tag2026
11005,Dadar – Puducherry Express,Exp,"Mon,Tue,Wed,Fri,Sat,Sun",tag2026,tag2026
11006,Puducherry – Dadar Express,Exp,"Tue,Wed,Sun",tag2026,tag2026
11007,Deccan Express,Exp,Daily,tag2026,tag2026
11008,Deccan Express,Exp,Daily,tag2026,tag2026
11009,Sinhagad Express,Exp,Daily,tag2026,tag2026
11010,Sinhagad Express,Exp,Daily,tag2026,tag2026
11011,Mahalaxmi Express,Exp,Daily,tag2026,tag2026
11012,Mahalaxmi Express,Exp,Daily,tag2026,tag2026
11013,Mumbai LTT-Coimbatore Express,Exp,Daily,tag2026,tag2026
11014,Coimbatore Mumbai Ltt Express,Exp,Daily,tag2026,tag2026
11015,Kushinagar Express,Exp,Fri,tag2026,tag2026
11016,Kushinagar Express,Exp,Sun,tag2026,tag2026
11017,Chalukya Express,Exp,Sat,tag2026,tag2026
11018,Chalukya Express,Exp,Mon,tag2026,tag2026
11019,Konark Express,Exp,Daily,tag2026,tag2026
11020,Konark Express,Exp,Daily,tag2026,tag2026
11021,Dadar – Tirunelveli Express,Exp,"Tue,Wed,Sat",tag2026,tag2026
11022,Tirunelveli – Dadar Express,Exp,"Mon,Tue,Wed,Thu,Fri,Sun",tag2026,tag2026
11023,Sahyadri Express,Exp,Daily,wikipedia,ogd2017
11024,Sahyadri Express,Exp,Daily,wikipedia,ogd2017
11025,Manmad Pune Express(Via Nasik),Exp,,,ogd2017
11026,Pune Manmad Express,Exp,,,ogd2017
11027,Mumbai CST-Chennai Mail,Mail,"Mon,Fri,Sun",tag2026,tag2026
11028,Chennai-Mumbai Cst Mail,Mail,"Mon,Tue,Sat",tag2026,tag2026
11029,Koyna Express,Exp,Daily,tag2026,tag2026
11030,Koyna Express,Exp,Daily,tag2026,tag2026
11031,Solapur – Vijayapura Express,Exp,,,ogd2017
11032,Vijayapura – Solapur Express,Exp,,,ogd2017
11033,Pune - Darbhanga Gyan Ganga Exp,Exp,,,tag2026
11034,Darbhanga - Pune Gyan Ganga Exp,Exp,Fri,tag2026,tag2026
11035,Dadar-Mysore Sharavati Express,Exp,Thu,tag2026,tag2026
11036,Mysore-Dadar Sharavati Express,Exp,Sun,tag2026,tag2026
11037,Pune - Gorakhpur Exp,Exp,Thu,tag2026,tag2026
11038,Gorakhpur - Pune Exp,Exp,Sat,tag2026,tag2026
11039,Maharashtra Express,Exp,Daily,wikipedia,tag2026
11040,Maharashtra Express,Exp,Daily,tag2026,tag2026
11041,Mumbai - Chennai Express,Exp,"Tue,Wed,Thu,Sat",tag2026,tag2026
11042,ChennaiCentral-CST Mumbai Express,Exp,"Wed,Thu,Fri,Sun",tag2026,tag2026
11043,Mumbai Ltt - Madurai Exp,Exp,,,ogd2017
11044,Madurai - Mumbai Ltt Exp,Exp,,,ogd2017
11045,Kolhapur Csmt - Dhanbad Deekshabhoomi Exp,Exp,Fri,tag2026,tag2026
11046,Dhanbad - Kolhapur Csmt Deekshabhoomi Exp,Exp,Mon,tag2026,tag2026
11047,Hubli Express,Exp,,,ogd2017
11048,Hubli Miraj Express,Exp,,,ogd2017
11049,Ahmedabad-Kolhapur Express,Exp,Sun,tag2026,tag2026
11050,Kolhapur-Ahmedabad Express,Exp,,,ogd2017
11051,Solapur-Kolhapur Express,Exp,,,ogd2017
11052,Kolhapur Solapur Express,Exp,,,ogd2017
11053,Lokmanya Tilak – Azamgarh Express,Exp,,,ogd2017
11054,Azamgarh – Lokmanya Tilak Express,Exp,,,ogd2017
11055,Mumbai Ltt - Gorakhpur Exp,Exp,,,tag2026
11056,Gorakhpur - Mumbai Ltt Exp,Exp,"Mon,Tue,Wed,Fri,Sun",tag2026,tag2026
11057,Dadar Amritsar Express,Exp,Daily,tag2026,ogd2017
11058,Amritsar Dadar Express,Exp,Daily,tag2026,tag2026
11059,Mumbai Ltt - Chhapra Godan Exp,Exp,,,tag2026
11060,Chhapra - Mumbai Ltt Godan Exp,Exp,,,ogd2017
11061,Mumbai Ltt - Darbhanga Pawan Exp,Exp,Daily,tag2026,tag2026
11062,Darbhanga - Mumbai Ltt Pawan Exp,Exp,Daily,tag2026,tag2026
11063,Chennai Egmore - Mettur Dam Slip Exp,Exp,,,ogd2017
11064,Salem - Chennai Egmore Exp,Exp,,,ogd2017
11067,Mumbai Ltt - Faizabad Saket Exp,Exp,,,ogd2017
11068,Faizabad - Mumbai Ltt Saket Exp,Exp,,,ogd2017
11071,Kamayani Express,Exp,Daily,tag2026,tag2026
11072,Kamayani Express,Exp,Daily,tag2026,tag2026
11073,Lokmanya Tilak – Chennai Express,Exp,,,ogd2017
11074,Chennai – Lokmanya Tilak Express,Exp,,,ogd2017
11075,Lokmanya Tilak – Bidar Express,Exp,,,ogd2017
11076,Bidar – Lokmanya Tilak Express,Exp,,,ogd2017
11077,Jhelum Express,Exp,Daily,tag2026,tag2026
11078,Jhelum Express,Exp,Daily,tag2026,tag2026
11079,Lokmanya Tilak – Gorakhpur Express,Exp,Thu,tag2026,tag2026
11080,Gorakhpur – Lokmanya Tilak Express,Exp,Sat,tag2026,ogd2017
11081,Lokmanya Tilak – Gorakhpur Express,Exp,Wed,tag2026,tag2026
11082,Gorakhpur – Lokmanya Tilak Express,Exp,,,ogd2017
11083,Lokmanya Tilak – Kazipet Express,Exp,,,ogd2017
11084,Kazipet – Lokmanya Tilak Express,Exp,,,ogd2017
11085,Lokmanya Tilak – Madgaon Express,Exp,,,ogd2017
11086,Madgaon – Lokmanya Tilak Express,Exp,,,ogd2017
11087,Veraval Pune Express,Exp,Sat,tag2026,tag2026
11088,Pune Veraval Express,Exp,,,tag2026
11089,Bhagat Ki Kothi - Pune Exp,Exp,Tue,tag2026,tag2026
11090,Pune - Bhagat Ki Kothi Exp,Exp,Sun,tag2026,ogd2017
11091,Bhuj - Pune Ahimsa Exp,Exp,Wed,tag2026,tag2026
11092,Pune - Bhuj Ahimsa Exp,Exp,,,tag2026
11093,Mumbai Cst - Varanasi Mahanagari Exp,Exp,,,ogd2017
11094,Varanasi - Mumbai Cst Mahanagari Exp,Exp,,,ogd2017
11095,Ahimsa Express,Exp,,,ogd2017
11096,Ahimsa Express,Exp,,,ogd2017
11097,Pune - Ernakulam Poorna Exp,Exp,Sat,tag2026,tag2026
11098,Ernakulam - Pune Poorna Exp,Exp,,,ogd2017
11099,Lokmanya Tilak (T) Madgaon Express,Exp,"Tue,Fri,Sat,Sun",tag2026,tag2026
11100,Madgaon Lokmanya Tilak (T) Express,Exp,"Tue,Fri,Sat,Sun",tag2026,tag2026
11101,Pune – Gwalior Express,Exp,,,ogd2017
11102,Gwalior – Pune Express,Exp,,,ogd2017
11103,Jhansi – Mumbai Bandra Express,Exp,,,ogd2017
11104,Mumbai Bandra – Jhansi Express,Exp,,,ogd2017
11107,Gwalior-Varanasi Bundelkhand Express,Exp,Daily,wikipedia,ogd2017
11108,Varanasi-Gwalior Bundelkhand Express,Exp,Daily,wikipedia,ogd2017
11109,Jhansi-Lucknow Intercity Express,Exp,Daily,tag2026,tag2026
11110,Lucknow-Jhansi InterCity,Exp,Daily,tag2026,tag2026
11111,Gwalior – Balrampur Express,Exp,,,ogd2017
11112,Balrampur – Gwalior Express,Exp,,,ogd2017
11122,Wardha Bhusaval Express,Exp,Daily,tag2026,tag2026
11123,Barauni-Gwalior Mail,Mail,Daily,wikipedia,tag2026
11124,Gwalior Barauni Mail,Mail,Daily,wikipedia,tag2026
11125,Indore Gwalior Express,Exp,,,tag2026
11126,Gwalior Indore Express,Exp,,,ogd2017
11139,Mumbai CSMT Hospet Express,Exp,Daily,tag2026,tag2026
11140,Hospet Mumbai CSMT Express,Exp,Daily,tag2026,tag2026
11201,Lokmanya Tilak – Ajni Express,Exp,Mon,wikipedia,ogd2017
11202,Ajni – Lokmanya Tilak Express,Exp,Fri,wikipedia,ogd2017
11203,Nagpur – Jaipur Express,Exp,,,ogd2017
11204,Jaipur – Nagpur Express,Exp,,,ogd2017
11205,Lokmanya Tilak – Nizamabad Express,Exp,,,ogd2017
11206,Nizamabad – Lokmanya Tilak Express,Exp,,,ogd2017
11265,Jabalpur - Ambikapur Exp,Exp,Daily,tag2026,tag2026
11266,Ambikapur - Jabalpur Exp,Exp,Daily,tag2026,tag2026
11272,Bhopal - Itarsi Vindhyachal Exp,Exp,Daily,wikipedia,ogd2017
11301,Mumbai CSMT – Krantivira Sangolli Rayanna Express,Exp,Daily,tag2026,tag2026
11302,Udyan Express,Exp,Daily,tag2026,tag2026
11303,Hyderabad Deccan Nampally – Shri Chatrapati Shahu Maharaj Express,Exp,Daily,tag2026,tag2026
11304,Shri Chatrapati Shahu Maharaj – Hyderabad Deccan Nampally Express,Exp,,,ogd2017
11307,Gulbarga – Hyderabad Deccan Nampally Express,Exp,Daily,wikipedia,ogd2017
11308,Hyderabad Deccan Nampally – Gulbarga Express,Exp,Daily,wikipedia,ogd2017
11309,Solapur – Miraj Express,Exp,,,ogd2017
11310,Miraj – Solapur Express,Exp,,,ogd2017
11311,Solapur Hassan Express,Exp,Daily,tag2026,tag2026
11312,Hassan Solapur Express,Exp,Daily,tag2026,tag2026
11401,Nandigram Express,Exp,,,ogd2017
11402,Nandigram Express,Exp,Daily,tag2026,tag2026
11403,Nagpur - Kolhapur Exp,Exp,"Tue,Sat",tag2026,tag2026
11404,Kolhapur - Nagpur Exp,Exp,,,tag2026
11405,Pune – Amravati Express,Exp,,,ogd2017
11406,Amravati – Pune Express,Exp,"Mon,Sat",tag2026,tag2026
11407,Pune – Lucknow Express,Exp,Tue,tag2026,tag2026
11408,Lucknow – Pune Express,Exp,Thu,tag2026,tag2026
11409,Daund Nizam abad Express,Exp,Daily,tag2026,tag2026
11411,Parli vaijnath Sangli Express,Exp,Daily,tag2026,tag2026
11412,Sangli Parli Vaijnath Express,Exp,,,tag2026
11413,Nizamabad Pandharpur Express,Exp,Daily,tag2026,tag2026
11414,Pandhar pur Nizam abad Express,Exp,Daily,tag2026,tag2026
11416,Hospet Jn Solapur Express,Exp,Daily,tag2026,tag2026
11417,Pune Solapur Express,Exp,Daily,tag2026,tag2026
11418,Solapur Pune Express,Exp,Daily,tag2026,tag2026
11421,Hadapsar Solapur Express,Exp,Daily,tag2026,tag2026
11422,Solapur Pune Express,Exp,Daily,tag2026,tag2026
11423,Solapur - Hubli Express,Exp,Daily,wikipedia,ogd2017
11424,Hubli Jn - Solapur Express,Exp,Daily,wikipedia,ogd2017
11425,Pune Chha trapati Shahu Maharaj (T) Express,Exp,Daily,tag2026,tag2026
11426,Chhatrapati Shahu Maharaj (T) Pune Express,Exp,Daily,tag2026,tag2026
11428,Jasidih Pune Express,Exp,Sun,tag2026,tag2026
11447,Jabalpur - Kol Howrah Shaktipunj Exp,Exp,Daily,wikipedia,ogd2017
11448,Howrah - Jabalpur Shaktipunj Exp,Exp,Daily,wikipedia,ogd2017
11449,Jabalpur - Shri Mata Vaishno Devi Katra Express,Exp,Tue,tag2026,tag2026
11450,Shri Mata Vaishno Devi Katra - Jabalpur Express,Exp,Wed,tag2026,tag2026
11463,Somnath-Jabalpur Express,Exp,"Tue,Wed,Thu,Fri,Sun",tag2026,tag2026
11464,Jabalpur-Somnath Express,Exp,,,ogd2017
11465,Somnath - Jabalpur Exp (via Bina),Exp,"Mon,Sat",tag2026,tag2026
11466,Jabalpur - Somnath Exp (via Bina),Exp,"Mon,Fri",tag2026,ogd2017
11601,Bina Katni Memu Express,MEMU,Daily,tag2026,tag2026
11602,Katni Bina Memu Express,MEMU,Daily,tag2026,tag2026
11605,Bhopal Bina MEMU Express,MEMU,Daily,tag2026,tag2026
11606,Bina Bhopal MEMU Express,MEMU,Daily,tag2026,tag2026
11651,Jabalpur – Singrauli Express,Exp,,,ogd2017
11652,Singrauli – Jabalpur Express,Exp,,,ogd2017
11701,Jabalpur - Indore Intercity Exp,Exp,Daily,wikipedia,ogd2017
11702,Indore - Jabalpur Intercity Exp,Exp,Daily,wikipedia,ogd2017
11703,Rewa – Dr. Ambedkar Nagar Express,Exp,"Tue,Thu,Sun",tag2026,tag2026
11704,Dr. Ambedkar Nagar – Rewa Express,Exp,"Mon,Wed,Fri",tag2026,tag2026
11705,Jabalpur Rewa Express,Exp,Daily,tag2026,tag2026
11706,Rewa Jabalpur Express,Exp,Daily,tag2026,tag2026
11751,Rewa Chirimiri Express,Exp,Daily,tag2026,tag2026
11752,Chirimiri Rewa Express,Exp,Daily,tag2026,tag2026
11801,Jhansi – Etawah Express,Exp,Daily,wikipedia,ogd2017
11802,Etawah – Jhansi Express,Exp,Daily,wikipedia,ogd2017
11807,Virangana Laxmibai Jhansi Agra Express,Exp,Daily,tag2026,tag2026
11808,Agra Virangana Laxmibai Jhansi Express,Exp,Daily,tag2026,tag2026
11841,Khajuraho Jn. Kurukshetra Jn. Express,Exp,Daily,tag2026,tag2026
11901,Mathura – Kurukshetra Express,Exp,Daily,tag2026,tag2026
11902,Kurukshetra – Mathura Express,Exp,Daily,tag2026,tag2026
11903,Virangana Laxmibai Jhansi Etawah Express,Exp,,,tag2026
11904,Etawah Virangana Laxmibai Jhansi Express,Exp,,,tag2026
11905,Agra Cantt. Hoshiarpur Express,Exp,Daily,tag2026,tag2026
11906,Hoshiarpur Agra Cantt. Express,Exp,Daily,tag2026,tag2026
12001,Bhopal-New Delhi Shatabdi Express,Shtb,Daily,tag2026,tag2026
12002,New Delhi-Bhopal Shatabdi Express,Shtb,Daily,tag2026,tag2026
12003,Lucknow-NewDelhi Swarn Shatabdi Express,Shtb,Daily,tag2026,ogd2017
12004,NewDelh-Lucknowi Swarn Shatabdi Express,SF,Daily,wikipedia,ogd2017
12005,New Delhi-Kalka Shatabdi,Shtb,Daily,wikipedia,ogd2017
12006,Kalka-New Delhi Shatabdi,Shtb,Daily,wikipedia,ogd2017
12007,Chennai Cent - Mysore Shatabdi Express,Shtb,"Mon,Tue,Wed,Fri,Sat,Sun",tag2026,tag2026
12008,Mysore - Chennai Cent Shatabdi Express,Shtb,"Mon,Tue,Wed,Fri,Sat,Sun",tag2026,tag2026
12009,Mumbai-Ahmedabad Shatabdi Express,Shtb,"Mon,Tue,Wed,Thu,Fri,Sat",tag2026,tag2026
12010,Ahmedabad-Mumbai Central Shatabdi,Shtb,"Mon,Tue,Wed,Thu,Fri,Sat",tag2026,tag2026
12011,Kalka Shatabdi Express,Shtb,Daily,wikipedia,ogd2017
12012,Kalka-New Delhi Shatabdi,Shtb,Daily,wikipedia,ogd2017
12013,New Delhi-Amritsar Shatabdi Express,Shtb,Daily,tag2026,tag2026
12014,Amritsar-NewDelhi Shatabdi,Shtb,Daily,tag2026,tag2026
12015,New Delhi-Ajmer Shatabdi,Shtb,Daily,tag2026,tag2026
12016,Ajmer-New Delhi Shatabdi,Shtb,Daily,tag2026,tag2026
12017,New Delhi-Dehradun Shatabdi,Shtb,Daily,tag2026,tag2026
12018,Dehradun-New Delhi Shatabdi,Shtb,Daily,tag2026,tag2026
12019,Howrah-Ranchi Shatabdi Express,Shtb,"Mon,Tue,Wed,Thu,Fri,Sat",wikipedia,ogd2017
12020,Ranchi-Howrah Shatabdi Express,Shtb,"Mon,Tue,Wed,Thu,Fri,Sat",wikipedia,ogd2017
12021,Barbil Janshatabdi,Shtb,Daily,tag2026,tag2026
12022,Barbil Howrah Janshatabdi,Shtb,Daily,tag2026,tag2026
12023,Howrah-Patna Jan Shatabdi,JShtb,"Mon,Tue,Wed,Thu,Fri,Sat",tag2026,tag2026
12024,Patna-Howrah Jan Shatabdi,JShtb,"Mon,Tue,Wed,Thu,Fri,Sat",tag2026,tag2026
12025,Pune-Secunderabad Shatabdi Express,Shtb,"Mon,Wed,Thu,Fri,Sat,Sun",tag2026,tag2026
12026,Secunderabad-Pune Shatabdi,Shtb,"Mon,Wed,Thu,Fri,Sat,Sun",tag2026,tag2026
12027,Chennai Cent - Bangalore City Shatabdi Exp,Shtb,"Mon,Wed,Thu,Fri,Sat,Sun",tag2026,tag2026
12028,Bangalore City - Chennai Cent Shatabdi Exp,Shtb,"Mon,Wed,Thu,Fri,Sat,Sun",tag2026,tag2026
12029,New Delhi-Amritsar Swarna Shatabdi Express,Shtb,"Mon,Tue,Wed,Fri,Sat,Sun",tag2026,tag2026
12030,Amritsar-New Delhi Swarna Shatabdi Express,Shtb,"Mon,Tue,Wed,Fri,Sat,Sun",tag2026,tag2026
12031,Amritsar Shatabdi Express,Shtb,Thu,tag2026,tag2026
12032,Amritsar Shatabdi Express,Shtb,Thu,tag2026,tag2026
12033,Kanpur Shatabdi,Shtb,"Mon,Tue,Wed,Thu,Fri,Sat",tag2026,tag2026
12034,New Delhi-Kanpur Shatabdi Express,Shtb,"Mon,Tue,Wed,Thu,Fri,Sat",tag2026,tag2026
12035,Jaipur – Agra Fort Superfast Express,SF,Daily,tag2026,tag2026
12036,Agra Fort – Jaipur Superfast Express,SF,Daily,tag2026,tag2026
12037,New Delhi-Ludhiana Shatabdi Express,Shtb,Daily,tag2026,tag2026
12038,Ludhiana-New Delhi Shatabdi Express,Shtb,Daily,tag2026,tag2026
12039,Kathgodam – New Delhi Superfast Express,SF,Daily,tag2026,tag2026
12040,New Delhi – Kathgodam Superfast Express,SF,Daily,tag2026,tag2026
12041,Howrah – New Jalpaiguri Superfast Express,SF,"Mon,Tue,Wed,Thu,Fri,Sat",tag2026,tag2026
12042,New Jalpaiguri – Howrah Superfast Express,SF,"Mon,Tue,Wed,Thu,Fri,Sat",tag2026,tag2026
12043,New Delhi – Moga Superfast Express,SF,,,ogd2017
12044,Moga – New Delhi Superfast Express,SF,,,ogd2017
12045,New Delhi – Chandigarh Superfast Express,SF,"Mon,Tue,Thu,Fri,Sat,Sun",wikipedia,tag2026
12046,Chandigarh – New Delhi Superfast Express,SF,"Mon,Tue,Thu,Fri,Sat,Sun",wikipedia,ogd2017
12047,New Delhi – Firozpur Cant Superfast Express,SF,,,ogd2017
12048,Firozpur Cant – New Delhi Superfast Express,SF,,,ogd2017
12049,Agra Cantonment – Hazrat Nizamuddin Superfast Express,SF,"Mon,Tue,Wed,Thu,Sat,Sun",tag2026,tag2026
12050,Hazrat Nizamuddin – Agra Cantonment Superfast Express,SF,"Mon,Tue,Wed,Thu,Sat,Sun",tag2026,tag2026
12051,Dadar - Madgaon Jan Shatabdi Exp,JShtb,Daily,tag2026,tag2026
12052,Madgaon - Dadar Jan Shatabdi Exp,JShtb,Daily,tag2026,tag2026
12053,Haridwar Amritsar Jan Shatabdi Express,JShtb,"Mon,Tue,Wed,Fri,Sat,Sun",tag2026,tag2026
12054,Amritsar Haridwar Jan Shatabdi,JShtb,"Mon,Tue,Wed,Fri,Sat,Sun",wikipedia,tag2026
12055,Dehradun Jan Shatabdi Express,JShtb,Daily,tag2026,tag2026
12056,Dehradun Jan Shatabdi Express,JShtb,Daily,tag2026,tag2026
12057,New Delhi-Una Janshatabdi,Shtb,,,tag2026
12058,Una-New Delhi Janshatabdi,JShtb,,,ogd2017
12059,Kota-Hazrat Nizamuddin Jan Shatabdi,JShtb,Daily,tag2026,tag2026
12060,Hazarat Nizamuddin-Kota Jan Shatabdi,JShtb,Daily,tag2026,tag2026
12061,HabibGanj Bhopal-Jabalpur Jan Shatabdi,JShtb,Daily,tag2026,ogd2017
12062,Jabalpur-HabibGanj Bhopal Jan Shatabdi,JShtb,Daily,tag2026,tag2026
12065,Ajmer – Hazrat Nizamuddin Superfast Express,SF,"Mon,Tue,Wed,Fri,Sat",tag2026,tag2026
12066,Hazrat Nizamuddin – Ajmer Superfast Express,SF,"Mon,Tue,Wed,Fri,Sat",tag2026,tag2026
12067,Guwahati Jorhat Jan Shatabdi,JShtb,"Mon,Tue,Wed,Thu,Fri,Sat",wikipedia,ogd2017
12068,Jorhat Guwahati Jan Shatabdi,JShtb,"Mon,Tue,Wed,Thu,Fri,Sat",wikipedia,ogd2017
12069,Raigarh-Gondia Jan Shatabdi,JShtb,"Mon,Tue,Wed,Thu,Fri,Sat",tag2026,tag2026
12070,Gondia-Raigarh Jan Shatabdi,JShtb,"Mon,Tue,Wed,Thu,Fri,Sun",tag2026,ogd2017
12071,Mumbai Aurangabad Jan Shatabdi,JShtb,,,ogd2017
12072,Aurangabad Mumbai Jan Shatabdi,JShtb,Daily,tag2026,tag2026
12073,Howrah-Bhubaneswar Jan Shatabdi Express,JShtb,Daily,tag2026,tag2026
12074,Bhubaneswar-Howrah Jan Shatabdi Express,JShtb,Daily,tag2026,tag2026
12075,Kozhikode-Trivandrum Jan Shatabdi Express,JShtb,Daily,tag2026,tag2026
12076,Trivandrum-Kozhikode Jan Shatabdi Express,JShtb,Daily,tag2026,tag2026
12077,Chennai Vijayawada Jan Shatabdi Express,JShtb,"Mon,Wed,Thu,Fri,Sat,Sun",tag2026,ogd2017
12078,Vijayawada Chennai Jan Shatabdi,JShtb,"Mon,Wed,Thu,Fri,Sat,Sun",tag2026,tag2026
12079,Bangalore City-Hubli Jan Shatabdi,JShtb,Daily,tag2026,tag2026
12080,Hubli Bangalore Janshatabdi,Shtb,Daily,tag2026,tag2026
12081,Kozhikode - Trivandrum Jan Shatabdi,JShtb,"Mon,Tue,Thu,Fri,Sat",tag2026,tag2026
12082,Trivandrum-Kozhikode Jan Shatabdi,JShtb,"Mon,Wed,Thu,Fri,Sun",tag2026,tag2026
12083,Mayiladuturai-Coimbatore Jan Shatabdi,JShtb,"Mon,Wed,Thu,Fri,Sat,Sun",tag2026,ogd2017
12084,Coimbatore-Mayiladuturai Jan Shatabdi,JShtb,"Mon,Wed,Thu,Fri,Sat,Sun",tag2026,tag2026
12085,Guwahati – Dibrugarh Superfast Express,SF,,,ogd2017
12086,Dibrugarh – Guwahati Superfast Express,SF,,,ogd2017
12087,Naharlagun – Guwahati Superfast Express,SF,,,ogd2017
12088,Guwahati – Naharlagun Superfast Express,SF,,,ogd2017
12089,KSR Bengaluru Sivamaga Town Jan Satabdi Express,SF,Daily,tag2026,tag2026
12090,Shivamogga Town KSR Bangaluru Jan Satabdi Express,SF,Daily,tag2026,tag2026
12091,Dehardun Kathgodam Naini Doon Janshatabadi Express,SF,,,tag2026
12092,Kathgodam Dahradun Naini Doon Janshatabadi Express,SF,,,tag2026
12101,Mumbai Ltt - Howrah Janeswari Super Deluxe Exp,SF,"Mon,Tue,Fri",tag2026,ogd2017
12102,Howrah - Mumbai Ltt Janeswari Super Deluxe Exp,SF,"Mon,Wed,Thu,Sun",tag2026,tag2026
12103,Pune Lucknow Jn SuperFast Express,SF,Tue,tag2026,tag2026
12104,Lucknow Jn - Pune Express,SF,Wed,tag2026,tag2026
12105,Vidarbha Express,SF,Daily,tag2026,tag2026
12106,Vidarbha Express,SF,Daily,tag2026,tag2026
12107,Mumbai Ltt Lucknow Superfast Express,SF,"Mon,Wed,Sat",tag2026,tag2026
12108,Lucknow Mumbai Ltt Superfast Express,SF,"Tue,Thu,Sun",tag2026,tag2026
12109,Panchavati Express,SF,Daily,tag2026,tag2026
12110,Panchavati Express,SF,Daily,tag2026,tag2026
12111,Mumbai CST-Amaravati SF Express,SF,Daily,tag2026,tag2026
12112,Amaravati-Mumbai Cst Express,SF,Daily,tag2026,tag2026
12113,Pune-Nagpur Garib Rath Express,GR,,,tag2026
12114,Nagpur-Pune Garib Rath,GR,"Tue,Fri,Sun",tag2026,tag2026
12115,Siddheshwar Express,SF,Daily,tag2026,tag2026
12116,Siddheshwar Express,SF,Daily,tag2026,tag2026
12117,Mumbai LTT- Manmad Express,SF,Daily,wikipedia,ogd2017
12118,Manmad-Mumbai Ltt Express,SF,Daily,wikipedia,ogd2017
12119,Amaravati Nagpur Express,SF,Daily,tag2026,tag2026
12120,Nagpur Amravati Express,SF,Daily,tag2026,tag2026
12121,Jabalpur - Delhi H Nizamuddin S Kranti Exp,SKr,,,ogd2017
12122,Delhi H Nizamuddin - Jabalpur S Kranti Exp,SKr,,,ogd2017
12123,Deccan Queen SF Express,SF,Daily,tag2026,tag2026
12124,Deccan Queen SF Express,SF,Daily,tag2026,tag2026
12125,Pragati Superfast Express,SF,Daily,tag2026,ogd2017
12126,Pragati Superfast Express,SF,Daily,tag2026,tag2026
12127,MumbaiCST-Pune SF InterCity,SF,Daily,tag2026,tag2026
12128,Pune-MumbaiCST Intercity Express,SF,Daily,tag2026,tag2026
12129,Pune - Howrah Azad Hind SF Exp,SF,Daily,tag2026,tag2026
12130,Howrah - Pune Azad Hind SF Exp,SF,Daily,tag2026,tag2026
12131,Mumbai Dadar-Sainagar Shirdi Express,SF,"Mon,Wed,Sat",tag2026,tag2026
12132,Sainagar Shirdi-Mumbai Dadar Express,SF,,,tag2026
12133,Mumbai Cst - Mangalore Exp,SF,Daily,tag2026,tag2026
12134,Mangalore - Mumbai Cst Exp,SF,Daily,tag2026,tag2026
12135,Pune -Nagpur SuperFast Express,SF,"Tue,Thu,Sun",wikipedia,tag2026
12136,Nagpur Pune Express,SF,"Mon,Wed",tag2026,tag2026
12137,Punjab Mail,SF,Daily,tag2026,tag2026
12138,Punjab Mail,SF,Daily,tag2026,tag2026
12139,Sevagram Express,SF,Daily,tag2026,tag2026
12140,Sevagram Express,SF,Daily,tag2026,tag2026
12141,Mumbai Ltt - Patliputra SF Exp,SF,Daily,tag2026,tag2026
12142,Patliputra - Mumbai Ltt SF Exp,SF,Daily,tag2026,tag2026
12143,Ltt Sultanpur Superfast Weekly Express,SF,Sun,tag2026,tag2026
12144,Sultanpur-LTT Weekly SF Express,SF,Tue,tag2026,tag2026
12145,Mumbai Ltt - Puri SF Exp,SF,Sun,tag2026,tag2026
12146,Puri - Mumbai Ltt SF Exp,SF,Tue,tag2026,tag2026
12147,Kolhapur-Nizamuddin Express,SF,,,ogd2017
12148,Nizamuddin-Kolhapur Express,SF,Thu,tag2026,tag2026
12149,Pune - Patliputra SF Exp,SF,,,ogd2017
12150,Patliputra - Pune SF Exp,SF,,,ogd2017
12151,Mumbai Ltt - Howrah Samarsata SF Exp,SF,"Wed,Thu",tag2026,tag2026
12152,Howrah - Mumbai Ltt Samarsata SF Exp,SF,"Fri,Sat",tag2026,tag2026
12153,Lokmanya Tilak (T) Habibganj Express,SF,Thu,tag2026,tag2026
12154,Habibganj Ltt Superfast Express,SF,Fri,tag2026,tag2026
12155,Shaan-e-Bhopal Express,SF,Daily,tag2026,tag2026
12156,Shaan E Bhopal SF Express,SF,Daily,tag2026,tag2026
12157,Hutatma Express,SF,Daily,tag2026,tag2026
12158,Hutatma Express,SF,Daily,tag2026,tag2026
12159,Amravati -Jabalpur Express,SF,Daily,tag2026,ogd2017
12160,Jabalpur - Amravati Express,SF,Daily,tag2026,tag2026
12161,Lashkar Superfast Express,SF,Fri,tag2026,tag2026
12162,Lashkar Express,SF,Sat,tag2026,tag2026
12163,Dadar - Chennai Egmore SF Exp,SF,Daily,tag2026,tag2026
12164,Dadar - Chennai Egmore SF Exp,SF,Daily,tag2026,tag2026
12165,Mumbai Ltt - Varanasi Ratnagiri Exp,SF,"Mon,Thu,Fri",tag2026,tag2026
12166,Varanasi - Mumbai Ltt Ratnagiri SF Exp,SF,,,ogd2017
12167,Mumbai Ltt - Varanasi SF Exp,SF,Daily,tag2026,tag2026
12168,Varanasi - Mumbai Ltt SF Exp,SF,Daily,tag2026,tag2026
12169,Pune Solapur InterCity Express,SF,Daily,tag2026,tag2026
12170,Solapur Pune Intercity Express,SF,Daily,tag2026,tag2026
12171,Mumbai Ltt -Haridwar AC Express,SF,"Mon,Thu",tag2026,tag2026
12172,Haridwar-Mumbai Ltt AC Express,SF,"Tue,Fri",tag2026,tag2026
12173,Udyog Nagri Express,SF,"Tue,Sun",tag2026,tag2026
12174,Udyog Nagri Express,SF,"Tue,Thu",tag2026,tag2026
12175,Chambal Express,SF,,,ogd2017
12176,Chambal Express,SF,,,ogd2017
12177,Chambal Express,SF,,,ogd2017
12178,Chambal Express,SF,,,ogd2017
12179,Lucknow Agra Intercity SF Express,SF,Daily,wikipedia,ogd2017
12180,Agra Lucknow Intercity SF Express,SF,Daily,wikipedia,tag2026
12181,Jabalpur - Ajmer Dayodaya Exp,SF,Daily,wikipedia,ogd2017
12182,Ajmer - Jabalpur Dayodaya Express,SF,Daily,wikipedia,ogd2017
12183,Bhopal Partapgarh Express,SF,"Tue,Fri,Sun",tag2026,tag2026
12184,Pratapgarh-Bhopal Express,SF,"Mon,Wed,Sat",tag2026,tag2026
12185,Bhopal Habibganj - Rewa Rewanchal Exp,SF,Daily,tag2026,tag2026
12186,Rewa - Bhopal Habibganj Rewanchal Exp,SF,Daily,tag2026,tag2026
12187,Jabalpur-CST Garib Rath Express,GR,"Mon,Wed,Sat",tag2026,tag2026
12188,Mumbai-Jabalpur Garib Rath Express,GR,"Tue,Thu,Sun",tag2026,tag2026
12189,Jabalpur - Delhi H Nizamuddin Mahakoshal SF Exp,SF,Daily,wikipedia,ogd2017
12190,Delhi H Nizamuddin - Jabalpur Mahakoshal SF Exp,SF,Daily,wikipedia,ogd2017
12191,Shridham Express,SF,Daily,wikipedia,ogd2017
12192,Jabalpur-New Delhi Superfast Express,SF,Daily,wikipedia,ogd2017
12193,Bhopal Partapgarh Express,SF,Sun,tag2026,tag2026
12194,Partapgarh Bhopal SuperFast Express,SF,Sat,tag2026,tag2026
12195,Agra Fort - Ajmer Express,SF,Daily,tag2026,tag2026
12196,Ajmer-Agra Fort Express,SF,Daily,tag2026,ogd2017
12197,Bhopal Gwalior InterCity Express,SF,,,tag2026
12198,Gwalior Bhopal InterCity Express,SF,Daily,tag2026,ogd2017
12201,Mumbai Ltt - Kochuveli Garib Rath Exp,GR,"Mon,Fri",tag2026,ogd2017
12202,Kochuveli - Mumbai Ltt Garib Rath Exp,GR,"Thu,Sun",tag2026,tag2026
12203,Saharsa Amritsar Garib Rath,GR,"Mon,Thu,Sun",tag2026,tag2026
12204,Amritsar Saharsa Garib Rath,GR,"Wed,Sat,Sun",wikipedia,ogd2017
12205,New Delhi-Dehradun AC Express,SF,,,ogd2017
12206,Dehradun-NewDelhi AC Express,SF,,,ogd2017
12207,Kathgodam-Jammu Garib Rath Express,GR,Tue,tag2026,tag2026
12208,Jammu-Kathgodam Garib Rath Express,GR,Sun,tag2026,tag2026
12209,Kanpur-Kathgodam Garib Rath,GR,Tue,wikipedia,ogd2017
12210,Kathgodam-Kanpur Garib Rath,GR,Mon,tag2026,tag2026
12211,Muzaffarpur-Anand Vihar(T) Garib Rath Exp.,GR,Fri,tag2026,tag2026
12212,Anand Vihar T.- Muzaffarpur Garib Rath,GR,Wed,tag2026,tag2026
12213,Yeswantpur-Delhi Sarai Rohilla AC Duronto Express,Drnt,Sat,tag2026,tag2026
12214,Delhi Sarai Rohilla-Yesvantpur AC Duronto Express,Drnt,Mon,tag2026,tag2026
12215,Delhi Sarai Rohilla-Mumbai BandraT Garib Rath,GR,"Mon,Tue,Thu,Sat",tag2026,tag2026
12216,Mumbai Bandra T. - Delhi Sarai Rohilla Garib Rath,GR,"Tue,Wed,Fri,Sun",tag2026,tag2026
12217,Kochuveli - Chandigarh Kerala Sampark Kranti Exp,SKr,"Mon,Sat",tag2026,tag2026
12218,Chandigarh - Kochuveli Kerala Sampark Kranti Exp,SKr,"Wed,Fri",tag2026,tag2026
12219,Lokmanya Tilak (T)-Secunderabad AC Duronto Express,Drnt,"Wed,Sat",tag2026,tag2026
12220,Secunderabad-Mumbai Ltt AC Duronto Express,Drnt,"Tue,Fri",tag2026,tag2026
12221,Pune - Howrah AC Duronto Exp,Drnt,"Mon,Sat",tag2026,tag2026
12222,Howrah - Pune AC Duronto Exp,Drnt,"Thu,Sat",tag2026,tag2026
12223,Mum Ltt - Ernakulam AC Duronto,Drnt,"Tue,Sat",tag2026,tag2026
12224,Ernakulam - Mum Ltt AC Duronto,Drnt,"Wed,Sun",tag2026,tag2026
12225,Kaifiat Express,SF,Daily,tag2026,ogd2017
12226,Kaifiat Express,SF,Daily,tag2026,tag2026
12227,Mumbai Central- Indore Duronto Express,Drnt,"Thu,Sat",tag2026,tag2026
12228,Indore- Mumbai Central Duronto Express,Drnt,"Fri,Sun",tag2026,tag2026
12229,Lucknow Mail,SF,Daily,tag2026,tag2026
12230,Lucknow Mail,SF,Daily,tag2026,tag2026
12231,Lucknow-Chandigarh Express,SF,Daily,wikipedia,ogd2017
12232,Chandigarh - Lucknow Sadhbhavna SF Express,SF,Daily,wikipedia,ogd2017
12235,Dibrugarh - New Delhi Rajdhani Exp,Raj,Fri,tag2026,tag2026
12236,New Delhi - Dibrugarh Rajdhani Exp,Raj,,,ogd2017
12237,Varanasi-Jammu Tawi SF Express,SF,Daily,tag2026,tag2026
12238,Jammu-Varanasi SF Express,SF,Daily,tag2026,tag2026
12239,Mumbai Central Jaipur AC Duronto Express,Drnt,"Tue,Sun",tag2026,tag2026
12240,Jaipur-Mumbai Central AC Duronto Express,Drnt,"Tue,Thu",tag2026,tag2026
12241,Chandigarh-Amritsar Duronto Express,Drnt,,,ogd2017
12242,Amritsar-Chandigarh Duronto Express,Drnt,,,ogd2017
12243,Chennai Central-Coimbatore AC Duronto Express,Drnt,"Mon,Wed,Thu,Fri,Sat,Sun",tag2026,tag2026
12244,Coimbatore-Chennai Central AC Duronto Express,Drnt,"Mon,Wed,Thu,Fri,Sat,Sun",tag2026,tag2026
12245,Howrah - Yesvantpur AC Duronto Exp,Drnt,"Tue,Wed,Fri,Sat,Sun",tag2026,tag2026
12246,Yesvantpur - Howrah AC Duronto Exp,Drnt,"Mon,Tue,Thu,Fri,Sun",tag2026,tag2026
12247,Mumbai Bandra – Hazrat Nizamuddin Superfast Express,SF,Fri,tag2026,tag2026
12248,Hazrat Nizamuddin – Mumbai Bandra Superfast Express,SF,Sat,tag2026,tag2026
12249,Howrah – Anand Vihar Terminal Superfast Express,SF,Daily,tag2026,tag2026
12250,Anand Vihar Terminal – Howrah Superfast Express,SF,Daily,tag2026,tag2026
12251,Wainganga express,SF,"Tue,Fri",tag2026,tag2026
12252,Wainganga express,SF,"Thu,Sun",tag2026,tag2026
12253,Yesvantpur - Bhagalpur Anga SF Exp,SF,,,ogd2017
12254,Bhagalpur - Yesvantpur Anga SF Exp,SF,Wed,tag2026,tag2026
12257,Yesvantapur Kochuveli Garib Rath Express,GR,"Tue,Thu,Sun",tag2026,tag2026
12258,Kochuveli-Yesvantpur Garib Rath,GR,"Mon,Wed,Fri",tag2026,tag2026
12259,Sealdah-New Delhi AC Duronto Express,Drnt,"Mon,Wed",tag2026,tag2026
12260,New Delhi-Sealdah AC Duronto Express,Drnt,"Mon,Tue,Thu,Fri",tag2026,tag2026
12261,Mumbai Cst - Howrah AC Duronto Exp,Drnt,,,tag2026
12262,Howrah - Mumbai Cst AC Duronto Exp,Drnt,"Mon,Tue,Wed,Fri",tag2026,tag2026
12263,Pune - Hazrat Nizamuddin AC Duronto Express,Drnt,,,tag2026
12264,Hazrat Nizamuddin-Pune AC Duronto Express,Drnt,"Mon,Thu",tag2026,tag2026
12265,Delhi Sarai Rohilla Jammu Tawi Duronto Express,Drnt,"Tue,Fri,Sun",tag2026,tag2026
12266,Jammu Tawi-Delhi Sarai Rohilla Duronto Express,Drnt,"Mon,Wed,Sat",tag2026,tag2026
12267,Mumbai Central-Ahmedabad AC Duronto Express,Drnt,Daily,tag2026,tag2026
12268,Ahmedabad-Mumbai Central AC Duronto Express,Drnt,Daily,tag2026,tag2026
12269,Chennai-Hazrat Nizamuddin Duronto Express,Drnt,"Mon,Fri",tag2026,tag2026
12270,Hazrat Nizamuddin-Chennai Duronto,Drnt,"Tue,Sat",tag2026,tag2026
12273,Howrah-New Delhi Duronto Express,Drnt,"Mon,Fri",tag2026,tag2026
12274,New Delhi-Howrah Duronto Express,Drnt,"Tue,Sat",tag2026,tag2026
12275,Allahabad-New Delhi Duronto Express,Drnt,"Tue,Thu,Fri,Sun",tag2026,tag2026
12276,New Delhi-Allahabad Duronto Express,Drnt,"Mon,Wed,Fri,Sat",tag2026,tag2026
12277,Howrah Puri Duronto Express,Drnt,Daily,tag2026,tag2026
12278,Puri-Howrah AC Duronto Express,Drnt,Daily,tag2026,tag2026
12279,Jhansi-H.Nizamuddin Taj Express,SF,Daily,tag2026,tag2026
12280,H.Nizamuddin-Jhansi Taj Express,SF,Daily,tag2026,tag2026
12281,Bhubaneswar-New Delhi Duronto,Drnt,Wed,tag2026,tag2026
12282,New Delhi-Bhubaneswar Duronto Express,Drnt,Thu,tag2026,tag2026
12283,Ernakulam - Delhi H Nizamuddin Duronto Exp,Drnt,Tue,tag2026,tag2026
12284,Delhi H Nizamuddin - Ernakulam Duronto Exp,Drnt,Sat,tag2026,tag2026
12285,Secunderabad- Hazrat Nizamuddin Duronto Express,Drnt,"Thu,Sun",tag2026,tag2026
12286,Hazrat Nizamuddin-Secunderabad Duronto Express,Drnt,"Mon,Fri",tag2026,tag2026
12289,Mumbai CSTM-Nagpur Duronto Express,Drnt,Daily,tag2026,tag2026
12290,Nagpur-Mumbai Cst Duronto Express,Drnt,Daily,tag2026,tag2026
12291,Yesvantpur - Chennai SF Exp,SF,Fri,tag2026,tag2026
12292,Chennai - Yesvantpur SF Exp,SF,Sat,tag2026,tag2026
12293,Lokmanya Tilak – Allahabad Superfast Express,SF,"Mon,Fri",tag2026,tag2026
12294,Allahabad – Lokmanya Tilak Superfast Express,SF,,,ogd2017
12295,Bangalore - Patliputra Sanghamitra SF Exp,SF,Daily,tag2026,tag2026
12296,Patliputra - Bangalore Sanghamitra SF Exp,SF,Daily,tag2026,tag2026
12297,Ahmedabad – Pune Superfast Express,SF,"Tue,Fri,Sun",tag2026,tag2026
12298,Pune – Ahmedabad Superfast Express,SF,,,tag2026
12301,Howrah-New Delhi Rajdhani Express,Raj,"Mon,Tue,Wed,Thu,Fri,Sat",tag2026,tag2026
12302,New Delhi-Howrah Rajdhani Express,Raj,"Mon,Tue,Wed,Thu,Sat,Sun",tag2026,tag2026
12303,Poorva Express,SF,"Mon,Tue,Fri,Sat",tag2026,tag2026
12304,Poorva Express,SF,"Wed,Thu,Sat,Sun",tag2026,tag2026
12305,Howrah-New Delhi Rajdhani Express,Raj,Sun,tag2026,tag2026
12306,New Delhi-Howrah Rajdhani Express,Raj,Fri,tag2026,tag2026
12307,Howrah-Jodhpur SF Express,SF,,,ogd2017
12308,Jodhpur-Howrah SF Express,SF,,,ogd2017
12309,Rajendra Nagar-New Delhi Rajdhani Express,Raj,Daily,tag2026,tag2026
12310,New Delhi Rajendra Nagar Rajdhani Express,Raj,Daily,tag2026,tag2026
12311,Kalka Mail,SF,Daily,tag2026,ogd2017
12312,Kalka Mail,SF,Daily,tag2026,tag2026
12313,Kol Sealdah - New Delhi Rajdhani Exp,Raj,Daily,tag2026,tag2026
12314,New Delhi - Kol Sealdah Rajdhani Exp,Raj,Daily,tag2026,tag2026
12315,Ananya Express,SF,Thu,tag2026,tag2026
12316,Ananya Express,SF,,,ogd2017
12317,Kolkata Sealdah - Amritsar Akal Takht Exp,SF,"Wed,Sun",tag2026,tag2026
12318,Akal Takht Express,SF,"Tue,Fri",tag2026,tag2026
12319,Kolkata Chitpur - Agra Cantt SF Exp,SF,Wed,wikipedia,ogd2017
12320,Agra Cantt - Kolkata Chitpur SF Exp,SF,Thu,wikipedia,ogd2017
12321,Howrah - Mumbai Cst Mail (via Allahabad),SF,Daily,tag2026,tag2026
12322,Mumbai Cst - Howrah Mail (via Allahabad),SF,Daily,tag2026,tag2026
12323,Howrah-NewDelhi SF Express,SF,"Tue,Fri",tag2026,tag2026
12324,New Delhi-Howrah SF Express,SF,"Wed,Sat",tag2026,tag2026
12325,Kolkata Chitpur - Nangal Dam Gurumukhi Exp,SF,Thu,tag2026,tag2026
12326,Nangal Dam - Kolkata Chitpur Gurumukhi Exp,SF,Sat,tag2026,tag2026
12327,Upasana Express,SF,,,ogd2017
12328,Upasana Express,SF,,,tag2026
12329,West Bengal Sampark Kranti,SKr,,,ogd2017
12330,West Bengal Sampark Kranti Express,SKr,,,ogd2017
12331,Himgiri Express,SF,"Tue,Fri,Sat",tag2026,tag2026
12332,Himgiri Express,SF,"Mon,Thu",tag2026,tag2026
12333,Vibhuti Express,SF,Daily,tag2026,tag2026
12334,Vibhuti Express,SF,Daily,tag2026,ogd2017
12335,Bhagalpur - Mumbai Ltt SF Exp,SF,"Tue,Fri",tag2026,tag2026
12336,Mumbai Ltt - Bhagalpur SF Exp,SF,"Tue,Sun",tag2026,tag2026
12337,Shantiniketan Express,SF,Daily,tag2026,tag2026
12338,Shantiniketan Express,SF,Daily,tag2026,tag2026
12339,Coalfield Express,SF,Daily,tag2026,tag2026
12340,Coalfield Express,SF,Daily,tag2026,tag2026
12341,Agniveena Express,SF,Daily,tag2026,ogd2017
12342,Agniveena Express,SF,Daily,tag2026,tag2026
12343,Darjeeling Mail,SF,Daily,tag2026,tag2026
12344,Darjeeling Mail,SF,Daily,tag2026,ogd2017
12345,Howrah - Guwahati Saraighat SF Exp,SF,Daily,tag2026,tag2026
12346,Guwahati - Howrah Saraighat SF Exp,SF,Daily,tag2026,tag2026
12347,Howrah-Rampur Hat SF Express,SF,Daily,tag2026,tag2026
12348,Rampur Hat-Howrah SF Express,SF,Daily,tag2026,tag2026
12349,Bhagalpur-NewDelhi Weekly SF Express,SF,Mon,tag2026,tag2026
12350,NewDelhi-Bhagalpur Weekly SF Express,SF,Tue,tag2026,tag2026
12351,Howrah- Danapur Express,SF,Daily,tag2026,ogd2017
12352,Danapur- Howrah Express,SF,Daily,wikipedia,ogd2017
12353,Hwh Lku Express,SF,,,ogd2017
12354,Lalkuan – Howrah Superfast Express,SF,,,tag2026
12355,Archana Express,SF,"Tue,Sat",tag2026,tag2026
12356,Archana Express,SF,"Wed,Sun",tag2026,tag2026
12357,Kolkata Chitpur - Amritsar Durgiana SF Exp,SF,"Tue,Sat",tag2026,tag2026
12358,Amritsar - Kolkata Chitpur Durgiana SF Exp,SF,"Mon,Thu",tag2026,tag2026
12359,Kolkata Chitpur - Patna Garib Rath Exp,GR,,,ogd2017
12360,Kolkata Chitpur - Patna Garib Rath Exp,GR,,,ogd2017
12361,Asansol - Mumbai Cst SF Exp,SF,Sun,tag2026,tag2026
12362,Mumbai Cst - Asansol SF Exp,SF,Wed,tag2026,tag2026
12363,Kolkata Chitpur - Haldibari SF Intercity Exp,SF,"Tue,Thu",tag2026,tag2026
12364,Haldibari - Kolkata Chitpur SF Intercity Exp,SF,"Wed,Fri",tag2026,tag2026
12365,Patna-Ranchi Jan Shatabdi Express,JShtb,Daily,tag2026,tag2026
12366,Ranchi Patna Jan Shatabdi Express,JShtb,Daily,tag2026,tag2026
12367,Vikramshila Express,SF,Daily,tag2026,tag2026
12368,Vikramshila Express,SF,Daily,tag2026,tag2026
12369,Kumbh Express,SF,,,ogd2017
12370,Kumbh Express,SF,,,ogd2017
12371,Howrah – Jaisalmer Superfast Express,SF,Mon,tag2026,tag2026
12372,Jaisalmer – Howrah Superfast Express,SF,Thu,tag2026,tag2026
12373,Sealdah - Rampurhat Intercity SF Exp,SF,,,ogd2017
12374,Rampurhat - Sealdah Intercity SF Exp,SF,,,ogd2017
12375,Chennai – Asansol Superfast Express,SF,,,ogd2017
12376,Asansol – Chennai Superfast Express,SF,Wed,tag2026,tag2026
12377,Padatik Express,SF,Daily,tag2026,tag2026
12378,Padatik Express,SF,Daily,tag2026,tag2026
12379,Sealdah - Amritsar Superfast Express,SF,Fri,tag2026,tag2026
12380,Amritsar - Sealdah Superfast Express,SF,Sun,tag2026,tag2026
12381,Poorva Express,SF,"Wed,Thu,Sun",tag2026,tag2026
12382,Poorva Express,SF,"Mon,Tue,Fri",tag2026,tag2026
12383,Howrah-Dhanbad AC Dd Express,SF,"Mon,Tue,Wed,Thu,Fri,Sat",tag2026,tag2026
12384,Dhanbad-Howrah AC Dd Express,SF,"Mon,Tue,Wed,Thu,Fri,Sat",tag2026,tag2026
12389,Gaya - Chennai Egmore SF Exp,SF,Sun,tag2026,tag2026
12390,Chennai Egmore - Gaya SF Exp,SF,Tue,tag2026,tag2026
12391,Shramjeevi Express,SF,Daily,tag2026,tag2026
12392,Shramjeevi Express,SF,Daily,tag2026,tag2026
12393,Sampoorna Kranti Express,SF,Daily,tag2026,tag2026
12394,Sampoorna Kranti Express,SF,Daily,tag2026,tag2026
12395,RajendraNagar-Ajmer Ibadat Express,SF,Mon,tag2026,tag2026
12396,Ajmer-RajendraNagar Ziyarat Express,SF,,,ogd2017
12397,Mahabodhi Express,SF,Daily,tag2026,tag2026
12398,Mahabodhi Express,SF,Daily,tag2026,tag2026
12401,Magadh Express,SF,Daily,tag2026,tag2026
12402,Magadh Express,SF,Daily,tag2026,tag2026
12403,Prayagraj Lalgarh Express,SF,"Mon,Tue,Thu,Sat",tag2026,tag2026
12404,Lalgarh Prayagraj Express,SF,"Tue,Wed,Fri,Sun",tag2026,tag2026
12405,Gondwana Express,SF,,,tag2026
12406,H.Nizamuddin-Bhusaval Gondwana Express,SF,"Fri,Sun",tag2026,tag2026
12407,New Jalpaiguri - Amritsar Karmabhoomi Exp,SF,Wed,tag2026,tag2026
12408,Amritsar - New Jalpaiguri Karmabhoomi Exp,SF,Fri,tag2026,tag2026
12409,Gondwana Express,SF,"Mon,Wed,Thu,Fri,Sat",tag2026,tag2026
12410,Gondwana Express,SF,"Mon,Tue,Wed,Thu,Sat",tag2026,tag2026
12411,Chandigarh - Amritsar Intercity SF Exp,SF,Daily,tag2026,tag2026
12412,Amritsar - Chandigarh Intercity SF Exp,SF,Daily,tag2026,tag2026
12413,Pooja express,SF,Daily,tag2026,tag2026
12414,Pooja Express,SF,Daily,tag2026,tag2026
12415,Indore-Nizamuddin Express,SF,Daily,tag2026,tag2026
12416,Nizamuddin-Indore Express,SF,Daily,tag2026,tag2026
12417,Prayagraj Express,SF,Daily,tag2026,tag2026
12418,Prayagraj Express,SF,Daily,tag2026,tag2026
12419,Gomti Express,SF,Daily,tag2026,ogd2017
12420,Gomti Express,SF,Daily,wikipedia,ogd2017
12421,Hazur Sahib Nanded – Amritsar Superfast Express,SF,Wed,tag2026,tag2026
12422,Amritsar – Hazur Sahib Nanded Superfast Express,SF,,,ogd2017
12423,Dibrugarh Town - New Delhi Rajdhani Exp,Raj,,,ogd2017
12424,New Delhi - Dibrugarh Town Rajdhani Exp,Raj,Daily,tag2026,tag2026
12425,Jammu Rajdhani Express,Raj,Daily,tag2026,tag2026
12426,Jammu Rajdhani Express,Raj,Daily,tag2026,tag2026
12427,Rewa - Delhi Anand Vihar SF Exp,SF,Daily,tag2026,tag2026
12428,Delhi Anand Vihar - Rewa SF Exp,SF,Daily,tag2026,tag2026
12430,New Delhi Lucknow AC Express,SF,Daily,tag2026,tag2026
12431,Trivandrum - Delhi H Nizamuddin Rajdhani Exp,Raj,"Tue,Thu,Fri",tag2026,tag2026
12432,Delhi H Nizamuddin - Trivandrum Rajdhani Exp,Raj,"Tue,Wed,Sun",tag2026,ogd2017
12433,Chennai Central-Delhi H.Nizamuddin Rajdhani Expres,Raj,"Fri,Sun",tag2026,tag2026
12434,Delhi H.Nizamuddin-Chennai Central Rajdhani Expres,Raj,"Wed,Fri",tag2026,tag2026
12435,Dibrugarh Town - New Delhi Rajdhani Exp,Raj,"Mon,Fri",tag2026,tag2026
12436,New Delhi - Dibrugarh Town Rajdhani Exp,Raj,,,ogd2017
12437,Secunderabad Rajdhani Express,Raj,Wed,tag2026,tag2026
12438,Secunderabad Rajdhani Express,Raj,Sun,tag2026,tag2026
12439,Ranchi - New Delhi Rajdhani Exp,Raj,,,ogd2017
12440,New Delhi - Ranchi Rajdhani Exp,Raj,,,ogd2017
12441,Bilaspur-New Delhi Rajdhani Express,Raj,"Mon,Thu",tag2026,tag2026
12442,Bilaspur Rajdhani Express,Raj,"Tue,Sat",tag2026,tag2026
12443,Haldia – Anand Vihar Terminal Superfast Express,SF,Thu,tag2026,tag2026
12444,Anand Vihar Terminal – Haldia Superfast Express,SF,Tue,tag2026,tag2026
12445,Uttar Sampark Kranti Express,SKr,Daily,tag2026,tag2026
12446,Uttar Sampark Kranti Express,SKr,Daily,tag2026,tag2026
12447,Up Sampark Kranti Express,SKr,Daily,wikipedia,ogd2017
12448,Up Sampark Kranti Express,SKr,Daily,wikipedia,ogd2017
12449,Madgaon - Chandigarh Goa Sampark Kranti Exp,SKr,"Tue,Wed",tag2026,tag2026
12450,Chandigarh - Madgaon Goa Sampark Kranti Exp,SKr,"Mon,Sat",tag2026,tag2026
12451,Shram Shakti Express,SF,Daily,tag2026,tag2026
12452,Shram Shakti Express,SF,Daily,tag2026,tag2026
12453,Ranchi-New Delhi Rajdhani Express,Raj,,,ogd2017
12454,New Delhi-Ranchi Rajdhani Express,Raj,Sat,tag2026,tag2026
12455,DelhiSaraiRohilla-ShriGanganagar AC SF Express,SF,Daily,tag2026,tag2026
12456,ShriGanganagar-DelhiSaraiRohilla AC SF Express,SF,Daily,tag2026,tag2026
12457,Delhi SaraiRohilla-Bikaner Express,SF,,,tag2026
12458,Bikaner-DelhiSaraiRohiilla Express,SF,,,tag2026
12459,NewDelhi-Amritsar SF InterCity,SF,Daily,wikipedia,ogd2017
12460,Amritsar-New Delhi Intercity Express,SF,Daily,wikipedia,ogd2017
12461,Mandore Express,SF,"Mon,Wed,Thu,Fri,Sat,Sun",wikipedia,ogd2017
12462,Mandore Express,SF,"Mon,Wed,Thu,Fri,Sat,Sun",tag2026,tag2026
12463,Rajasthan Sampark Kranti Express,SKr,,,tag2026
12464,Rajasthan Sampark Kranti Express,SKr,Thu,tag2026,tag2026
12465,Indore-Jodhpur Ranthambhore Express,SF,Daily,tag2026,tag2026
12466,Jodhpur-Indore Ranthambhore Intercity Express,SF,Daily,tag2026,tag2026
12467,Bikaner Jaipur InterCity,SF,Daily,wikipedia,ogd2017
12468,Jaipur Bikaner InterCity Express,SF,Daily,wikipedia,tag2026
12469,Kanpur Jammu Express,SF,"Wed,Fri",tag2026,tag2026
12470,Jammu Kanpur Express,SF,"Tue,Thu",tag2026,tag2026
12471,Mumbai Bandra (T.) - Jammu Tawi SF Swaraj Express,SF,"Mon,Thu,Fri,Sun",tag2026,tag2026
12472,Jammu Tawi - Mumbai Bandra (T.) SF Swaraj Express,SF,"Tue,Wed,Fri,Sat",tag2026,tag2026
12473,Sarvodaya SF Express,SF,Sat,tag2026,tag2026
12474,Sarvodaya SF Express,SF,Thu,tag2026,tag2026
12475,Hapa - Jammu Tawi Sarvodaya SF Express,SF,"Tue,Wed",tag2026,tag2026
12476,Jammu Tawi - Hapa Sarvodaya SF Express,SF,Mon,tag2026,tag2026
12477,Jamnagar - Jammu Tawi SF Sindhu Express,SF,"Tue,Wed",tag2026,tag2026
12478,Jammu Tawi - Jamnagar (Weekly) Sindhu SF Express,SF,Sun,tag2026,tag2026
12479,Jodhpur - Mumbai Bandra Suryanagari SF Exp,SF,Daily,tag2026,tag2026
12480,Mumbai Bandra - Jodhpur Suryanagari SF Exp,SF,Daily,wikipedia,ogd2017
12481,Delhi Sriganganagar InterCity,SF,Daily,tag2026,tag2026
12482,Sriganganagar Delhi InterCity Express,SF,Daily,tag2026,tag2026
12483,Kochuveli - Amritsar SF Exp,SF,Wed,tag2026,tag2026
12484,Amritsar - Kochuveli SF Exp,SF,Sun,tag2026,tag2026
12485,H S Nanded - Shri Ganganagar Exp,SF,"Mon,Thu,Sun",tag2026,tag2026
12486,Shri Ganganagar - H S Nanded Exp,SF,,,ogd2017
12487,Seemanchal Express,SF,Daily,tag2026,tag2026
12488,Seemanchal Express,SF,Daily,tag2026,ogd2017
12489,Bikaner-Dadar Express,SF,,,ogd2017
12490,Dadar - Bikaner Express,SF,,,ogd2017
12491,Barauni - Jammu Tawi Maur Dhwaj Express,SF,,,ogd2017
12492,Jammu Tawi - Barauni Maur Dhwaj Express,SF,,,ogd2017
12493,Bangalore-Hazrat Nizammudin Rajdhani Express,Raj,,,tag2026
12494,Hazrat Nizamuddin-Bangalore Rajdhani Express,Raj,Fri,tag2026,tag2026
12495,Bikaner - Kolkata Chitpur Pratap Exp,SF,,,ogd2017
12496,Kolkata Chitpur - Bikaner Pratap Exp,SF,,,ogd2017
12497,Shan-e-Punjab Express,SF,Daily,tag2026,tag2026
12498,Shan-e-Punjab Express,SF,Daily,tag2026,tag2026
12501,Guwahati - New Delhi Poorvottar Sampark Kranti Exp,SKr,Sun,tag2026,tag2026
12502,New Delhi - Guwahati Poorvottar Sampark Kranti Exp,SKr,Wed,tag2026,tag2026
12503,Bangalore Cantonment – Kamakhya Superfast Express,SF,"Tue,Fri",tag2026,tag2026
12504,Kamakhya – Bangalore Cantonment Superfast Express,SF,"Tue,Sat",tag2026,tag2026
12505,Guwahati - Delhi Anand Vihar North East Exp,SF,Daily,tag2026,tag2026
12506,Delhi Anand Vihar - Guwahati North East Exp,SF,Daily,tag2026,tag2026
12507,Trivandrum - Guwahati SF Exp,SF,Tue,tag2026,tag2026
12508,Guwahati - Trivandrum SF Exp,SF,Thu,tag2026,tag2026
12509,Bengaluru - Guwahati (Kaziranga) SF Express,SF,,,tag2026
12510,Guwahati - Bengaluru (Kaziranga) SF Express,SF,,,ogd2017
12511,Rapti Sagar Express,SF,"Mon,Thu,Fri,Sun",tag2026,tag2026
12512,Rapti Sagar Expres,SF,"Tue,Wed",tag2026,tag2026
12513,Secunderabad - Guwahati Exp,SF,Sat,tag2026,tag2026
12514,Guwahati - Secunderabad Exp,SF,Thu,tag2026,tag2026
12515,Rivandrum - Guwahati Exp,SF,Sun,tag2026,tag2026
12516,Guwahati - Trivandrum Central Exp,SF,Tue,tag2026,tag2026
12517,Kolkata - Guwahati Garib Rath Exp,GR,Thu,tag2026,tag2026
12518,Guwahati - Kolkata Garib Rath Exp,GR,Sat,tag2026,tag2026
12519,Mumbai Ltt - Kamakhya AC Exp,SF,Sun,tag2026,tag2026
12520,Kamakhya - Mumbai Ltt AC Exp,SF,Thu,tag2026,ogd2017
12521,Raptisagar Express,SF,Mon,tag2026,tag2026
12522,Raptisagar Express,SF,Fri,tag2026,tag2026
12523,New Jalpaiguri-New Delhi Superfast Express,SF,"Tue,Sat",tag2026,tag2026
12524,New Delhi New Jalpaiguri SuperFast Express,SF,"Wed,Sun",tag2026,tag2026
12525,Indrayani SF Express,SF,,,ogd2017
12526,Indrayani SF Express,SF,,,ogd2017
12527,Mumbai CST-Latur Superfast Express.,SF,,,ogd2017
12529,Bhopal-Jabalpur Intercity Express,SF,,,ogd2017
12530,Jabalpur-Bhopal Intercity,SF,,,ogd2017
12531,Gorakhpur Lucknow InterCity Express,SF,,,ogd2017
12532,Lucknow Gorakhpur Inter City Express,SF,,,ogd2017
12533,Pushpak Express,SF,Daily,tag2026,tag2026
12534,Pushpak Express,SF,Daily,tag2026,tag2026
12535,Lucknow-Raipur Garib Rath Express,GR,"Mon,Thu",tag2026,tag2026
12536,Raipur-Lucknow Garib Rath,GR,"Tue,Fri",tag2026,tag2026
12537,Bapudham Express,SF,,,ogd2017
12538,Bapudham Express,SF,,,ogd2017
12539,Yesvantpur - Lucknow SF Exp,SF,Wed,tag2026,tag2026
12540,Lucknow - Yesvantpur SF Exp,SF,Fri,tag2026,tag2026
12541,Gorakhpur-Mumbai Ltt SF Express,SF,,,ogd2017
12542,Mumbai LTT-Gorakhpur SF Express,SF,,,ogd2017
12545,Raxaul - Mumbai Ltt Karmabhoomi Exp,SF,Thu,tag2026,tag2026
12546,Mumbai Ltt - Raxaul Karmabhoomi Exp,SF,Sat,tag2026,ogd2017
12547,Agra Fort Ahmedabad Tri Weekly Express,SF,"Mon,Tue",tag2026,tag2026
12548,Ahmedabad-Agra Fort Express,SF,"Mon,Wed,Thu,Sun",tag2026,tag2026
12549,Durg - Jammu Tawi SF Exp,SF,Tue,tag2026,tag2026
12550,Jammu Tawi - Durg SF Exp,SF,Thu,tag2026,tag2026
12551,Yesvantpur – Kamakhya Superfast Express,SF,,,ogd2017
12552,Kamakhya – Yesvantpur Superfast Express,SF,,,ogd2017
12553,Vaishali SF Express,SF,,,ogd2017
12554,Vaishali SF Express,SF,,,ogd2017
12555,Gorakhdham Express,SF,,,ogd2017
12556,Gorakhdham Express,SF,Daily,tag2026,tag2026
12557,Sapt Kranti SF Express,SF,Daily,tag2026,tag2026
12558,Sapt Kranti SF Express,SF,Daily,tag2026,tag2026
12559,Shiv Ganga Express,SF,Daily,tag2026,tag2026
12560,Shiv Ganga Express,SF,Daily,tag2026,tag2026
12561,Swatantrata Sainani Express,SF,Daily,tag2026,tag2026
12562,Swatantrata Sainani Express,SF,Daily,tag2026,tag2026
12565,Bihar Sampark Kranti Express,SKr,Daily,tag2026,tag2026
12566,Bihar Sampark Kranti Express,SKr,Daily,tag2026,tag2026
12567,Saharsa – Patna Superfast Express,SF,,,ogd2017
12568,Patna – Saharsa Superfast Express,SF,,,ogd2017
12569,Jaynagar-Delhi AnandViharT Garib Rath,GR,,,ogd2017
12570,Anand Vihar Terminus-Jaynagar Garib Rath Express,GR,,,ogd2017
12571,Gorakhpur Anand Vihar (T) Hamsafar Express,SF,"Wed,Fri,Sat,Sun",tag2026,tag2026
12572,Prashanti Nilayam Howrah SF Express,SF,,,tag2026
12577,Darbhanga - Mysore Bagmati SF Exp,SF,Tue,tag2026,ogd2017
12578,Mysore - Darbhanga Bagmati SF Exp,SF,Fri,tag2026,tag2026
12581,Pune Bhubaneshwar Express,SF,"Mon,Thu,Fri,Sat,Sun",tag2026,ogd2017
12582,Bhubaneshwar-Pune Express,SF,"Wed,Thu,Fri,Sat,Sun",tag2026,tag2026
12583,Lucknow Jn. Anand Vihar (T) Double Decker AC Express,SF,"Tue,Thu,Fri,Sun",tag2026,tag2026
12584,Anand Vihar (T) Lucknow Jn. AC Double Decker Express,SF,"Tue,Thu,Fri,Sun",tag2026,tag2026
12587,Amarnath Express,SF,Mon,tag2026,tag2026
12588,Amarnath Express,SF,Sat,tag2026,tag2026
12589,Gorakhpur-Secunderabad Express,SF,"Wed,Sat",tag2026,tag2026
12590,Secunderabad - Gorakhpur Express,SF,Thu,tag2026,tag2026
12591,Gorakhpur - Yesvantpur SF Exp,SF,Sat,tag2026,tag2026
12592,Yesvantpur - Gorakhpur SF Exp,SF,Mon,tag2026,tag2026
12593,Lucknow-Bhopal Garib Rath,GR,Sat,tag2026,tag2026
12594,Bhopal-Lucknow Garib Rath Express,GR,Sun,tag2026,tag2026
12595,Gorakhpur – Anand Vihar Terminal Superfast Express,SF,"Mon,Tue,Thu",tag2026,tag2026
12596,Anand Vihar Terminal – Gorakhpur Superfast Express,SF,,,tag2026
12597,Gorakhpur – Mumbai CSMT Superfast Express,SF,Tue,tag2026,tag2026
12598,Mumbai CSMT – Gorakhpur Superfast Express,SF,Wed,tag2026,tag2026
12601,Chennai Mangalore Mail,SF,Daily,tag2026,tag2026
12602,Chennai Mail,SF,Daily,tag2026,tag2026
12603,Chennai - Hyderabad Express,SF,Daily,tag2026,tag2026
12604,Hyderabad - Chennai Express,SF,Daily,tag2026,tag2026
12605,Pallavan Superfast Express,SF,Daily,tag2026,tag2026
12606,Pallavan Superfast Express,SF,Daily,tag2026,tag2026
12607,Chennai Central - Bangalore Lalbagh Exp,SF,Daily,tag2026,ogd2017
12608,Bangalore - Chennai Central Lalbagh Exp,SF,Daily,tag2026,tag2026
12609,Chennai Cent - Bangalore SF Intercity Exp,SF,,,ogd2017
12610,Bangalore - Chennai Cent SF Intercity Exp,SF,,,ogd2017
12611,Chennai Central-H.Nizamuddin Garib Rath Express,GR,Sat,tag2026,tag2026
12612,H Nizamuddin-Chennai Garib Rath Express,GR,Mon,tag2026,tag2026
12613,Tippu Express,SF,Daily,tag2026,tag2026
12614,Tippu Express,SF,Daily,tag2026,tag2026
12615,Grand Trunk (GT) Express,SF,Daily,tag2026,tag2026
12616,GrandTrunk Express,SF,Daily,tag2026,tag2026
12617,Ernakulam - New Delhi H Nizamuddin Mangala Lakshadweep Exp,SF,Daily,tag2026,tag2026
12618,New Delhi H Nizamuddin - Ernakulam Mangala Lakshadweep Exp,SF,Daily,tag2026,tag2026
12619,Mumbai Ltt - Mangalore Cent Matsyagandha Exp,SF,Daily,tag2026,tag2026
12620,Mangalore Cent - Mumbai Ltt Matsyagandha Exp,SF,Daily,tag2026,tag2026
12621,Tamil Nadu Express,SF,Daily,tag2026,tag2026
12622,Tamil Nadu Express,SF,Daily,tag2026,tag2026
12623,Chennai Tiruvananthapuram SF Mail,SF,Daily,tag2026,tag2026
12624,Tiruvananthapuram Chennai SF Mail,SF,Daily,tag2026,tag2026
12625,Kerala Express,SF,Daily,tag2026,tag2026
12626,Kerala Express,SF,Daily,tag2026,tag2026
12627,Karnataka Express,SF,Daily,tag2026,tag2026
12628,Karnataka Express,SF,Daily,tag2026,tag2026
12629,Karnataka Sampark Kranti Express,SKr,"Tue,Thu",tag2026,tag2026
12630,Karnataka Sampark Kranti Express,SKr,"Wed,Fri",tag2026,tag2026
12631,Chennai Egmore - Tirunelveli Nellai SF Exp,SF,Daily,tag2026,tag2026
12632,Tirunelveli - Chennai Egmore Nellai SF Exp,SF,Daily,tag2026,tag2026
12633,Chennai Egmore - Kanniyakumari SF Exp,SF,Daily,tag2026,tag2026
12634,Kanniyakumari - Chennai Egmore SF Exp,SF,Daily,tag2026,tag2026
12635,Chennai Egmore - Madurai Vaigai SF Exp,SF,Daily,tag2026,tag2026
12636,Madurai - Chennai Egmore Vaigai SF Exp,SF,Daily,tag2026,tag2026
12637,Chennai Egmore - Madurai Pandiyan SF Exp,SF,Daily,tag2026,tag2026
12638,Madurai - Chennai Egmore Pandiyan SF Exp,SF,Daily,tag2026,tag2026
12639,Chennai Cent - Bangalore Brindavan Exp,SF,Daily,tag2026,tag2026
12640,Bangalore - Chennai Cent Brindavan Exp,SF,Daily,tag2026,tag2026
12641,Kanyakumari - D H Nizamuddin Thirukkural Exp,SF,"Wed,Fri",tag2026,tag2026
12642,D H Nizamuddin - Kanyakumari Thirukkural Exp,SF,"Mon,Sat",tag2026,tag2026
12643,Swarna Jayanthi Express,SF,Tue,tag2026,tag2026
12644,Swarna Jayanti Express,SF,Fri,tag2026,tag2026
12645,Millennium Expres,SF,Sat,tag2026,tag2026
12646,Millennium Express,SF,Tue,tag2026,tag2026
12647,Kongu Express,SF,Sun,tag2026,tag2026
12648,Kongu Express,SF,Wed,tag2026,tag2026
12649,Karnataka Sampark Kranti Express,SKr,,,ogd2017
12650,Karnataka Sampark Kranti Express,SKr,"Mon,Tue,Thu",tag2026,tag2026
12651,Madurai - Delhi H Nizamuddin Tamil Nadu S Kranti,SKr,"Tue,Sun",tag2026,tag2026
12652,Delhi H Nizamuddin - Madurai Tamil Nadu S Kranti,SKr,"Tue,Thu",tag2026,tag2026
12653,Tiruchirappalli Mangalore Weekly Superfast Express,SF,Daily,tag2026,tag2026
12654,Mangalore Tiruchirappalli Weekly Superfast Express,SF,Daily,tag2026,tag2026
12655,Navjeevan Express,SF,Daily,wikipedia,ogd2017
12656,Navajivan Express,SF,Daily,wikipedia,ogd2017
12657,Chennai - Bangalore Mail,SF,Daily,tag2026,tag2026
12658,Bangalore - Chennai Mail,SF,Daily,tag2026,tag2026
12659,Gurudev Express,SF,Sun,tag2026,tag2026
12660,Shalimar-Nagercoil Gurudev Express,SF,Wed,tag2026,tag2026
12661,Chennai Egmore - Sengottai Pothigai SF Exp,SF,Daily,tag2026,tag2026
12662,Sengottai - Chennai Egmore Pothigai SF Exp,SF,Daily,tag2026,tag2026
12663,Howrah-Tiruchirappalli Express,SF,"Thu,Sun",tag2026,tag2026
12664,Tiruchirappalli-Howrah Express,SF,"Tue,Fri",tag2026,tag2026
12665,Howrah - Kanniyakumari SF Exp,SF,Mon,tag2026,tag2026
12666,Kanyakumari - Kol Howrah Weekly Exp,SF,Sat,tag2026,tag2026
12667,Chennai Egmore - Nagercoil SF Exp,SF,Thu,tag2026,tag2026
12668,Nagercoil - Chennai Egmore SF Exp,SF,Fri,tag2026,tag2026
12669,Chennai Central - Chhapra Ganga Kaveri Exp,SF,"Mon,Sat",tag2026,tag2026
12670,Chhapra - Chennai Central Ganga Kaveri Exp,SF,"Mon,Wed",tag2026,tag2026
12671,Nilgiri (Blue Mountain) Express,SF,Daily,tag2026,tag2026
12672,Nilgiri (Blue Mountain) Express,SF,Daily,tag2026,tag2026
12673,Cheran Express,SF,Daily,tag2026,tag2026
12674,Cheran Express,SF,Daily,tag2026,tag2026
12675,Kovai Express,SF,Daily,tag2026,tag2026
12676,Kovai Express,SF,Daily,tag2026,tag2026
12677,Bangalore City - Ernakulam Intercity SF Express,SF,,,ogd2017
12678,Ernakulam-BangaloreCity Intercity Express,SF,,,ogd2017
12679,ChennaiCentral-Coimbatore InterCity,SF,Daily,tag2026,tag2026
12680,Coimbatore-Chennai Central InterCity SF Express,SF,Daily,tag2026,tag2026
12681,Chennai-Coimbatore Express,SF,Sat,tag2026,tag2026
12682,Coimbatore-Chennai Express,SF,Fri,tag2026,tag2026
12683,Ernakulam - Bangalore SF Exp,SF,,,ogd2017
12684,Bangalore - Ernakulam SF Exp,SF,"Mon,Tue,Thu",tag2026,tag2026
12685,Chennai - Mangalore Express,SF,Daily,tag2026,tag2026
12686,Mangalore - Chennai Express,SF,Daily,tag2026,tag2026
12687,Chennai Dehradun Express,SF,,,ogd2017
12688,Dehradun Chennai Express,SF,,,ogd2017
12689,Chennai Central - Nagercoil SF Exp,SF,Fri,tag2026,tag2026
12690,Nagercoil - Chennai SF Exp,SF,Sun,tag2026,tag2026
12691,Chennai - Ssp Nilayam SF Exp,SF,Fri,tag2026,tag2026
12692,Ssp Nilayam - Chennai SF Exp,SF,Sat,tag2026,tag2026
12693,Chennai Egmore - Tuticorin Pearl City SF Exp,SF,Daily,tag2026,tag2026
12694,Tuticorin - Chennai Egmore Pearl City SF Exp,SF,Daily,tag2026,tag2026
12695,Chennai-Trivandrum SuperFast Express,SF,Daily,tag2026,tag2026
12696,Trivandrum-Chennai Superfast Express,SF,Daily,tag2026,tag2026
12697,Chennai-Thiruvananthapuram Express,SF,,,ogd2017
12698,Thiruvananthapuram Central Chennai Central weekly express,SF,Sat,tag2026,tag2026
12701,Hussain Sagar Express,SF,Daily,tag2026,tag2026
12702,Hussain Sagar Express,SF,Daily,tag2026,tag2026
12703,Howrah - Secunderabad Falaknuma SF Express,SF,Daily,tag2026,tag2026
12704,Falaknuma Express,SF,Daily,tag2026,tag2026
12705,Guntur-Secunderabad SF Intercity,SF,Daily,wikipedia,ogd2017
12706,Secunderabad-Guntur SF Intercity,SF,Daily,tag2026,tag2026
12707,Andhra Pradesh Sampark Kranti Express,SKr,"Mon,Wed,Fri",tag2026,tag2026
12708,Andhra Pradesh Sampark Kranti Express,SKr,"Wed,Fri,Sun",tag2026,tag2026
12709,Simhapuri SF Express,SF,Daily,tag2026,tag2026
12710,Simhapuri SF Express,SF,Daily,tag2026,tag2026
12711,Pinakini Express,SF,Daily,tag2026,tag2026
12712,Pinakini Express,SF,Daily,tag2026,tag2026
12713,Satavahana Express,SF,Daily,tag2026,tag2026
12714,Satavahana Express,SF,Daily,tag2026,tag2026
12715,Sachkhand SF Express,SF,Daily,tag2026,ogd2017
12716,Sachkhand SF Express,SF,Daily,wikipedia,ogd2017
12717,Ratnachal SF Express,SF,Daily,tag2026,tag2026
12718,Ratnachal SF Express,SF,Daily,tag2026,tag2026
12719,Ajmer - Hyderabad Deccan SF Exp,SF,"Wed,Fri",tag2026,tag2026
12720,Hyderabad Deccan - Ajmer SF Exp,SF,"Mon,Wed",tag2026,tag2026
12721,Dakshin SF Express,SF,Daily,tag2026,tag2026
12722,Dakshin SF Express,SF,Daily,tag2026,tag2026
12723,Andhra Pradesh Express,SF,Daily,tag2026,tag2026
12724,Andhra Pradesh Express,SF,Daily,tag2026,tag2026
12725,Siddhaganga Intercity Express,SF,Daily,tag2026,tag2026
12726,Siddhaganga InterCity Express,SF,Daily,tag2026,tag2026
12727,Godavari SF Express,SF,Daily,tag2026,tag2026
12728,Godavari SF Express,SF,Daily,tag2026,tag2026
12729,Pune-Nanded Express,SF,,,ogd2017
12730,Nanded-Pune SuperFast Express,SF,,,ogd2017
12731,Tirupati-Secunderabad Express,SF,,,tag2026
12732,Secunderabad-Tirupati Express,SF,,,ogd2017
12733,Narayanadri Express,SF,Daily,tag2026,tag2026
12734,Narayanadri Express,SF,Daily,tag2026,tag2026
12735,Secunderabad - Yesvantpur Garib Rath Exp,GR,"Wed,Fri",tag2026,tag2026
12736,Yesvantpur - Secunderabad Garib Rath Exp,GR,"Mon,Thu,Sat",tag2026,tag2026
12737,Gowthami SF Express,SF,Daily,tag2026,tag2026
12738,Secunderabad - Kakinada Gowthami SF Express,SF,Daily,tag2026,tag2026
12739,Visakhapatnam Secunderabad Garib Rath Express,GR,Daily,tag2026,tag2026
12740,Secunderabad-Visakhapatnam Garib Rath,GR,Daily,tag2026,tag2026
12741,Vasco Da Gama - Patna SF Exp,SF,Wed,tag2026,tag2026
12742,Patna - Vasco Da Gama SF Exp,SF,Sat,tag2026,tag2026
12743,Gudur Vijayawada Vikram Simhapuri Express,SF,Daily,tag2026,tag2026
12744,VIjaywada Guddur Vikrama Shimhapuri Express,SF,Daily,tag2026,tag2026
12745,Secunderabad Manuguru Express,SF,Daily,tag2026,tag2026
12747,Palnadu Express,SF,Daily,tag2026,tag2026
12748,Palnadu Express,SF,Daily,tag2026,tag2026
12749,Mtm Express,SF,,,ogd2017
12750,Mumbai LTT-Visakhapatnam SF Express,SF,Daily,tag2026,tag2026
12751,H.S. Nanded Jammu Tawi Humsafar Express,SF,Fri,tag2026,tag2026
12753,H.S. Nanded Nizamuddin Marathwada S. Kranti Express,SF,Tue,tag2026,tag2026
12754,Nizamuddin H. S. Nanded Marathwada S. Kranti Express,SF,Wed,tag2026,tag2026
12755,Kakinada Port Bhavnagar Express,SF,Thu,tag2026,tag2026
12756,Bhavnagar Kakinada Port Express,SF,Sat,tag2026,tag2026
12757,Tirupati-Coimbatore Intercity Express,SF,Daily,tag2026,tag2026
12758,Coimbatore-Tirupati (Triweekly) SF Intercity Expre,SF,Daily,tag2026,tag2026
12759,Charminar Express,SF,Daily,tag2026,tag2026
12760,Charminar Express,SF,Daily,tag2026,tag2026
12761,Tirupati – Karimnagar Superfast Express,SF,"Wed,Sat",tag2026,ogd2017
12762,Karimnagar – Tirupati Superfast Express,SF,"Thu,Sun",tag2026,tag2026
12763,Padmavati Express,SF,"Mon,Tue,Wed,Fri,Sat",tag2026,tag2026
12764,Padmavati Express,SF,,,tag2026
12765,Tirupati – Amravati Superfast Express,SF,"Tue,Sat",tag2026,tag2026
12766,Amravati – Tirupati Superfast Express,SF,"Mon,Thu",tag2026,tag2026
12767,Hazur Sahib Nanded – Santragachi Superfast Express,SF,Mon,tag2026,tag2026
12768,Santragachi – Hazur Sahib Nanded Superfast Express,SF,Wed,tag2026,tag2026
12769,Tirupati – Secunderabad Superfast Express,SF,,,ogd2017
12770,Secunderabad – Tirupati Superfast Express,SF,,,ogd2017
12771,Secunderabad – Nagpur Superfast Express,SF,"Mon,Wed,Fri",tag2026,tag2026
12772,Nagpur – Secunderabad Superfast Express,SF,"Tue,Thu,Sat",tag2026,tag2026
12773,Shalimar – Secunderabad Superfast Express,SF,Wed,tag2026,tag2026
12774,Secunderabad – Shalimar Superfast Express,SF,Tue,tag2026,tag2026
12775,Kakinada Town – Secunderabad Superfast Express,SF,"Tue,Thu,Sun",tag2026,tag2026
12776,Secunderabad – Kakinada Town Superfast Express,SF,"Mon,Wed,Fri",tag2026,tag2026
12777,Hubli - Trivandrum Kochuveli SF Exp,SF,Wed,tag2026,tag2026
12778,Trivandrum Kochuveli - Hubli SF Exp,SF,Thu,tag2026,tag2026
12779,Vasco Da Gama - Delhi H Nizamuddin Goa Exp,SF,Daily,tag2026,tag2026
12780,Delhi H Nizamuddin - Vasco Da Gama Goa Exp,SF,Daily,tag2026,tag2026
12781,Mysore-Nizamuddin Swarna Jayanti Express,SF,Fri,tag2026,tag2026
12782,Nizamuddin-Mysore Swarna Jayanti Express,SF,Mon,tag2026,tag2026
12783,Visakhapatnam – Secunderabad Superfast Express,SF,Sun,tag2026,tag2026
12784,Secunderabad – Visakhapatnam Superfast Express,SF,Sat,tag2026,tag2026
12785,Kacheguda-Bangalore SF Express,SF,,,ogd2017
12786,Bangalore-Kacheguda SF Express,SF,,,ogd2017
12787,Narsapur Nagarsol Express,SF,"Mon,Tue,Wed,Thu,Sat",tag2026,tag2026
12788,Nagarsol Narasapur Express,SF,"Tue,Wed,Thu,Fri,Sun",tag2026,tag2026
12789,Kacheguda Murdeshwar Express (via MAQ),SF,"Tue,Fri",tag2026,tag2026
12791,Secunderabad - Danapur SF Exp,SF,Daily,tag2026,tag2026
12792,Danapur - Secunderabad SF Exp,SF,Daily,tag2026,tag2026
12793,Tirupati Nizamabad Rayalaseema Express,SF,Daily,tag2026,tag2026
12794,Nizamabad Tirupati Rayalaseema Express,SF,Daily,tag2026,tag2026
12795,Vijayawada – Secunderabad Superfast Express,SF,Daily,tag2026,tag2026
12796,Secunderabad – Vijayawada Superfast Express,SF,Daily,tag2026,tag2026
12797,Venkatadri SF Express,SF,Daily,tag2026,tag2026
12798,Venkatadri SF Express,SF,Daily,tag2026,tag2026
12801,Purushottam SF Express,SF,Daily,tag2026,tag2026
12802,Purushottam SF Express,SF,Daily,tag2026,tag2026
12803,Visakhapatnam-Nizamuddin SwarnaJayanthi Express,SF,"Mon,Fri",tag2026,tag2026
12804,Swarna Jayanti Express,SF,"Wed,Sun",tag2026,tag2026
12805,Janmabhoomi Express,SF,Daily,tag2026,tag2026
12806,Janmabhoomi Express,SF,Daily,tag2026,tag2026
12807,Samata Express,SF,"Tue,Wed,Thu",tag2026,tag2026
12808,Samata Express,SF,,,tag2026
12809,Mumbai Cst - Howrah SF Mail (via NAGPUR),SF,Daily,tag2026,tag2026
12810,Howrah - Mumbai Cst SF Mail (via NAGPUR),SF,Daily,tag2026,tag2026
12811,Mumbai - Hatia Ltt SF Exp,SF,"Mon,Sun",tag2026,tag2026
12812,Hatia - Mumbai Ltt SF Exp,SF,"Fri,Sat",tag2026,tag2026
12813,Steel Express,SF,Daily,tag2026,tag2026
12814,Steel Express,SF,Daily,tag2026,tag2026
12815,Puri New Delhi Superfast Express,SF,"Mon,Wed,Thu,Sat",tag2026,tag2026
12816,New Delhi-Puri Superfast Express,SF,"Mon,Wed,Thu,Sat",tag2026,tag2026
12817,Jharkhand Swarna Jayanti SF Express,SF,"Wed,Fri,Sun",tag2026,tag2026
12818,Jharkhand Swarna Jayanti Express,SF,"Mon,Thu,Sat",tag2026,tag2026
12819,Orissa Sampark Kranti Express,SKr,"Wed,Sun",tag2026,tag2026
12820,Orissa Sampark Kranti Express,SKr,"Tue,Fri",tag2026,tag2026
12821,Dhauli Express,SF,Daily,tag2026,tag2026
12822,Dhauli Express,SF,Daily,tag2026,tag2026
12823,Chhattisgarh Sampark Kranti Express,SKr,"Mon,Thu,Sat",tag2026,tag2026
12824,Chhattisgarh Sampark Kranti Express,SKr,"Tue,Fri,Sun",tag2026,tag2026
12825,Jharkhand Sampark Kranti Express,SKr,"Mon,Thu",tag2026,tag2026
12826,Jharkhand Sampark Kranti Express,SKr,"Wed,Sat",tag2026,tag2026
12827,Howrah Purulia Express,SF,Daily,tag2026,tag2026
12828,Howrah Express,SF,Daily,tag2026,tag2026
12829,Chennai Bhubaneswar SF Express,SF,Fri,wikipedia,ogd2017
12830,Bhubaneswar Chennai Superfast Express,SF,Thu,wikipedia,ogd2017
12831,Dhanbad - Bhubaneswar Garib Rath Exp,GR,,,ogd2017
12832,Bhubaneswar - Dhanbad Garib Rath Exp,GR,,,ogd2017
12833,Ahmedabad - Howrah SF Exp,SF,Daily,wikipedia,tag2026
12834,Howrah - Ahmedabad SF Exp,SF,Daily,tag2026,tag2026
12835,Hatia - Yesvantpur SF Exp,SF,"Tue,Sun",tag2026,tag2026
12836,Yesvantpur - Hatia SF Exp,SF,,,ogd2017
12837,Howrah-Puri Express,SF,Daily,tag2026,tag2026
12838,Puri Howrah Express,SF,Daily,tag2026,tag2026
12839,Howrah Chennai Superfast Mail,SF,Daily,tag2026,tag2026
12840,Chennai-Howrah SF Mail,SF,Daily,tag2026,tag2026
12841,Coromandel Express,SF,Daily,tag2026,tag2026
12842,Coromandel Express,SF,Daily,tag2026,tag2026
12843,Puri Ahmedabad Superfast Express,SF,"Tue,Thu,Fri,Sat",tag2026,tag2026
12844,Ahmedabad Puri Superfast Express,SF,,,ogd2017
12845,Bhubaneswar - Bengaluru Cantt SF Exp,SF,Sun,tag2026,tag2026
12846,Bengaluru Cantt - Bhubaneswar SF Exp,SF,Mon,tag2026,tag2026
12847,Howrah-Digha AC Duronto Express,Drnt,,,ogd2017
12848,Digha-Howrah AC Duronto Express,Drnt,,,ogd2017
12849,Bilaspur Pune SF Express,SF,Thu,tag2026,tag2026
12850,Pune Bilaspur Superfast Express,SF,Fri,tag2026,tag2026
12851,Bilaspur-Chennai Express,SF,Sun,tag2026,tag2026
12852,Chennai-Bilaspur Express,SF,Mon,tag2026,ogd2017
12853,Durg - Bhopal Amarkantak SF Exp,SF,Daily,tag2026,tag2026
12854,Bhopal - Durg Amarkantak SF Exp,SF,Daily,tag2026,tag2026
12855,Bilaspur-Nagpur InterCity,SF,,,ogd2017
12856,Nagpur-Bilaspur InterCity,SF,Daily,tag2026,tag2026
12857,Tamralipta Express,SF,Daily,tag2026,tag2026
12858,Tamralipta Express,SF,Daily,tag2026,tag2026
12859,Mumbai Cst - Howrah Gitanjali Exp,SF,Daily,tag2026,tag2026
12860,Howrah - Mumbai Cst Gitanjali Exp,SF,Daily,tag2026,tag2026
12861,Link Superfast Express,SF,Daily,tag2026,tag2026
12862,Link Superfast Express,SF,Daily,tag2026,tag2026
12863,Howrah - Yesvantpur SF Exp,SF,Daily,tag2026,tag2026
12864,Yesvantpur - Howrah SF Exp,SF,Daily,tag2026,tag2026
12865,Lalmati Express,SF,,,ogd2017
12866,Lalmati Express,SF,,,ogd2017
12867,Howrah-Puducherry Express,SF,Sun,tag2026,tag2026
12868,Puducherry-Howrah (Aurobindo) Express,SF,Wed,tag2026,tag2026
12869,Mumbai Cst - Howrah SF Exp,SF,Sun,tag2026,tag2026
12870,Howrah - Mumbai Cst SF Exp,SF,Fri,tag2026,tag2026
12871,Howrah - Titlagarh Ispat Exp,SF,"Mon,Wed,Sat",tag2026,tag2026
12872,Titlagarh - Howrah Ispat Exp,SF,"Tue,Thu,Sun",tag2026,tag2026
12873,Jharkhand Swarna Jayanti Express,SF,"Mon,Tue,Thu",tag2026,tag2026
12874,Jharkhand Swarna Jayanti Express,SF,"Tue,Wed,Fri",tag2026,tag2026
12875,Puri - New Delhi Neelanchal SF Exp,SF,,,ogd2017
12876,New Delhi - Puri Neelanchal SF Exp,SF,"Tue,Fri,Sun",tag2026,tag2026
12877,Ranchi-New Delhi Garib Rath,GR,,,ogd2017
12878,New Delhi-Ranchi Garib Rath,GR,"Tue,Thu,Sun",tag2026,tag2026
12879,Mumbai Ltt - Bhubaneswar SF Exp,SF,"Wed,Sat",tag2026,tag2026
12880,Bhubaneswar - Mumbai Ltt SF Exp,SF,,,ogd2017
12881,Howrah Puri Garib Rath,GR,"Tue,Thu",tag2026,tag2026
12882,Puri Howrah Garib Rath,GR,"Mon,Wed",tag2026,ogd2017
12883,Rupashi Bangla Express,SF,Daily,tag2026,tag2026
12884,Rupashi Bangla Express,SF,Daily,tag2026,tag2026
12885,Aranyak Express,SF,"Mon,Tue,Wed,Thu,Fri,Sat",tag2026,tag2026
12886,Aranyak Express,SF,"Mon,Tue,Wed,Thu,Fri,Sat",tag2026,tag2026
12887,Howrah-Puri Express,SF,,,ogd2017
12888,Howrah Express,SF,,,ogd2017
12889,Tatanagar - Yesvantpur SF Exp,SF,,,ogd2017
12890,Yesvantpur - Tatanagar SF Exp,SF,Mon,tag2026,tag2026
12891,Baripada- Bhubaneswar Express,SF,Daily,tag2026,tag2026
12892,Bhubaneswar Baripada SF Express,SF,Daily,tag2026,tag2026
12893,Bhubaneswar - Balangir SF Exp,SF,Daily,wikipedia,tag2026
12894,Balangir - Bhubaneswar SF Exp,SF,Daily,tag2026,tag2026
12895,Kolkata-Puri Express,SF,"Mon,Fri",tag2026,tag2026
12896,Puri-Howrah Express,SF,,,ogd2017
12897,Puducherry-Bhubaneswar Express,SF,,,ogd2017
12898,Bhubaneswar-Puducherry Superfast Express,SF,,,ogd2017
12901,Gujarat Mail,SF,Daily,tag2026,tag2026
12902,Gujarat Mail,SF,Daily,tag2026,tag2026
12903,Golden Temple Mail,SF,Daily,tag2026,tag2026
12904,Golden Temple Mail,SF,Daily,tag2026,tag2026
12905,Porbandar - Howrah SF Exp,SF,,,ogd2017
12906,Howrah - Porbandar SF Exp,SF,,,tag2026
12907,Maharashtra Sampark Kranti Express,SKr,"Wed,Sun",tag2026,tag2026
12908,Maharashtra Sampark Kranti Express,SKr,"Mon,Thu",tag2026,tag2026
12909,Bandra Terminus- Hazrat Nizamuddin Garib Rath,GR,"Tue,Thu,Sat",tag2026,tag2026
12910,H.Nizamuddin-Bandra Terminus Garib Rath Express,GR,"Wed,Fri,Sun",tag2026,tag2026
12911,Valsad-Haridwar Exp,SF,Tue,tag2026,tag2026
12912,Haridwar Valsad Superfast Express,SF,Wed,tag2026,tag2026
12913,Indore-Nagpur Weekly Express,SF,Sun,tag2026,tag2026
12914,Nagpur-Indore Weekly Express,SF,Mon,tag2026,tag2026
12915,Ashram SF Express,SF,Daily,tag2026,tag2026
12916,Ashram SF Express,SF,Daily,tag2026,tag2026
12917,Gujarat Sampark Kranti Express,SKr,Mon,tag2026,tag2026
12918,Gujarat Sampark Kranti Express,SKr,,,tag2026
12919,Malwa Express,SF,Daily,tag2026,tag2026
12920,Malwa Express,SF,,,ogd2017
12921,Flying Rani Express,SF,Daily,tag2026,tag2026
12922,Flying Rani Express,SF,Daily,tag2026,tag2026
12923,Indore Nagpur Express,SF,Tue,tag2026,tag2026
12924,Indore Express,SF,Wed,tag2026,tag2026
12925,Paschim Express,SF,Daily,tag2026,tag2026
12926,Paschim Express,SF,Daily,tag2026,tag2026
12927,Mumbai Central -Vadodara Express,SF,Daily,tag2026,tag2026
12928,Vadodara - Mumbai Central Express,SF,Daily,tag2026,tag2026
12929,Valsad Dahod InterCity Express,SF,Daily,tag2026,tag2026
12930,Dahod Valsad InterCity Express,SF,Daily,tag2026,tag2026
12931,Mumbai – Ahmedabad Superfast Express,SF,"Mon,Tue,Wed,Thu,Fri,Sat",tag2026,tag2026
12932,Ahmedabad – Mumbai Superfast Express,SF,"Mon,Tue,Wed,Thu,Fri,Sat",tag2026,tag2026
12933,Karnavati Express,SF,Daily,tag2026,tag2026
12934,Karnavati Express,SF,Daily,tag2026,tag2026
12935,Bandra Surat InterCity Express,SF,Daily,tag2026,tag2026
12936,Surat Bandra InterCity Express,SF,Daily,tag2026,tag2026
12937,Gandhidham - Howrah Garbha Exp,SF,Sat,tag2026,tag2026
12938,Howrah - Gandhidham Garbha Exp,SF,Mon,tag2026,tag2026
12939,Pune-Jaipur SF Express,SF,"Wed,Sun",tag2026,tag2026
12940,Jaipur-Pune SF Express,SF,"Tue,Sat",tag2026,tag2026
12941,Ahmedabad-Asansol (Weekly) SF Parasnath Express,SF,Tue,tag2026,tag2026
12942,Asansol Ahmedabad (Weekly) SF Express,SF,Thu,tag2026,tag2026
12943,Valsad-Kanpur Udyogkarmi Express,SF,Wed,tag2026,tag2026
12944,Kanpur-Valsad Udyogkarmi Express,SF,Fri,tag2026,tag2026
12945,Veraval Banaras Express,SF,Mon,tag2026,tag2026
12946,Mahuva - Surat SF Exp,SF,Wed,tag2026,tag2026
12947,Azimabad Express,SF,"Mon,Wed",tag2026,tag2026
12948,Azimabad Express,SF,"Wed,Fri",tag2026,tag2026
12949,Porbandar - K Santraganchi Kavi Guru SF Exp,SF,Fri,tag2026,ogd2017
12950,K Santraganchi - Porbandar Kavi Guru SF Exp,SF,Sun,tag2026,tag2026
12951,Mumbai Central-New Delhi Rajdhani Express,Raj,Daily,tag2026,tag2026
12952,Mumbai Rajdhani Express,Raj,Daily,tag2026,tag2026
12953,MumbaiCentral-H Nizamuddin August Kranti Rajdhani Express,Raj,Daily,tag2026,tag2026
12954,August Kranti Rajdhani Express,Raj,Daily,tag2026,tag2026
12955,Mumbai-Jaipur SF Express,SF,Daily,tag2026,tag2026
12956,Jaipur-Mumbai SF Express,SF,Daily,tag2026,tag2026
12957,Ahmadabad-New Delhi Swarna Jayanti Rajdhani Expres,Raj,Daily,tag2026,tag2026
12958,New Delhi-Ahmedabad Swarna Jayanti Rajdhani Expres,Raj,Daily,tag2026,tag2026
12959,Mumbai Dadar - Bhuj SF Exp,SF,Sat,tag2026,tag2026
12960,Bhuj - Mumbai Dadar SF Exp,SF,Mon,tag2026,tag2026
12961,Avantika Express,SF,Daily,tag2026,tag2026
12962,Avantika Express,SF,Daily,tag2026,tag2026
12963,Mewar Express,SF,Daily,tag2026,tag2026
12964,Mewar Express,SF,Daily,tag2026,tag2026
12965,Bandra (T) Bhuj Express,SF,Tue,tag2026,tag2026
12966,Bhuj Bandra (T) Express,SF,Fri,tag2026,tag2026
12967,Chennai-Jaipur SF Express,SF,"Tue,Sun",tag2026,tag2026
12968,Jaipur-Chennai SF Express,SF,"Tue,Fri,Sun",tag2026,tag2026
12969,Coimbatore-Jaipur Express,SF,Fri,tag2026,tag2026
12970,Jaipur-Coimbatore Express,SF,Tue,tag2026,tag2026
12971,Bhavnagar Express,SF,Daily,tag2026,tag2026
12972,Bhavnagar Bandra Express,SF,Daily,tag2026,tag2026
12973,Indore-Jaipur SF Express,SF,"Mon,Sat",tag2026,tag2026
12974,Jaipur Indore SF Express,SF,"Fri,Sun",tag2026,tag2026
12975,Mysore-Jaipur SF Express,SF,"Thu,Sat",tag2026,tag2026
12976,Jaipur-Mysore SF Express,SF,"Mon,Wed",tag2026,tag2026
12977,Ernakulam - Ajmer Marusagar Exp,SF,Sun,tag2026,tag2026
12978,Ajmer - Ernakulam Marusagar Exp,SF,Fri,tag2026,tag2026
12979,Mumbai Bandra (T.) - Jaipur (Tri-weekly) SF Exp,SF,"Tue,Thu,Sat",tag2026,tag2026
12980,Jaipur - Mumbai Bandra (T.) (Triweekly) SF Express,SF,"Mon,Wed,Fri",tag2026,tag2026
12981,Chetak Express,SF,,,ogd2017
12982,Chetak Express,SF,,,ogd2017
12983,Ajmer-Chandigarh GaribRath Express,GR,"Tue,Fri,Sun",tag2026,tag2026
12984,Chandigarh-Ajmer GaribRath,GR,"Mon,Wed,Sat",tag2026,tag2026
12985,Jaipur – Delhi Sarai Rohilla Superfast Express,SF,Daily,tag2026,tag2026
12986,Delhi Sarai Rohilla – Jaipur Superfast Express,SF,Daily,tag2026,tag2026
12987,Sealdah Ajmer Express,SF,Daily,tag2026,tag2026
12988,Ajmer Sealdah Express,SF,Daily,wikipedia,ogd2017
12989,Dadar Ajmer Superfast Express,SF,"Mon,Thu,Sat",tag2026,tag2026
12990,Ajmer-Dadar SF Express,SF,"Wed,Fri,Sun",tag2026,tag2026
12991,Udaipur-Ajmer Express,SF,Daily,tag2026,tag2026
12992,Ajmer Udaipur Express,SF,Daily,tag2026,tag2026
12993,Gandhidham - Puri SF Exp,SF,,,tag2026
12994,Puri - Gandhidham SF Exp,SF,,,ogd2017
12995,Bandra-Udaipur SF Express,SF,"Wed,Fri,Sun",tag2026,tag2026
12996,Udaipur Bandra SF Express Slip,SF,"Tue,Thu,Sat",tag2026,tag2026
12998,Barmer Bandra (T) Express,SF,Thu,tag2026,tag2026
13005,Howrah-Amritsar Mail,Mail,Daily,tag2026,tag2026
13006,Amritsar Howrah Mail,Mail,Daily,tag2026,tag2026
13007,Udyan Abha Toofan Express,Exp,,,ogd2017
13008,Udyan Abha Toofan Express,Exp,,,ogd2017
13009,Doon Express,Exp,Daily,tag2026,tag2026
13010,Doon Express,Exp,Daily,tag2026,tag2026
13011,InterCity Express,Exp,Daily,tag2026,tag2026
13012,InterCity Express,Exp,Daily,tag2026,tag2026
13013,Barddhaman Rampurhat Tri-Weekly Express,Exp,,,ogd2017
13014,Rampurhat-Barddhaman Tri-Weekly Express,Exp,,,ogd2017
13015,Howrah Bolpur KaviGuru Express,Exp,Daily,tag2026,tag2026
13016,Bolpur-Howrah Kavi Guru Express,Exp,Daily,tag2026,tag2026
13017,Ganadevta Express,Exp,Daily,wikipedia,ogd2017
13018,Ganadevta Express,Exp,Daily,wikipedia,ogd2017
13019,Bagh Express,Exp,Daily,wikipedia,ogd2017
13020,Bagh Express,Exp,Daily,tag2026,tag2026
13021,Mithila Express,Exp,Daily,tag2026,tag2026
13022,Mithila Express,Exp,Daily,tag2026,tag2026
13023,Howrah-Gaya Express,Exp,Daily,wikipedia,ogd2017
13024,Gaya-Howrah Express,Exp,Daily,tag2026,tag2026
13027,Kaviguru Express,Exp,Daily,wikipedia,ogd2017
13028,Kaviguru Express,Exp,Daily,wikipedia,ogd2017
13030,Mokama Howrah Express,Exp,Daily,tag2026,tag2026
13033,Howrah – Katihar Express,Exp,Daily,tag2026,tag2026
13034,Katihar – Howrah Express,Exp,Daily,tag2026,tag2026
13043,Howrah – Raxaul Express,Exp,"Wed,Fri",tag2026,tag2026
13044,Raxaul – Howrah Express,Exp,"Thu,Sat",tag2026,tag2026
13045,Howrah Deoghar Mayurakshi Express,Exp,Daily,tag2026,tag2026
13046,Deoghar Howrah Mayurakshi Express,Exp,Daily,tag2026,tag2026
13049,Howrah-Amritsar Express,Exp,,,ogd2017
13050,Amritsar Howrah Express,Exp,,,ogd2017
13053,Howrah-Siuri Intercity Express,Exp,Daily,tag2026,tag2026
13054,Siuri-Howrah Intercity Express,Exp,Daily,tag2026,tag2026
13063,Howrah – Balurghat Express,Exp,"Mon,Tue,Wed,Thu,Fri",tag2026,tag2026
13064,Balurghat – Howrah Express,Exp,"Mon,Tue,Wed,Thu,Fri",tag2026,tag2026
13071,Jamalpur Express,Exp,Daily,tag2026,tag2026
13072,Howrah Express,Exp,Daily,tag2026,tag2026
13103,Bhagirathi Express,Exp,Daily,tag2026,tag2026
13104,Bhagirathi Express,Exp,Daily,tag2026,tag2026
13105,Sealdah-Ballia Express,Exp,Daily,tag2026,ogd2017
13106,Ballia-Sealdah Express,Exp,Daily,wikipedia,ogd2017
13109,Maitree Express Ir,Exp,,,ogd2017
13110,Maitree Express,Exp,,,ogd2017
13113,Hazarduari Express,Exp,Daily,tag2026,tag2026
13114,Hazarduari Express,Exp,Daily,tag2026,tag2026
13116,Jalpaiguri Road Sealdah Humsafar Express,Exp,Sat,tag2026,tag2026
13117,Kolkata Berhampore Court Express,Exp,"Tue,Thu,Fri,Sun",tag2026,tag2026
13118,Berhampore Court Kolkata Express,Exp,"Mon,Wed,Fri,Sat",tag2026,tag2026
13119,Sealdah – Anand Vihar Terminal Express,Exp,,,ogd2017
13120,Anand Vihar Terminal – Sealdah Express,Exp,,,ogd2017
13121,Kolkata – Ghazipur City Express,Exp,Sun,tag2026,ogd2017
13122,Ghazipur City – Kolkata Express,Exp,Mon,tag2026,tag2026
13128,Ara Kolkata Garib Rath Express,GR,"Wed,Fri,Sun",tag2026,tag2026
13129,Koaa Khulna,Exp,,,ogd2017
13130,Petrapole – Kolkata Express,Exp,,,ogd2017
13131,Kolkata – Patna Express,Exp,,,ogd2017
13132,Patna – Kolkata Express,Exp,"Wed,Sun",tag2026,tag2026
13133,Sealdah-Varanasi Express,Exp,,,ogd2017
13134,Varanasi- Sealdah Express,Exp,,,ogd2017
13135,Kolkata – Jaynagar Express,Exp,Sat,tag2026,ogd2017
13136,Jaynagar – Kolkata Express,Exp,Sun,tag2026,tag2026
13137,Kolkata – Azamgarh Express,Exp,Mon,tag2026,tag2026
13138,Azamgarh – Kolkata Express,Exp,Tue,tag2026,tag2026
13141,Testa Torsa Express,Exp,Daily,tag2026,tag2026
13142,Teesta Torsa Express,Exp,Daily,tag2026,tag2026
13145,Radhikapur Express,Exp,Daily,tag2026,tag2026
13146,Radhikapur Express,Exp,Daily,tag2026,tag2026
13147,Uttar Banga Express,Exp,Daily,tag2026,tag2026
13148,Uttar Banga Express,Exp,Daily,tag2026,tag2026
13149,Kanchan Kanya Express,Exp,Daily,tag2026,ogd2017
13150,Kanchan Kanya Express,Exp,Daily,tag2026,tag2026
13151,Kolkata Chitpur-JammuTawi Express,Exp,Daily,tag2026,tag2026
13152,JammuTawi-Kolkata Chitpur Express,Exp,Daily,tag2026,tag2026
13153,Sealdah-Malda Town Gour Express,Exp,Daily,tag2026,tag2026
13154,Malda Town-Sealdah Gour Express,Exp,Daily,tag2026,tag2026
13155,Kolkata Chitpur - Sitamarhi Mithilanchal Exp,Exp,"Thu,Sun",tag2026,ogd2017
13156,Sitamarhi - Kolkata Chitpur Mithilanchal Exp,Exp,"Mon,Fri",tag2026,tag2026
13157,Kolkata Chitpur - Muzaffarpur Tirhut Exp,Exp,Tue,tag2026,tag2026
13158,Muzaffarpur - Kolkata Chitpur Tirhut Exp,Exp,Wed,tag2026,tag2026
13159,Kolkata Chitpur - Jogbani Exp,Exp,"Mon,Wed,Fri",tag2026,tag2026
13160,Jogbani - Kolkata Chitpur Exp,Exp,"Tue,Thu,Sat",tag2026,tag2026
13161,Kolkata Chitpur - Balurghat Tebhaga Exp,Exp,"Mon,Tue,Wed,Thu,Fri,Sun",tag2026,tag2026
13162,Balurghat - Kolkata Chitpur Tebhaga Exp,Exp,"Mon,Tue,Wed,Thu,Fri,Sat",tag2026,tag2026
13163,Hatey Bazare Express,Exp,"Mon,Wed,Fri,Sat,Sun",tag2026,tag2026
13164,Hatey Bazare Express,Exp,,,tag2026
13165,Kolkata – Sitamarhi Express,Exp,Sat,tag2026,ogd2017
13166,Sitamarhi – Kolkata Express,Exp,Sun,tag2026,tag2026
13167,Kolkata – Agra Cantonment Express,Exp,Thu,tag2026,tag2026
13168,Agra Cantonment – Kolkata Express,Exp,,,tag2026
13169,Sealdah – Saharsa Express,Exp,"Tue,Thu",tag2026,tag2026
13170,Saharsa – Sealdah Express,Exp,"Wed,Fri",tag2026,tag2026
13175,Sealdah/ Silchar/ Sabroom Kanchan jungha Express,Exp,"Mon,Wed,Sat",tag2026,tag2026
13176,Silchar/ Sabroom Sealdah Kanchanjungha Express,Exp,"Mon,Wed,Fri",tag2026,tag2026
13178,Jangipur Road Sealdah Express,Exp,"Mon,Tue,Wed,Thu,Fri,Sat",tag2026,tag2026
13181,Kolkata Silghat Town Kajiranga Express,Exp,Mon,tag2026,tag2026
13182,Silghat Town Kolkata Kajiranga Express,Exp,Tue,tag2026,tag2026
13185,Ganga Sagar Express,Exp,Daily,tag2026,tag2026
13186,Ganga Sagar Express,Exp,Daily,tag2026,tag2026
13187,Maa Tara Express,Exp,Daily,tag2026,tag2026
13188,Rampurhat- Sealdah Express,Exp,Daily,tag2026,tag2026
13189,Sealdah Balurghat Express,Exp,Daily,tag2026,tag2026
13190,Balurghat Sealdah Express,Exp,Daily,tag2026,tag2026
13201,Rajendra Nagar Patna - Mumbai Ltt Janta Exp,Exp,Daily,tag2026,tag2026
13202,Mumbai Ltt - Rajendra Nagar Patna Janta Exp,Exp,,,ogd2017
13205,Saharsa – Danapur Express,Exp,,,tag2026
13206,Danapur – Saharsa Express,Exp,,,ogd2017
13207,Jasidih Patna MEMU Express,MEMU,Daily,tag2026,tag2026
13210,Pt. Deen Dayal Upadhyaya Patna MEMU Express,MEMU,Daily,tag2026,tag2026
13212,Danapur Jogba ni Express,Exp,Daily,tag2026,tag2026
13225,Jaynagar-Danapur Intercity,Exp,Daily,wikipedia,tag2026
13226,Danapur-Jaynagar Intercity,Exp,Daily,wikipedia,ogd2017
13230,Rajendra Nagar Godda Express,Exp,Fri,tag2026,tag2026
13233,Rajgriha Express,Exp,,,ogd2017
13234,Rajgriha Express,Exp,,,ogd2017
13235,Sahibganj-Danapur InterCity,Exp,"Mon,Tue,Wed,Thu,Fri,Sat",wikipedia,ogd2017
13236,Danapur-Sahibganj InterCity,Exp,"Mon,Tue,Wed,Thu,Fri,Sat",wikipedia,ogd2017
13237,Patna Mathura Express,Exp,"Mon,Tue,Sat,Sun",tag2026,tag2026
13238,Mathura Patna Express,Exp,"Mon,Tue,Thu,Fri,Sun",tag2026,tag2026
13239,Patna Mathura Express,Exp,Daily,wikipedia,ogd2017
13240,Mathura Patna Express,Exp,Daily,wikipedia,ogd2017
13241,Banka Patna Express,Exp,"Mon,Tue,Wed,Thu,Fri,Sun",tag2026,ogd2017
13242,Patna Banka Express,Exp,"Mon,Tue,Wed,Thu,Sat,Sun",tag2026,tag2026
13243,Patna Dehri On Sone InterCity Express,Exp,,,ogd2017
13244,Dehri On Sone Patna InterCity Express,Exp,,,ogd2017
13245,Capital Express,Exp,"Mon,Sat,Sun",tag2026,tag2026
13246,Capital Express,Exp,,,ogd2017
13247,Guwahati - Rajendra Nagar Capital Exp,Exp,"Tue,Wed,Thu,Fri",tag2026,tag2026
13248,Rajendra Nagar - Guwahati Capital Exp,Exp,"Mon,Tue,Wed,Sun",tag2026,tag2026
13249,Patna – Bhabua Road Express,Exp,Daily,tag2026,tag2026
13250,Bhabua Road – Patna Express,Exp,Daily,tag2026,tag2026
13251,Patna Anand Vihar (T),Exp,"Thu,Sun",tag2026,tag2026
13252,Anand Vihar (T) Patna,Exp,"Mon,Fri",tag2026,tag2026
13253,Howrah Rajgir Express (Via Tilaiya),Exp,"Tue,Fri,Sun",tag2026,tag2026
13254,Rajgir Howrah Express (Via Tilaiya),Exp,"Mon,Thu",tag2026,tag2026
13257,Danapur - Delhi Anand Vihar Jan Sadharan Express,Exp,Daily,tag2026,tag2026
13258,Anand Vihar Delhi - Danapur JanSadharan Exp,Exp,Daily,tag2026,tag2026
13281,Dibrugarh Rajendranagar Express,Exp,Mon,tag2026,tag2026
13287,Durg - Rajendra Nagar South Bihar Exp,Exp,Daily,tag2026,tag2026
13288,Rajendra Nagar Bihar - Durg South Bihar Exp,Exp,Daily,tag2026,tag2026
13301,Suvarna Rekha Express,Exp,Daily,tag2026,tag2026
13302,Suvarna Rekha Express,Exp,Daily,tag2026,tag2026
13303,Dhanbad Ranchi InterCity Express,Exp,Daily,wikipedia,ogd2017
13304,Dhanbad InterCity Express,Exp,Daily,tag2026,tag2026
13305,Dhanbad-Gaya InterCity,Exp,,,ogd2017
13306,Gaya-Dhanbad InterCity,Exp,Daily,tag2026,tag2026
13307,Ganga Sutlej Express,Exp,Daily,tag2026,tag2026
13308,Ganga Sutlej Express,Exp,Daily,tag2026,tag2026
13309,Prayagraj Chopan Express,Exp,Daily,tag2026,tag2026
13319,Baidyanthdham-Ranchi Express,Exp,Daily,tag2026,tag2026
13320,Ranchi-Baidyanathdham Express,Exp,Daily,tag2026,tag2026
13329,Ganga Damodar Express,Exp,Daily,tag2026,tag2026
13330,Ganga Damodar Express,Exp,Daily,tag2026,tag2026
13331,Dhanbad Patna Express,Exp,Daily,tag2026,tag2026
13332,Patna Dhanbad Express,Exp,Daily,wikipedia,ogd2017
13333,Dumka Patna Express,Exp,Daily,tag2026,tag2026
13334,Patna Dumka Express,Exp,Daily,tag2026,tag2026
13343,Varanasi Shakthi nagar Express,Exp,"Thu,Fri,Sat",tag2026,tag2026
13345,Varanasi-Singrauli Intercity,Exp,Daily,wikipedia,ogd2017
13346,Singrauli-Varanasi Intercity,Exp,Daily,wikipedia,ogd2017
13347,Palamau Express,Exp,Daily,wikipedia,ogd2017
13348,Palamau Express,Exp,Daily,wikipedia,ogd2017
13351,Dhanbad - Alappuzha Exp,Exp,Daily,wikipedia,ogd2017
13352,Alappuzha - Dhanbad (Bokaro) Express,Exp,Daily,tag2026,tag2026
13401,InterCity Express,Exp,Daily,wikipedia,ogd2017
13402,InterCity Express,Exp,Daily,wikipedia,ogd2017
13403,Vananchal Express,Exp,Daily,tag2026,tag2026
13404,Vananchal Express,Exp,Daily,tag2026,tag2026
13409,InterCity Express,Exp,Daily,wikipedia,ogd2017
13410,InterCity Express,Exp,Daily,wikipedia,ogd2017
13413,Farakka Express,Exp,,,ogd2017
13414,Farakka Express,Exp,,,ogd2017
13415,Malda Patna Express,Exp,,,ogd2017
13416,Patna-Malda Express,Exp,,,ogd2017
13417,Digha – Malda Town Express,Exp,Thu,tag2026,ogd2017
13418,Malda Town – Digha Express,Exp,,,ogd2017
13419,Jan Sewa Express,Exp,Daily,wikipedia,ogd2017
13420,Jan Sewa Express,Exp,Daily,wikipedia,ogd2017
13421,Nabadwipdham Malda Express,Exp,"Mon,Thu",tag2026,tag2026
13422,Malda Nabadwipdham Express,Exp,"Mon,Thu",tag2026,tag2026
13423,Bhagalpur – Ajmer Express,Exp,Thu,tag2026,tag2026
13424,Ajmer – Bhagalpur Express,Exp,Sat,tag2026,tag2026
13425,Malda Town – Surat Express,Exp,,,tag2026
13426,Surat – Malda Town Express,Exp,,,ogd2017
13428,Sahibganj Howrah Intercity Express,Exp,Daily,tag2026,tag2026
13429,Malda Town – Anand Vihar Terminal Express,Exp,Fri,tag2026,ogd2017
13430,Anand Vihar Terminal – Malda Town Express,Exp,Sat,tag2026,ogd2017
13431,Nabadwip Dham Balurghat Express,Exp,,,tag2026
13432,Balurghat Nabadwip Dham Express,Exp,"Tue,Wed,Fri,Sat,Sun",tag2026,tag2026
13434,Malda Town SMVT Bengluru Amrit Bharat Express,AB,Sun,tag2026,tag2026
13435,Malda Town Gomtinagar Amrit Bharat Express,AB,Thu,tag2026,tag2026
13465,InterCity Express,Exp,Daily,tag2026,tag2026
13466,InterCity Express,Exp,Daily,tag2026,tag2026
13483,Farakka Express,Exp,,,ogd2017
13484,Farakka Express,Exp,,,ogd2017
13501,Haldia-Asansol Express,Exp,,,ogd2017
13502,Asansol Haldia Express,Exp,,,ogd2017
13505,Digha – Asansol Express,Exp,Sun,tag2026,ogd2017
13506,Asansol Digha Express,Exp,Sun,tag2026,ogd2017
13507,Asansol-Gorakhpur Express,Exp,Fri,tag2026,tag2026
13508,Gorakhpur-Asansol Express,Exp,Sat,tag2026,tag2026
13509,Asansol-Gonda Express,Exp,Tue,tag2026,tag2026
13510,Gonda-Asansol Express,Exp,Wed,tag2026,tag2026
13511,Tatanagar – Asansol Express,Exp,"Tue,Fri,Sun",tag2026,ogd2017
13512,Asansol – Tatanagar Express,Exp,"Tue,Fri,Sun",tag2026,ogd2017
13513,Asansol Hatia Express,Exp,"Mon,Wed,Thu",tag2026,tag2026
13514,Hatia Asansol Express,Exp,"Mon,Wed,Thu",tag2026,tag2026
13545,Asansol Gaya Memu Express,MEMU,Daily,tag2026,tag2026
13546,Gaya Asansol MEMU Express,MEMU,Daily,tag2026,tag2026
13553,Asansol Va ranasi Memu Express,MEMU,Daily,tag2026,tag2026
13554,Varanasi Asansol MEMU Express,MEMU,Daily,tag2026,tag2026
13697,Gaya Delhi Amrit Bharat,AB,"Thu,Sun",tag2026,tag2026
13698,Delhi Gaya Amrit Bharat,AB,"Mon,Fri",tag2026,tag2026
14001,Old Delhi - Atari Shyam Singh Samjhauta Exp,Exp,"Wed,Sun",tag2026,tag2026
14002,Atari Shyam Singh - Old Delhi Samjhauta Exp,Exp,"Mon,Thu",tag2026,tag2026
14003,New Farakka-New Delhi Express,Exp,"Tue,Sat",tag2026,tag2026
14004,New Delhi-New Farakka Express,Exp,"Thu,Sun",tag2026,ogd2017
14005,Lichhavi Express,Exp,Daily,tag2026,tag2026
14006,Lichhavi Express,Exp,Daily,tag2026,tag2026
14007,Muzaffarpur-Old Delhi Sadbhavna Express,Exp,"Thu,Sat",tag2026,tag2026
14008,Old Delhi-Muzaffarpur Sadbhavana Express,Exp,"Tue,Thu",tag2026,tag2026
14009,Bapud han Mothari Anand Vihar (T) Express,Exp,"Tue,Thu,Sun",tag2026,tag2026
14010,Anand Vihar (T) Bapudham Motihari Champaran Satyagrah Express,Exp,"Mon,Wed,Sat",tag2026,tag2026
14011,Kathgodam-Anand Vihar AC Express,Exp,Tue,tag2026,tag2026
14012,Anand Vihar-Kathgodam AC Express,Exp,,,ogd2017
14013,Sadbhavna Express,Exp,"Tue,Sun",tag2026,tag2026
14014,Sadbhavna Express,Exp,"Mon,Sat",tag2026,tag2026
14015,Sadbhavna Express,Exp,"Mon,Wed",tag2026,tag2026
14016,Sadbhavana Express,Exp,"Fri,Sun",tag2026,tag2026
14017,Sadbhavna Express,Exp,Fri,tag2026,tag2026
14018,Sadbhavana Expres,Exp,Wed,tag2026,tag2026
14019,Chhindwara Delhi Sr (Biweekly) Kanhan valley Express,Exp,,,ogd2017
14020,Delhi Sr Chhindwara Kanhan Valley Express,Exp,,,ogd2017
14021,Dee Sikr,Exp,,,ogd2017
14022,Sikr Dee,Exp,,,ogd2017
14024,Kuruk shetra Delhi DEMU Express,DEMU,,,tag2026
14027,Jind Firozpur Express,Exp,Daily,tag2026,tag2026
14028,Firozpur Jind Express,Exp,Daily,tag2026,tag2026
14029,Sri Ganga Nagar Delhi Express,Exp,Daily,tag2026,tag2026
14030,Meerut Sri Gan ga Nagar Express,Exp,Daily,tag2026,tag2026
14033,Jammu Mail,Mail,,,ogd2017
14034,Jammu Mail,Mail,,,ogd2017
14035,Dhauladhar Express,Exp,"Mon,Wed,Fri",tag2026,tag2026
14036,Dhauladhar Express,Exp,"Tue,Thu,Sat",tag2026,tag2026
14041,Delhi Sarai Rohilla - Dehradun Mussoorie Exp,Exp,Daily,wikipedia,ogd2017
14042,Dehradun - Delhi Sarai Rohilla Mussoorie Exp,Exp,Daily,wikipedia,ogd2017
14043,Kotdwar - Old Delhi Garhwal Exp,Exp,Daily,wikipedia,ogd2017
14044,Old Delhi - Kotdwar Garhwal Exp,Exp,Daily,wikipedia,ogd2017
14047,Sitamar ahi Delhi Amrit Bharat Express,AB,Sun,tag2026,tag2026
14049,Godda Delhi Express,Exp,Wed,tag2026,tag2026
14050,Delhi Godda Express,Exp,Mon,tag2026,tag2026
14054,Daulatpur Chowk Delhi Himachal Express,Exp,Daily,tag2026,tag2026
14055,Dibrugarh - Old Delhi Brahmaputra Exp,Mail,,,ogd2017
14056,Old Delhi - Dibrugarh Brahmaputra Exp,Mail,,,ogd2017
14085,Haryana Express,Exp,Daily,tag2026,tag2026
14086,Haryana Express,Exp,Daily,wikipedia,ogd2017
14087,Delhi Jaislmer Runicha Express,Exp,Daily,tag2026,tag2026
14088,Jaisalmer Delhi Runicha Express,Exp,Daily,tag2026,tag2026
14089,Anand Vihar (T) Kotdwara Express,Exp,Daily,tag2026,tag2026
14090,Kotdwara Anand Vihar (T) Express,Exp,Daily,tag2026,tag2026
14095,Himalayan Queen,Exp,Daily,wikipedia,ogd2017
14096,Himalayan Queen,Exp,Daily,wikipedia,ogd2017
14101,Prayag – Kanpur Express,Exp,Daily,tag2026,tag2026
14102,Kanpur – Prayag Express,Exp,Daily,wikipedia,ogd2017
14109,Chitrakoot Kanpur Express,Exp,Daily,wikipedia,ogd2017
14110,Kanpur Chitrakoot Express,Exp,Daily,wikipedia,ogd2017
14111,Muzaffarpur Prayagraj Bapudham Express,Exp,"Mon,Wed",tag2026,tag2026
14112,Prayagraj Muzaffarpur Bapudham Express,Exp,"Mon,Wed",tag2026,tag2026
14113,Aligarh – Dehradun Express,Exp,,,ogd2017
14114,Link Express,Exp,,,ogd2017
14115,Haridwar Express,Exp,,,ogd2017
14116,Allahabad Express,Exp,,,ogd2017
14117,Allahabad – Basti Express,Exp,Daily,tag2026,tag2026
14118,Basti – Allahabad Express,Exp,Daily,tag2026,tag2026
14119,Kathgodam Dehradun Express,Exp,Daily,tag2026,tag2026
14120,Dehradun Kathgodam Express,Exp,Daily,tag2026,tag2026
14123,Pratapgarh Kanpur InterCity Express,Exp,Daily,tag2026,tag2026
14124,Kanpur Pratapgarh InterCity Express,Exp,Daily,wikipedia,ogd2017
14125,Saryu Express,Exp,,,ogd2017
14126,Saryu Express,Exp,,,ogd2017
14151,Kanpur – Anand Vihar Terminal Express,Exp,,,ogd2017
14152,Anand Vihar Terminal – Kanpur Express,Exp,Sun,tag2026,tag2026
14163,Sangam Express,Exp,,,ogd2017
14164,Sangam Express,Exp,,,ogd2017
14201,Jaunpur-Rae Bareliy Express,Exp,Daily,tag2026,tag2026
14202,Rai Bareli Jaunpur Express,Exp,Daily,tag2026,tag2026
14203,Varanasi Lucknow InterCity Express,Exp,Daily,wikipedia,ogd2017
14204,Lucknow Varanasi InterCity Express,Exp,Daily,wikipedia,ogd2017
14205,Faizabad Delhi Express,Exp,Daily,tag2026,ogd2017
14206,Delhi-Faizabad Express,Exp,Daily,tag2026,tag2026
14207,Padmavat Express,Exp,Daily,tag2026,ogd2017
14208,Padmavat Express,Exp,Daily,tag2026,tag2026
14209,Vindhyachal-Lucknow InterCity,Exp,Daily,wikipedia,ogd2017
14210,Lucknow-Vindhyachal InterCity,Exp,Daily,tag2026,tag2026
14211,Agra-New Delhi Intercity Express,Exp,Daily,tag2026,tag2026
14212,NewDelhi-Agra InterCity Express,Exp,Daily,tag2026,tag2026
14213,Varanasi-Gonda Intercity Express,Exp,Daily,tag2026,tag2026
14214,Gonda-Varanasi Intercity Express,Exp,Daily,tag2026,tag2026
14215,Ganga Gomti Express,Exp,Daily,wikipedia,ogd2017
14216,Ganga Gomti Express,Exp,Daily,tag2026,tag2026
14217,Unchahar Express,Exp,Daily,tag2026,tag2026
14218,Chandigarh Allahabad Unchahar Express,Exp,Daily,tag2026,tag2026
14219,Varanasi – Lucknow Charbagh Express,Exp,"Mon,Tue,Wed,Thu,Fri,Sat",wikipedia,ogd2017
14220,Lucknow Charbagh – Varanasi Express,Exp,"Mon,Tue,Wed,Thu,Fri,Sat",wikipedia,ogd2017
14221,Faizabad – Kanpur Anwarganj Express,Exp,Daily,wikipedia,ogd2017
14222,Kanpur Anwarganj – Faizabad Express,Exp,Daily,wikipedia,ogd2017
14227,Varuna Express,Exp,,,ogd2017
14228,Varuna Express,Exp,,,ogd2017
14232,Basti Praygraj Sangam Manwar Sangam Express,Exp,,,tag2026
14235,Varanasi Bareilly Express,Exp,Daily,tag2026,tag2026
14236,Bareilly Varanasi Express,Exp,Daily,wikipedia,ogd2017
14257,Kashi Vishwanath Express,Exp,,,ogd2017
14258,Kashi Vishwanath Express,Exp,,,ogd2017
14259,Gaya Lucknow Ekatmata Express,Exp,Sun,tag2026,tag2026
14260,Lucknow Charbagh - Mughal Sarai Ekatmata Exp,Exp,Sat,tag2026,tag2026
14261,Gaya Lucknow Ekatmata Express,Exp,"Wed,Fri",tag2026,tag2026
14262,Lucknow Gaya Ekatmata Express,Exp,"Tue,Thu",tag2026,tag2026
14265,Varanasi Dehradun Janata Express,Exp,,,ogd2017
14266,Dehradun Varanasi Janata Express,Exp,,,ogd2017
14303,Delhi Haridwar Express,Exp,Daily,tag2026,tag2026
14304,Haridwar Delhi Express,Exp,Daily,tag2026,tag2026
14305,Delhi Haridwar Express,Exp,Daily,tag2026,tag2026
14306,Haridwar Delhi Express,Exp,Daily,tag2026,tag2026
14307,Bareilly Express,Exp,Daily,wikipedia,ogd2017
14308,Bareilly-Prayag Passenger,Pass,Daily,tag2026,tag2026
14309,Ujjaini Express,Exp,"Wed,Thu,Sat,Sun",tag2026,tag2026
14310,Ujjaini Express,Exp,,,ogd2017
14311,Bareilly - Bhuj Ala Hazrat Exp,Exp,"Tue,Thu,Sat",tag2026,tag2026
14312,Bhuj - Bareilly Ala Hazrat Exp,Exp,"Tue,Wed,Fri",tag2026,tag2026
14313,Mumbai Ltt - Bareilly Weekly Exp,Exp,Mon,tag2026,tag2026
14314,Bareilly - Mumbai Ltt Weekly Exp,Exp,Sat,tag2026,tag2026
14315,Bareilly-NewDelhi InterCity,Exp,Daily,tag2026,tag2026
14316,NewDelhi-Bareilly InterCity,Exp,Daily,tag2026,tag2026
14317,Indore - Dehradun Exp,Exp,,,ogd2017
14318,Dehradun - Indore Exp,Exp,,,ogd2017
14319,Indore – Bareilly Express,Exp,Thu,tag2026,tag2026
14320,Bareilly – Indore Express,Exp,Wed,tag2026,tag2026
14321,Bareilly - Bhuj Ala Hazrat Exp,Exp,,,ogd2017
14322,Bhuj - Bareilly Ala Hazrat Exp,Exp,"Mon,Thu,Sat,Sun",tag2026,tag2026
14323,New Delhi-Rohtak Express,Exp,Daily,tag2026,tag2026
14324,New Delhi Express,Exp,Daily,tag2026,tag2026
14341,Delhi Dehradun/ Mussoorie Express,Exp,Daily,tag2026,tag2026
14342,Dehradun Delhi Mussoorie Express,Exp,Daily,tag2026,tag2026
14369,Tribeni Express,Exp,,,ogd2017
14370,Triveni Express,Exp,,,ogd2017
14371,Barwadih – Chopan Express,Exp,,,ogd2017
14372,Chopan – Barwadih Express,Exp,,,ogd2017
14501,Bathinda – Jammu Tawi Express,Exp,,,ogd2017
14502,Jammu Tawi – Bathinda Express,Exp,,,ogd2017
14503,Kalka – Shri Mata Vaishno Devi Katra Express,Exp,,,ogd2017
14504,Shri Mata Vaishno Devi Katra – Kalka Express,Exp,"Wed,Sat",tag2026,ogd2017
14505,Amritsar – Nangal Dam Express,Exp,Daily,tag2026,tag2026
14506,Nangal Dam – Amritsar Express,Exp,Daily,tag2026,tag2026
14508,Fazilka Delhi Express,Exp,Daily,tag2026,tag2026
14511,Allahabad-Saharanpur Nauchandi Express,Exp,,,ogd2017
14512,Saharanpur-Allahabad Nauchandi Express,Exp,,,ogd2017
14519,Kissan Express,Exp,,,ogd2017
14520,Kisan Express,Exp,,,ogd2017
14521,Delhi – Ambala Cantonment Express,Exp,Daily,wikipedia,ogd2017
14522,Ambala Cantonment – Delhi Express,Exp,Daily,tag2026,tag2026
14523,Harihar Express,Exp,,,ogd2017
14524,Harihar Express,Exp,,,tag2026
14525,Ambala Cantt-Shri GangaNagar InterCity Express,Exp,Daily,wikipedia,ogd2017
14526,Shri Ganganagar-Ambala Cantt InterCity Express,Exp,Daily,wikipedia,ogd2017
14527,Bhatinda Srigan ganagar Express,Exp,"Mon,Tue,Wed,Thu,Sat,Sun",tag2026,tag2026
14528,Sriganganagar Bhatinda Express,Exp,"Mon,Tue,Wed,Thu,Sat,Sun",tag2026,tag2026
14541,Chandigarh Amritsar Express,Exp,Daily,tag2026,tag2026
14542,Amritsar Chandigarh Express,Exp,Daily,tag2026,tag2026
14545,Farukhnagar Saharanpur Express,Exp,Daily,wikipedia,ogd2017
14546,Saharanpur Farukhnagar Express,Exp,Daily,wikipedia,ogd2017
14553,Himachal Express,Exp,,,ogd2017
14554,Himachal Express,Exp,,,ogd2017
14555,Bareilly-Delhi Express,Exp,Daily,wikipedia,ogd2017
14556,Delhi-Bareilly Express,Exp,,,ogd2017
14601,Firozpur Cant – Sriganganagar Express,Exp,Daily,tag2026,tag2026
14602,Sriganganagar – Firozpur Cant Express,Exp,Daily,wikipedia,ogd2017
14603,Saharsa - Amritsar Jan Sadharan Exp,Exp,Fri,tag2026,tag2026
14604,Amritsar - Saharsa Jan Sadharan Exp,Exp,,,ogd2017
14605,Yog Nagari Rishikesh Jammu Tawi Express,Exp,Mon,tag2026,tag2026
14606,Jammu Tawi Yog Nagari Rishikesh Express,Exp,Sun,tag2026,tag2026
14609,Hemkunt Express,Exp,Daily,tag2026,tag2026
14610,Hemkunt Express,Exp,Daily,tag2026,tag2026
14611,Ghazipur City – Shri Mata Vaishno Devi Katra Express,Exp,Fri,tag2026,tag2026
14612,Shri Mata Vaishno Devi Katra Ghazipur City Express,Exp,Thu,tag2026,tag2026
14613,Chandigarh – Firozpur Cant Express,Exp,Daily,wikipedia,ogd2017
14614,Firozpur Cant – Chandigarh Express,Exp,Daily,tag2026,tag2026
14615,Lalkuan – Amritsar Express,Exp,Sat,tag2026,tag2026
14616,Amritsar – Lalkuan Express,Exp,Sat,tag2026,tag2026
14617,Purnea Court Amritsar Jan Sewa Express,Exp,Daily,tag2026,tag2026
14620,Firozpur (T) Agartala Tripura Sundari Express,Exp,Mon,tag2026,tag2026
14621,Nanded- Firozpur Express,Exp,Sun,tag2026,tag2026
14623,Chhindwara – Delhi Sarai Rohilla Express,Exp,,,ogd2017
14624,Delhi Sarai Rohilla – Chhindwara Express,Exp,,,ogd2017
14625,Delhi Sarai Rohilla – Firozpur Cant Express,Exp,Thu,tag2026,tag2026
14626,Firozpur Cant – Delhi Sarai Rohilla Express,Exp,Wed,tag2026,tag2026
14629,Ludhiana Firozpur Sutlej Express,Exp,,,ogd2017
14630,Firozpur Ludhiana Sutlej Express,Exp,,,ogd2017
14631,Dehradun Amritsar Express,Exp,Daily,tag2026,tag2026
14632,Amritsar Dehradun Express,Exp,Daily,tag2026,tag2026
14633,Ravi Express,Exp,Daily,wikipedia,ogd2017
14634,Ravi Express,Exp,Daily,wikipedia,ogd2017
14645,Shalimar Express,Exp,,,ogd2017
14646,Shalimar Express,Exp,,,ogd2017
14649,Saryu Yamuna Express,Exp,,,ogd2017
14650,Saryu Yamuna Express,Exp,"Mon,Wed,Sat",tag2026,tag2026
14659,Delhi-Jaisalmer Express,Exp,,,ogd2017
14660,Jaisalmer Delhi Express,Exp,,,ogd2017
14661,Delhi Barmer Link Express,Exp,Daily,tag2026,tag2026
14662,Barmer-Delhi Malani Express,Exp,Daily,tag2026,tag2026
14673,Shaheed Express,Exp,"Mon,Wed",tag2026,tag2026
14674,Shaheed Express,Exp,"Tue,Thu,Fri,Sun",tag2026,tag2026
14679,Delhi Amritsar Intercity Express,Exp,Daily,tag2026,tag2026
14680,Amritsar Delhi Intercity Express,Exp,Daily,tag2026,tag2026
14681,New Delhi-Jalandhar Express,Exp,Daily,tag2026,tag2026
14682,Jalandhar Ndls Express,Exp,Daily,tag2026,tag2026
14691,Barauni Jammu Tawi Mour Dhwaj Express,Exp,Sun,tag2026,tag2026
14692,Jammu Tawi Barauni Mour Dhwaj Express,Exp,Fri,tag2026,tag2026
14702,Bandra (T) Sri Ganga Nagar Amrapur Aravali Express,Exp,Daily,tag2026,tag2026
14703,Bikaner Express,Exp,Daily,wikipedia,ogd2017
14704,Jaisalmer Express,Exp,Daily,wikipedia,tag2026
14707,Bikaner - Mumbai Bandra Ranakpur Exp,Exp,Daily,tag2026,tag2026
14708,Mumbai Bandra - Bikaner Ranakpur Exp,Exp,Daily,tag2026,tag2026
14709,Bikaner – Puri Express,Exp,,,ogd2017
14710,Puri – Bikaner Express,Exp,,,ogd2017
14711,Haridwar Shri Ganganagar InterCity Express,Exp,Daily,wikipedia,ogd2017
14712,Shriganganagar Haridwar Express,Exp,Daily,wikipedia,ogd2017
14713,Sriganganagar – Jammu Tawi Express,Exp,,,ogd2017
14714,Jammu Tawi – Sriganganagar Express,Exp,,,tag2026
14715,Hsr Hw Express,Exp,,,ogd2017
14716,Hw Hsr Express,Exp,,,ogd2017
14717,Bkn Hw Express,Exp,,,ogd2017
14718,Hw Bkn Express,Exp,,,ogd2017
14719,Bikaner Amritsar Express,Exp,Thu,tag2026,tag2026
14723,Kalindi Express,Exp,Daily,wikipedia,ogd2017
14724,Kalindi Express,Exp,Daily,wikipedia,ogd2017
14728,Tilak Bridge Shri Ganga Nagar Express,Exp,,,tag2026
14729,Rewari Fazilka Express,Exp,Daily,tag2026,tag2026
14730,Fazilka Rewari Express,Exp,Daily,tag2026,tag2026
14731,Delhi Bhatinda Intercity Express,Exp,,,ogd2017
14732,Bhatinda Delhi Express,Exp,Daily,tag2026,tag2026
14737,Bhiwani Tilak Bridge Express,Exp,Daily,tag2026,tag2026
14738,Tilak Bridge Bhiwani Express,Exp,Daily,tag2026,tag2026
14795,Ekta Express,Exp,Daily,wikipedia,ogd2017
14796,Ekta Express,Exp,Daily,wikipedia,ogd2017
14801,Jodhpur Gandhidham Express,Exp,Daily,wikipedia,ogd2017
14802,Indore Jodhpur Express,Exp,Daily,tag2026,tag2026
14803,Bhagat Ki Kothi – Ahmedabad Express,Exp,,,tag2026
14804,Ahmedabad – Bhagat Ki Kothi Express,Exp,,,ogd2017
14805,Yesvantpur – Barmer Express,Exp,Mon,tag2026,ogd2017
14806,Barmer – Yesvantpur Express,Exp,Fri,tag2026,ogd2017
14807,Jp Awr Express,Exp,"Tue,Fri,Sun",tag2026,tag2026
14808,Awr Jp Express,Exp,"Mon,Wed,Sat",tag2026,tag2026
14809,Jaisalmer Jodhpur Express,Exp,Daily,wikipedia,ogd2017
14810,Jaisalmer Express,Exp,Daily,wikipedia,ogd2017
14811,Sikar – Delhi Sarai Rohilla Express,Exp,,,ogd2017
14812,Delhi Sarai Rohilla – Sikar Express,Exp,,,ogd2017
14821,Jodhpur Sabar mati Express,Exp,Daily,tag2026,tag2026
14823,Jodhpur Rewari Express,Exp,,,tag2026
14824,Rewari Jodhpur Express,Exp,,,tag2026
14853,Marudhar Express,Exp,"Mon,Wed,Sat",wikipedia,ogd2017
14854,Marudhar Express,Exp,,,ogd2017
14863,Marudhar Express,Exp,,,ogd2017
14864,Marudhar Express,Exp,,,ogd2017
14865,Marudhar Express,Exp,,,ogd2017
14866,Marudhar Express,Exp,,,ogd2017
14887,Kalka - Barmer Chandigarh Express,Exp,,,ogd2017
14888,Barmer-Kalka Express,Exp,,,ogd2017
14889,Thar Link Express,Exp,,,ogd2017
14890,Thar Link Express,Exp,,,ogd2017
14891,Jodhpur Hisar Express,Exp,,,tag2026
14892,Hisar Jodhpur Express,Exp,,,tag2026
14893,Jodhpur Palanpur Express,Exp,Daily,tag2026,tag2026
14894,Palanpur Jodhpur Express,Exp,Daily,tag2026,tag2026
14895,Jodhpur Barmer Express,Exp,Daily,tag2026,tag2026
14898,Hisar Bikaner Express,Exp,,,tag2026
15001,Rapti Ganga Express,Exp,Mon,tag2026,ogd2017
15002,Rapti Ganga Express,Exp,Sat,tag2026,tag2026
15003,Chauri Chaura Express,Exp,Daily,wikipedia,tag2026
15004,Chauri Chaura Express,Exp,Daily,wikipedia,tag2026
15005,Rapti Ganga Express,Exp,"Wed,Fri",tag2026,tag2026
15006,Rapti Ganga Express,Exp,"Tue,Thu",tag2026,tag2026
15007,Krishak Express,Exp,Daily,tag2026,tag2026
15008,Krishak Express,Exp,Daily,tag2026,tag2026
15009,Chitrakoot Express,Exp,,,ogd2017
15011,Lucknow - Chandigarh Exp,Exp,Daily,wikipedia,ogd2017
15012,Chandigarh - Lucknow Exp,Exp,Daily,wikipedia,ogd2017
15013,Ranikhet Express,Exp,Daily,tag2026,tag2026
15014,Ranikhet Express,Exp,Daily,wikipedia,ogd2017
15015,Gorakhpur - Yesvantpur Exp,Exp,Wed,tag2026,tag2026
15016,Yesvantpur - Gorakhpur Exp,Exp,Tue,tag2026,tag2026
15017,Mumbai Ltt - Gorakhpur Kashi Exp,Exp,Daily,tag2026,tag2026
15018,Gorakhpur - Mumbai Ltt Kashi Exp,Exp,Daily,tag2026,tag2026
15019,Gorakhpur Nautanwa Express,Exp,"Wed,Fri,Sun",tag2026,tag2026
15020,Gorakhpur Nautanwa Express,Exp,"Tue,Thu,Sat",tag2026,tag2026
15021,Kolkata Shalimar-Gorakhpur Bhojpuri Express,Exp,Tue,tag2026,tag2026
15022,Bhojpuri Express,Exp,Mon,tag2026,tag2026
15023,Gorakhpur - Yesvantpur Exp,Exp,Tue,tag2026,tag2026
15024,Yesvantpur - Gorakhpur Exp,Exp,Thu,tag2026,tag2026
15025,Mau – Anand Vihar Terminal Express,Exp,"Tue,Sun",tag2026,tag2026
15026,Anand Vihar Terminal – Mau Express,Exp,,,ogd2017
15027,Maurya Express,Exp,,,ogd2017
15028,Maurya Express,Exp,Daily,tag2026,tag2026
15029,Gorakhpur – Pune Express,Exp,Thu,tag2026,tag2026
15030,Pune – Gorakhpur Express,Exp,Sat,tag2026,tag2026
15031,Gorakhpur Lucknow Intercity Express,Exp,Daily,tag2026,tag2026
15032,Lucknow Gorakhpur Intercity Express,Exp,Daily,tag2026,tag2026
15033,Haridwar – Ramnagar Express,Exp,,,ogd2017
15034,Ramnagar – Haridwar Express,Exp,,,tag2026
15035,Uttarakhand Sampark Kranti Express,SKr,Daily,tag2026,ogd2017
15036,Uttarakhand Sampark Kranti Express,SKr,,,ogd2017
15037,Kanpur Kasganj Express,Exp,Daily,wikipedia,ogd2017
15038,Kasganj Kanpur Express,Exp,Daily,wikipedia,ogd2017
15039,Farrukhabad Kasganj Express,Exp,Daily,wikipedia,ogd2017
15040,Farrukhabad Express,Exp,Daily,wikipedia,ogd2017
15041,Farrukhabad Kasganj Express,Exp,,,ogd2017
15042,Farrukhabad Express,Exp,,,ogd2017
15043,Lucknow – Kathgodam Express,Exp,,,ogd2017
15044,Kathgodam – Lucknow Express,Exp,"Mon,Tue,Thu,Fri,Sat",tag2026,tag2026
15045,Gorakhpur-Okha Express,Exp,Thu,tag2026,tag2026
15046,Okha-Gorakhpur Express,Exp,Sun,tag2026,tag2026
15047,Purvanchal Express,Exp,"Mon,Tue",tag2026,tag2026
15048,Purvanchal Express,Exp,"Mon,Tue,Fri,Sun",tag2026,tag2026
15049,Poorvanchal Express,Exp,"Wed,Sun",tag2026,tag2026
15050,Poorvanchal Express,Exp,"Wed,Sat",tag2026,tag2026
15051,Poorvanchal Express,Exp,Fri,tag2026,tag2026
15052,Gorakhpur Kolkata Express,Exp,Thu,tag2026,tag2026
15053,Chhapra – Lucknow Express,Exp,Daily,wikipedia,ogd2017
15054,Lucknow – Chhapra Express,Exp,Daily,wikipedia,ogd2017
15055,Agra Fort – Ramnagar Express,Exp,,,ogd2017
15056,Ramnagar – Agra Fort Express,Exp,,,ogd2017
15057,Gorakhpur – Anand Vihar Terminal Express,Exp,Thu,tag2026,tag2026
15058,Anand Vihar Terminal – Gorakhpur Express,Exp,,,tag2026
15059,Lalkuan – Anand Vihar Terminal Express,Exp,Mon,tag2026,tag2026
15060,Anand Vihar Terminal – Lalkuan Express,Exp,,,ogd2017
15063,Gorakhpur – Lokmanya Tilak Express,Exp,,,ogd2017
15064,Lokmanya Tilak – Gorakhpur Express,Exp,Mon,tag2026,tag2026
15065,Gorakhpur – Panvel Express,Exp,"Mon,Tue,Thu,Fri,Sun",tag2026,ogd2017
15066,Panvel – Gorakhpur Express,Exp,"Mon,Tue,Wed,Fri",tag2026,tag2026
15067,Gorakhpur – Mumbai Bandra Express,Exp,Wed,tag2026,ogd2017
15068,Mumbai Bandra – Gorakhpur Express,Exp,Fri,tag2026,tag2026
15069,Gorakhpur – Badshahnagar Express,Exp,Daily,wikipedia,ogd2017
15070,Badshahnagar – Gorakhpur Express,Exp,Daily,wikipedia,ogd2017
15073,Singrauli/ Tanakpur Triveni Express,Exp,"Tue,Thu,Sat",tag2026,tag2026
15074,Tanakpur Singrauli/ Triveni Express,Exp,"Mon,Wed,Fri",tag2026,tag2026
15075,Shakti nagar/ Tanakpur Triveni Express,Exp,"Mon,Wed,Fri,Sun",tag2026,tag2026
15076,Tanakpur Shaktinagar/ Triveni Express,Exp,"Tue,Thu,Sat,Sun",tag2026,tag2026
15077,Kamakhya Gomtinagar Express,Exp,Tue,tag2026,tag2026
15083,Chhapra Farrukhabad Utsarg Express,Exp,,,tag2026
15084,Farrukhabad Chhapra Utsarg Express,Exp,,,tag2026
15090,Gomtinagar Godda Express,Exp,Fri,tag2026,tag2026
15091,Daurai Tanakpur Express,Exp,"Mon,Tue,Thu,Sat",tag2026,tag2026
15092,Tanakpur Daurai Express,Exp,"Mon,Wed,Fri,Sun",tag2026,tag2026
15097,Barauni-Jammu Amarnath Express,Exp,Thu,tag2026,tag2026
15098,Jammu-Barauni Amarnath Express,Exp,,,ogd2017
15101,Chhapra-Mumbai Jansadharan Express,Exp,,,ogd2017
15102,Mumbai Cst Chhapra Jansadharan Express,Exp,,,ogd2017
15103,Gorakhpur Manduadih Intercity Express,Exp,Daily,wikipedia,tag2026
15104,Manduadih Gorakhpur InterCity,Exp,Daily,wikipedia,tag2026
15105,Chhapra Gorakhpur InterCity Express,Exp,"Mon,Tue,Wed,Thu,Fri,Sat",tag2026,tag2026
15106,Gorakhpur Chhapra InterCity Express,Exp,"Mon,Tue,Wed,Thu,Fri,Sat",tag2026,tag2026
15107,Banaras Lucknow Express,Exp,"Mon,Tue,Wed,Thu,Fri,Sat",tag2026,tag2026
15108,Lucknow Banaras Express,Exp,"Mon,Tue,Wed,Thu,Fri,Sat",tag2026,tag2026
15109,Chhapra Mathura Super Fast Express,Exp,"Mon,Wed,Fri",tag2026,tag2026
15110,Mathura Chhapra Express,Exp,"Mon,Wed,Fri",tag2026,tag2026
15111,Chhapra – Varanasi City Express,Exp,Daily,wikipedia,ogd2017
15112,Varanasi City – Chhapra Express,Exp,Daily,wikipedia,ogd2017
15115,Chhapra – Delhi Express,Exp,Sat,tag2026,tag2026
15116,Delhi – Chhapra Express,Exp,,,tag2026
15117,Manduadih – Jabalpur Express,Exp,,,ogd2017
15118,Jabalpur – Manduadih Express,Exp,,,ogd2017
15119,Rameswaram – Manduadih Express,Exp,Daily,tag2026,tag2026
15120,Manduadih – Rameswaram Express,Exp,Daily,tag2026,tag2026
15127,Banaras New Delhi Kashi Vish wanath Express,Exp,Daily,tag2026,tag2026
15128,New Delhi Varanasi Kashi Viswanath Express,Exp,Daily,tag2026,tag2026
15129,Gorakhpur Varansi City Express,Exp,,,tag2026
15130,Varansi City Gorakhpur Express,Exp,,,tag2026
15131,Naipal Ganj Road Varansi City Express,Exp,,,tag2026
15132,Varansi City Nepalganj Road Express,Exp,,,tag2026
15133,Chhapra Anand Vihar Amrit Bharat Express,AB,"Mon,Thu",tag2026,tag2026
15135,Chhapra Amritsar Weekly Express,Exp,Fri,tag2026,tag2026
15159,Sarnath Express,Exp,Daily,tag2026,tag2026
15160,Sarnath Express,Exp,Daily,tag2026,tag2026
15181,Mau Lokmanya Tilak (T) Express,Exp,Sat,tag2026,tag2026
15201,Hajipur Raxaul InterCity,Exp,Daily,tag2026,tag2026
15202,Raxaul Hajipur InterCity,Exp,Daily,tag2026,tag2026
15203,Barauni-Lucknow Express,Exp,Daily,tag2026,tag2026
15204,Lucknow-Barauni Express,Exp,Daily,tag2026,tag2026
15205,Lucknow – Jabalpur Express,Exp,Daily,wikipedia,ogd2017
15206,Jabalpur – Lucknow Express,Exp,Daily,wikipedia,ogd2017
15209,Saharsa - Amritsar Jan Seva Exp,Exp,,,ogd2017
15210,Amritsar - Saharsa Jan Seva Exp,Exp,,,ogd2017
15211,Darbhanga - Amritsar Jan Nayak Exp,Exp,Daily,tag2026,tag2026
15212,Amritsar - Darbhanga Jan Nayak Exp,Exp,Daily,tag2026,tag2026
15215,Muzaffarpur-Narkatiaganj Express,Exp,Daily,tag2026,tag2026
15216,Narkatiaganj-Muzaffarpur Express,Exp,Daily,tag2026,tag2026
15227,Yesvantpur - Muzaffarpur Weekly Exp,Exp,Thu,tag2026,tag2026
15228,Muzaffarpur - Yesvantpur Weekly Exp,Exp,Mon,tag2026,tag2026
15231,Barauni – Gondia Express,Exp,Daily,tag2026,tag2026
15232,Gondia – Barauni Express,Exp,Daily,tag2026,tag2026
15233,Kolkata Chitpur - Darbhanga Maithili Exp,Exp,"Mon,Thu",tag2026,ogd2017
15234,Darbhanga - Kolkata Chitpur Maithili Exp,Exp,"Wed,Sun",tag2026,tag2026
15235,Howrah-Darbhanga Express,Exp,Sat,tag2026,ogd2017
15236,Darbhanga-Howrah Express,Exp,Fri,tag2026,tag2026
15267,Raxaul - Mumbai Ltt Jan Sadharan Exp,Exp,Sat,tag2026,tag2026
15268,Mumbai Ltt - Raxaul Jan Sadharan Exp,Exp,Mon,tag2026,tag2026
15269,Muzaffarpur - Ahmedabad Jan Sadharan Exp,Exp,Thu,tag2026,tag2026
15270,Ahmedabad - Muzaffarpur Jan Sadharan Exp,Exp,Sun,tag2026,tag2026
15271,Howrah-Muzaffarpur JanSadharan Express,Exp,Wed,tag2026,tag2026
15272,Muzzafarpur-Howrah JanSadharan Express,Exp,Tue,tag2026,tag2026
15273,Satyagraha Express,Exp,Daily,tag2026,tag2026
15274,Satyagraha Express,Exp,Daily,tag2026,tag2026
15275,Saharsa-Barauni Express,Exp,Daily,wikipedia,ogd2017
15276,Barauni-Saharsa Express,Exp,Daily,wikipedia,ogd2017
15279,Poorbiya Express,Exp,,,tag2026
15280,Poorabiya Express,Exp,"Mon,Fri",tag2026,tag2026
15283,Janaki Express,Exp,,,ogd2017
15284,Janaki Express,Exp,,,ogd2017
15293,Muzaffarpur Charlapalli Amrit Bharat,AB,Tue,tag2026,tag2026
15417,Alipur Duar – Silghat Town Express,Exp,"Tue,Fri,Sun",tag2026,tag2026
15418,Silghat Town – Alipur Duar Express,Exp,"Mon,Wed",tag2026,tag2026
15463,Balurghat – Siliguri Express,Exp,Daily,tag2026,tag2026
15464,Siliguri – Balurghat Express,Exp,Daily,tag2026,tag2026
15467,Siliguri Bamanhat Express,Exp,Daily,tag2026,tag2026
15468,Bamanhat Siliguri Express,Exp,Daily,tag2026,tag2026
15483,Alipur Duar – Delhi Express,Exp,Daily,tag2026,tag2026
15484,Delhi – Alipur Duar Express,Exp,Daily,tag2026,ogd2017
15501,Raxaul Jogbani Express,Exp,"Mon,Thu",tag2026,tag2026
15502,Jogbani Raxaul Express,Exp,"Mon,Thu",tag2026,tag2026
15503,Saharsa Patna Rajya Rani Express,Exp,,,tag2026
15505,Saharsa Patliputra Express,Exp,,,tag2026
15506,Patliputra Saharsa Express,Exp,,,tag2026
15509,Lalitgram Patna Rani Express,Exp,,,tag2026
15515,Narkatiaganj Danapur Express,Exp,Daily,tag2026,tag2026
15516,Danapur Narkatiaganj Express,Exp,Daily,tag2026,tag2026
15528,Patna Jaynagar Ganga Express,Exp,,,tag2026
15529,Saharsa – Anand Vihar Terminal Express,Exp,Wed,tag2026,tag2026
15530,Anand Vihar Terminal – Saharsa Express,Exp,Thu,tag2026,tag2026
15531,Saharsa – Amritsar Express,Exp,Sun,tag2026,tag2026
15532,Amritsar – Saharsa Express,Exp,Mon,tag2026,tag2026
15547,Jaynagar – Lokmanya Tilak Express,Exp,,,ogd2017
15548,Lokmanya Tilak – Jaynagar Express,Exp,,,ogd2017
15549,Jaynagar – Patna Express,Exp,"Mon,Tue,Wed,Thu,Fri,Sun",wikipedia,ogd2017
15550,Patna – Jaynagar Express,Exp,"Mon,Tue,Wed,Thu,Fri,Sun",wikipedia,tag2026
15551,Darbhanga Varanasi City Antodaya Express,Exp,Wed,tag2026,tag2026
15552,Varanasi City Darbhanga Antodaya Express,Exp,,,tag2026
15555,Bapudham Motihari Patliputra Intercity Express,Exp,Daily,tag2026,tag2026
15556,Bapudham Motihari Patliputra Intercity Express,Exp,Daily,tag2026,tag2026
15557,Darbhanga Anand Vihar (T) Amrit Bharat Express,AB,"Mon,Thu",tag2026,tag2026
15559,Darbhanga – Ahmedabad Express,Exp,Wed,tag2026,tag2026
15560,Ahmedabad – Darbhanga Express,Exp,,,ogd2017
15562,Anand Vihar (T) Bapudham Motihari Amrit Bharat Express,AB,Sun,tag2026,tag2026
15563,Jaynagar – Udhna Express,Exp,,,ogd2017
15564,Udhna – Jaynagar Express,Exp,,,ogd2017
15565,Lalitgram New Delhi Vaishali Express,Exp,Daily,tag2026,tag2026
15567,Bapudham Motihari- Anand Vihar (T) Amrit Bharat Express,AB,"Tue,Fri",tag2026,tag2026
15568,Anand Vihar (T) Bapudham Motihari Amrit Bharat Express,AB,"Wed,Sat",tag2026,tag2026
15589,Muzaffarpur Hadapsar Amrit Bharat Express,AB,Mon,tag2026,tag2026
15590,Hadapsar- Muzaffarpur Express,Exp,Wed,tag2026,tag2026
15601,Bhasha Shahid – New Delhi Express,Exp,Daily,tag2026,tag2026
15602,New Delhi – Bhasha Shahid Express,Exp,Daily,tag2026,tag2026
15603,Guwahati Ledo Intercity Express,Exp,Daily,wikipedia,ogd2017
15604,Ledo Guwahati Intercity Express,Exp,Daily,wikipedia,ogd2017
15605,Jorhat Town InterCity Express,Exp,,,ogd2017
15606,Guwahati InterCity Express,Exp,,,ogd2017
15613,Kamakhya – Murkongselek Express,Exp,Daily,wikipedia,ogd2017
15614,Murkongselek – Kamakhya Express,Exp,Daily,wikipedia,ogd2017
15617,Guwahati – Naharlagun Express,Exp,,,ogd2017
15618,Naharlagun – Guwahati Express,Exp,,,ogd2017
15619,Gaya - Kamakhya Weekly Exp,Exp,,,ogd2017
15620,Kamakhya - Gaya Weekly Exp,Exp,,,ogd2017
15621,Kamakhya – Anand Vihar Terminal Express,Exp,Thu,tag2026,tag2026
15622,Anand Vihar Terminal – Kamakhya Express,Exp,Fri,tag2026,tag2026
15623,Bhagat Ki Kothi – Kamakhya Express,Exp,Tue,tag2026,tag2026
15624,Kamakhya – Bhagat Ki Kothi Express,Exp,Fri,tag2026,tag2026
15629,Chennai Egmore - Guwahati Exp,Exp,Mon,tag2026,tag2026
15630,Guwahati - Chennai Egmore Exp,Exp,Fri,tag2026,tag2026
15631,Barmer - Guwahati Exp,Exp,,,tag2026
15632,Guwahati - Barmer Exp,Exp,,,ogd2017
15635,Okha - Guwahati Exp,Exp,Fri,tag2026,tag2026
15636,Guwahati - Okha Dwarka Exp,Exp,Mon,tag2026,ogd2017
15639,Puri - Guwahati Exp,Exp,Tue,tag2026,ogd2017
15640,Guwahati - Puri Exp,Exp,Sun,tag2026,tag2026
15643,Puri - Kamakhya Weekly Express,Exp,Sat,tag2026,tag2026
15644,Kamakhya - Puri Weekly Spl,Exp,Thu,tag2026,tag2026
15645,Mumbai Ltt - Guwahati Exp,Exp,,,ogd2017
15646,Guwahati - Mumbai Ltt Exp,Exp,,,ogd2017
15647,Mumbai Ltt - Guwahati Exp,Exp,Fri,tag2026,tag2026
15648,Guwahati - Mumbai Ltt Exp,Exp,Tue,tag2026,ogd2017
15651,Guwahati - Jammu Tawi Lohit Exp,Exp,Mon,tag2026,tag2026
15652,Jammu Tawi - Guwahati Lohit Exp,Exp,Wed,tag2026,tag2026
15653,Guwahati - Jammu Tawi Amarnath Exp,Exp,Wed,tag2026,tag2026
15654,Jammu Tawi - Guwahati Amarnath Exp,Exp,Fri,tag2026,ogd2017
15655,Kamakhya – Shri Mata Vaishno Devi Katra Express,Exp,Sun,tag2026,tag2026
15656,Shri Mata Vaishno Devi Katra – Kamakhya Express,Exp,Wed,tag2026,tag2026
15657,Kolkata Sealdah - Guwahati KanchanJungha Exp,Exp,,,ogd2017
15658,Guwahati - Kolkata Sealdah KanchanJungha Exp,Exp,Daily,tag2026,tag2026
15659,Sealdah – Agartala Express,Exp,,,ogd2017
15660,Agartala – Sealdah Express,Exp,,,ogd2017
15661,Ranchi - Kamakhya Exp,Exp,Wed,tag2026,tag2026
15662,Kamakhya - Ranchi Exp,Exp,Tue,tag2026,tag2026
15665,Guwahati-Dimapur Express,Exp,,,ogd2017
15666,Dimapur-Guwahati Express,Exp,,,ogd2017
15667,Gandhidham - Kamakhya Exp,Exp,Sat,tag2026,tag2026
15668,Kamakhya - Gandhidham Exp,Exp,Wed,tag2026,tag2026
15669,Nagaland Express,Exp,,,ogd2017
15670,Nagaland Express,Exp,,,ogd2017
15703,New Jalpaiguri Bongaigaon Express,Exp,Daily,tag2026,tag2026
15704,Bongaigaon New Jalpaiguri Express,Exp,Daily,tag2026,tag2026
15705,Katihar Delhi Champaran Humsafar Express,Exp,"Mon,Thu",tag2026,tag2026
15706,Delhi Katihar Champaran Humsafar Express,Exp,"Tue,Fri",tag2026,tag2026
15707,Amrapali Express,Exp,Daily,tag2026,tag2026
15708,Amrapali Express,Exp,Daily,tag2026,tag2026
15709,Malda Town New Jal paiguri,Exp,Daily,tag2026,tag2026
15710,New Jalpaiguri Malda Town,Exp,Daily,tag2026,tag2026
15711,Howrah – Katihar Express,Exp,Tue,tag2026,tag2026
15712,Katihar – Howrah Express,Exp,Mon,tag2026,tag2026
15713,InterCity Express,Exp,,,ogd2017
15714,InterCity Express,Exp,,,ogd2017
15715,Garib Nawaz Express,GR,"Tue,Fri,Sun",tag2026,tag2026
15716,Garib Nawaz Express Slip,Exp,"Mon,Tue,Thu",tag2026,ogd2017
15717,Guwahati Mariani Intercity Express,Exp,Daily,wikipedia,ogd2017
15718,Mariani-Guwahati Intercity Express,Exp,Daily,wikipedia,ogd2017
15719,Katihar sguj InterCity Express,Exp,Daily,wikipedia,ogd2017
15720,Siliguri Katihar InterCity Express,Exp,Daily,wikipedia,ogd2017
15721,Paharia Express,Exp,Sat,tag2026,tag2026
15722,Paharia Express,Exp,Fri,tag2026,tag2026
15723,NewJalpaiguri-Darbhanga Weekly Express,Exp,,,ogd2017
15724,Darbhanga-NewJalpaiguri Weekly Express,Exp,"Mon,Tue,Thu,Fri,Sat",tag2026,tag2026
15753,Alipurduar Guwahati Shifung Express,Exp,Daily,tag2026,tag2026
15754,Guwahati Alipurduar Shifung Express,Exp,Daily,tag2026,tag2026
15765,New Jalpaiguri Alipur Duar Intercity Express,Exp,Daily,wikipedia,ogd2017
15766,Alipur Duar-New Jalpaiguri Intercity Express,Exp,Daily,wikipedia,ogd2017
15767,New Jalpaiguri-Alipur Duar Intercity Express,Exp,Daily,tag2026,tag2026
15768,Alipurduar Jn-New Jalpaiguri InterCity Express,Exp,Daily,tag2026,tag2026
15769,Alipurduar Lumding Express,Exp,Daily,tag2026,tag2026
15770,Lumding Alipurduar Express,Exp,Daily,wikipedia,ogd2017
15771,AlipurDuar-Kamakhya Intercity Express,Exp,Daily,wikipedia,ogd2017
15772,Kamakhya-AlipurDuar Intercity Express,Exp,Daily,wikipedia,ogd2017
15777,New Jalpaiguri Alipurdure Tourist Express,Exp,Daily,tag2026,tag2026
15778,Alipurduar New Jalpaiguri Tourist Express,Exp,Daily,tag2026,tag2026
15815,Kamakhya – Dekargaon Express,Exp,Daily,wikipedia,ogd2017
15816,Dekargaon – Kamakhya Express,Exp,Daily,wikipedia,ogd2017
15903,Dibrugarh-Chandigarh Weekly Express,Exp,"Mon,Fri",tag2026,tag2026
15904,Chandigarh-Dibrugarh Weekly Express,Exp,"Wed,Sun",tag2026,tag2026
15905,Kanniyakumari - Dibrugarh Vivek Exp,Exp,,,ogd2017
15906,Dibrugarh - Kanniyakumari Vivek Exp,Exp,,,ogd2017
15909,Avadh Assam,Exp,Daily,wikipedia,ogd2017
15927,Kamakhya Dibrugarh Express,Exp,,,ogd2017
15928,Dibrugarh Kamakhya Express,Exp,,,ogd2017
15929,Chennai Egmore - Dibrugarh Weekly Exp,Exp,,,ogd2017
15930,Dibrugarh - Chennai Egmore Weekly Exp,Exp,,,ogd2017
15933,Dibrugarh-Amritsar Weekly Express,Exp,Tue,tag2026,tag2026
15934,Amritsar-DibrugarhTown Weekly Express,Exp,Fri,tag2026,tag2026
15941,Jhajha - Dibrugarh Exp,Exp,,,ogd2017
15942,Dibrugarh - Jhajha Exp,Exp,,,ogd2017
15945,Lokmanya Tilak (T) Dibrugarh Express,Exp,"Wed,Sat",tag2026,tag2026
15959,Howrah - Dibrugarh Kamrup Exp,Exp,"Tue,Wed,Thu,Sat,Sun",tag2026,tag2026
15960,Dibrugarh - Howrah Kamrup Exp,Exp,"Mon,Tue,Wed",tag2026,tag2026
15961,Howrah Dibrugarh Kamrup Express via Bogibeel,Exp,"Mon,Fri",tag2026,tag2026
15962,Dibrugarh Howrah Kamrup Express via Bogibeel,Exp,"Mon,Fri",tag2026,tag2026
15967,Rangiya – Dibrugarh Express,Exp,,,ogd2017
15968,Dibrugarh – Rangiya Express,Exp,,,ogd2017
16003,Chennai – Nagarsol Express,Exp,Sun,tag2026,tag2026
16004,Nagarsol – Chennai Express,Exp,Mon,tag2026,tag2026
16021,Chennai – Mysore Express,Exp,Daily,tag2026,tag2026
16022,Mysore – Chennai Express,Exp,Daily,tag2026,tag2026
16023,Mysore – Yesvantpur Express,Exp,,,ogd2017
16024,Yesvantpur – Mysore Express,Exp,,,ogd2017
16031,Andaman Express,Exp,"Wed,Thu,Sun",tag2026,tag2026
16032,Andaman Express,Exp,"Tue,Fri,Sat",tag2026,tag2026
16053,Tirupati Express,Exp,Daily,tag2026,tag2026
16054,Chennai Express,Exp,Daily,tag2026,tag2026
16057,Saptagiri Express,Exp,Daily,tag2026,tag2026
16058,Saptagiri Express,Exp,Daily,tag2026,tag2026
16085,Arakkonam-Jolarpettai Express,Exp,Daily,tag2026,tag2026
16086,Arakkonam Express,Exp,,,ogd2017
16087,Arakkonam Salem Express,Exp,,,tag2026
16089,Yelagiri Express,Exp,Daily,tag2026,tag2026
16090,Yelagiri Express,Exp,Daily,wikipedia,ogd2017
16093,Chennai Lucknow Express,Exp,"Tue,Sat",tag2026,tag2026
16094,Lucknow Chennai Express,Exp,"Mon,Thu",tag2026,tag2026
16101,Chennai Egmore – Rameswaram Express,Exp,Daily,tag2026,tag2026
16102,Rmm Ms Express,Exp,Daily,tag2026,tag2026
16103,Tambaram Rameswaram Express,Exp,Daily,tag2026,tag2026
16105,Chennai Egmore – Tiruchendur Express,Exp,,,ogd2017
16106,Tiruchendur – Chennai Egmore Express,Exp,,,ogd2017
16111,Tirupati Puducherry Express,Exp,Daily,tag2026,tag2026
16112,Puducherry Tirupati Express,Exp,Sun,tag2026,tag2026
16115,Chennai Egmore Puducherry Express,Exp,Daily,tag2026,tag2026
16116,Puducherry Chennai Express,Exp,Daily,tag2026,tag2026
16127,Chennai Egmore - Guruvayur Exp,Exp,Daily,tag2026,tag2026
16128,Guruvayur - Chennai Egmore Exp,Exp,Daily,tag2026,tag2026
16129,Vanchi Maniyachchi – Tuticorin Express,Exp,,,ogd2017
16130,Tuticorin – Vanchi Maniyachchi Express,Exp,,,ogd2017
16159,Chennai Egmore Mangaluru Express,Exp,Daily,tag2026,tag2026
16160,Mangaluru Chennai Egmore Express,Exp,Daily,tag2026,tag2026
16175,Kamban Express,Exp,Daily,tag2026,tag2026
16176,Kamban Express,Exp,Daily,tag2026,ogd2017
16179,Mannai Express,Exp,Daily,tag2026,tag2026
16180,Mannai Express,Exp,Daily,tag2026,tag2026
16181,Chennai Egmore – Sengottai Express,Exp,,,ogd2017
16182,Sengottai – Chennai Egmore Express,Exp,,,ogd2017
16183,Chennai Egmore – Thanjavur Express,Exp,,,ogd2017
16184,Thanjavur – Chennai Egmore Express,Exp,,,ogd2017
16185,Nagappattinam – Velankanni Express,Exp,,,ogd2017
16186,Velankanni – Nagappattinam Express,Exp,,,ogd2017
16187,Karaikal – Ernakulam Express,Exp,Daily,tag2026,tag2026
16188,Ernakulam – Karaikal Express,Exp,Daily,tag2026,tag2026
16203,Garudadri Express,Exp,Daily,tag2026,tag2026
16204,Garudadri Express,Exp,Daily,tag2026,tag2026
16205,Talaguppa Mysore Intercity Express,Exp,Daily,tag2026,tag2026
16206,Mysore - Talguppa Intercity Express,Exp,Daily,tag2026,tag2026
16207,Yesvantpur Mysuru Express,Exp,Daily,tag2026,tag2026
16209,Ajmer-Mysore Express,Exp,"Fri,Sun",tag2026,tag2026
16210,Mysore-Ajmer Express,Exp,"Tue,Thu",tag2026,tag2026
16211,Yeswanth pur Salem Express,Exp,Daily,tag2026,tag2026
16213,Arsikere SSS Hubballi Express,Exp,Daily,tag2026,tag2026
16214,SSS Hubballi Arsikere Express,Exp,Daily,tag2026,tag2026
16215,Chamundi Express,Exp,Daily,tag2026,tag2026
16216,Chamundi Express,Exp,Daily,tag2026,tag2026
16217,Mysore – Sainagar Shirdi Express,Exp,Mon,tag2026,ogd2017
16218,Sainagar Shirdi – Mysore Express,Exp,,,ogd2017
16221,Talaguppa Mysuru Kuvempu Express,Exp,Daily,tag2026,tag2026
16225,Mysuru Shivamogga Town Express,Exp,Daily,tag2026,tag2026
16226,Shivamogga Town Mysuru Express,Exp,Daily,tag2026,tag2026
16227,Bangalore-Shimoga Express,Exp,Daily,tag2026,tag2026
16228,Shimoga-Bangalore Express,Exp,Daily,tag2026,tag2026
16229,Mysore – Varanasi Express,Exp,,,ogd2017
16231,Mayiladuturai Mysore Express,Exp,Daily,tag2026,tag2026
16232,Mysore Mayiladuturai Express,Exp,Daily,tag2026,tag2026
16233,Mayiladuturai Tiruchirappalli Express,Exp,Daily,wikipedia,ogd2017
16234,Tiruchchirapalli Mayiladuturai Express,Exp,Daily,tag2026,tag2026
16235,Tuticorin – Mysore Express,Exp,Daily,tag2026,tag2026
16236,Mysuru Tuticorin Express,Exp,Daily,tag2026,tag2026
16239,Chikmagalur Yesvantpur Express,Exp,Daily,tag2026,tag2026
16240,Yesvantpur Chikmagalur Express,Exp,Daily,tag2026,tag2026
16301,Venad Express,Exp,Daily,tag2026,tag2026
16302,Venad Express,Exp,Daily,tag2026,tag2026
16303,Vanchinad Express,Exp,Daily,tag2026,tag2026
16304,Vanchinad Express,Exp,Daily,tag2026,tag2026
16305,Ernakulam Kannur InterCity Express,Exp,Daily,tag2026,tag2026
16306,Kannur Ernakulam InterCity Express,Exp,Daily,tag2026,tag2026
16307,Executive Express,Exp,Daily,tag2026,tag2026
16308,Executive Express,Exp,Daily,tag2026,tag2026
16309,Ernakulam Kayankulam Express,Exp,Daily,tag2026,tag2026
16310,Kayanku lam Ernakulam Express,Exp,Daily,tag2026,tag2026
16311,Bikaner - Kochuveli Express,Exp,,,ogd2017
16312,Kochuveli - Bikaner Express,Exp,,,ogd2017
16313,Executive Express,Exp,,,ogd2017
16314,Executive Express,Exp,,,ogd2017
16315,Bangalore - Kochuveli Exp,Exp,Daily,tag2026,tag2026
16316,Kochuveli - Bangalore Exp,Exp,Daily,tag2026,tag2026
16317,Himsagar Express,Exp,,,ogd2017
16318,Himsagar Express,Exp,Mon,tag2026,tag2026
16320,SMVT Benga luru Thiruva nanthapuram North Humsafar Express,Exp,"Fri,Sun",tag2026,tag2026
16322,Coim batore Jn Nagercoil Express,Exp,Daily,tag2026,tag2026
16323,Coimbatore Mangalore Central Express,Exp,Daily,tag2026,tag2026
16324,Mangalore Coimbatore Express,Exp,Daily,tag2026,tag2026
16325,Nilambur - Kottayam express,Exp,Daily,tag2026,tag2026
16326,Kotayam Nilambur Express,Exp,Daily,tag2026,tag2026
16327,Madurai Guruvayur Express,Exp,Daily,tag2026,tag2026
16328,Guruvayur Madurai Express,Exp,Daily,tag2026,tag2026
16331,Mumbai Cst - Trivandrum Exp,Exp,,,ogd2017
16332,Trivandrum - Mumbai Cst Exp,Exp,,,ogd2017
16333,Veraval - Trivandrum Exp,Exp,Thu,tag2026,tag2026
16334,Trivandrum - Veraval Exp,Exp,Mon,tag2026,tag2026
16335,Gandhidham - Nagercoil Weekly Exp,Exp,Fri,tag2026,tag2026
16336,Nagercoil - Gandhidham Weekly Exp,Exp,Tue,tag2026,tag2026
16337,Okha - Ernakulam Exp,Exp,"Mon,Sat",tag2026,tag2026
16338,Ernakulam - Okha Exp,Exp,,,ogd2017
16339,Mumbai Cst - Nagercoil Exp,Exp,,,ogd2017
16340,Nagercoil - Mumbai Cst Exp,Exp,,,ogd2017
16341,Guruvayur-Ernakulam-Trivandrum Intercity Express,Exp,Daily,tag2026,tag2026
16342,Trivandrum-Ernakulam-Guruvayur Intercity Express,Exp,Daily,tag2026,tag2026
16343,Amrita Express,Exp,Daily,tag2026,tag2026
16344,Amrita Express,Exp,Daily,tag2026,tag2026
16345,Mumbai Ltt - Trivandrum Netravati Exp,Exp,Daily,tag2026,tag2026
16346,Trivandrum - Mumbai Ltt Netravati Exp,Exp,Daily,tag2026,tag2026
16347,Trivandrum Mangalore Express,Exp,Daily,tag2026,tag2026
16348,Trivandrum Express,Exp,Daily,tag2026,tag2026
16349,Trivandrum Nilambur Road Rajya Rani Express,Exp,Daily,wikipedia,ogd2017
16350,Nilambur Road Trivandrum Rajya Rani Express,Exp,Daily,tag2026,tag2026
16351,Mumbai Cst - Nagercoil Balaji Exp,Exp,"Mon,Fri",tag2026,tag2026
16352,Nagercoil - Mumbai Cst Balaji Exp,Exp,"Thu,Sun",tag2026,tag2026
16353,Kcg Ncj Express,Exp,,,ogd2017
16354,Nagercoil – Kacheguda Express,Exp,Sat,tag2026,tag2026
16356,Mangaluru Jn. Kochuveli Antyodaya Express,Exp,"Fri,Sun",tag2026,tag2026
16359,Ernakulam - Patna Exp,Exp,,,ogd2017
16360,Patna - Ernakulam Express,Exp,,,ogd2017
16362,Velankanni Ernakulam Express,Exp,"Tue,Sun",tag2026,tag2026
16366,Nagarcoil Kottyam Express,Exp,Daily,tag2026,tag2026
16368,Banaras Kanniyakumari Weekly Express,Exp,Sun,tag2026,tag2026
16377,KSR Bengaluru Er nakulam Intercity Express,Exp,Daily,tag2026,tag2026
16378,Ernakulam KSR Bengaluru Intercity Express,Exp,Daily,tag2026,tag2026
16381,Mumbai Cst - Kanyakumari Express,Exp,Daily,tag2026,tag2026
16382,Kanniyakumari-Mumbai Cst Express,Exp,Daily,tag2026,tag2026
16501,Ahmedabad Bangalore Express,Exp,,,ogd2017
16502,Bangalore - Ahmedabad (Weekly) Express,Exp,,,ogd2017
16505,Gandhidham - Bangalore Exp,Exp,,,ogd2017
16506,Bangalore - Gandhidham Exp,Exp,,,ogd2017
16507,Bhagat Ki Kothi - Bangalore Exp,Exp,,,ogd2017
16508,Bangalore - Bhagat Ki Kothi Exp,Exp,,,ogd2017
16511,Bengaluru City Kozhikode Express,Exp,Daily,tag2026,tag2026
16512,Kozhikode KSR Bengaluru Express,Exp,Daily,tag2026,tag2026
16515,Yesvantpur - Karwar Express,Exp,"Mon,Wed,Fri",tag2026,tag2026
16516,Karwar-Yeshvantpur Express,Exp,Tue,tag2026,tag2026
16517,Yeshvantapur-Kannur Express,Exp,,,ogd2017
16518,Kannur-Yesvantpur Express,Exp,,,ogd2017
16519,Jolarpettai - Bangalore Exp,Exp,Daily,tag2026,tag2026
16520,Bangalore - Jolarpettai Exp,Exp,Daily,tag2026,tag2026
16521,Bangarpet-Bangalore Express,Exp,Daily,tag2026,tag2026
16522,Bangalore Bangarpet Express,Exp,Daily,tag2026,tag2026
16523,Mangaluru – Karwar Express,Exp,,,ogd2017
16524,Karwar – Mangaluru Express,Exp,,,ogd2017
16525,Kanniyakumari - Bangalore Island Exp,Exp,Daily,tag2026,tag2026
16526,Bangalore - Kanniyakumari Island Exp,Exp,Daily,tag2026,tag2026
16527,Yesvantpur - Kannur Express,Exp,Daily,tag2026,tag2026
16528,Kannur - Yeshvantpur Express,Exp,Daily,tag2026,tag2026
16529,SMVT Bengaluru Karaikkal Express,Exp,Daily,tag2026,tag2026
16531,Garib Nawaz Express,Exp,,,ogd2017
16532,Garib Nawaz Express,Exp,Fri,tag2026,ogd2017
16533,Bhagat Ki Kothi - Bangalore City Exp,Exp,,,ogd2017
16534,Bangalore City - Jodhpur Exp,Exp,Sun,tag2026,ogd2017
16535,Gol Gumbaz Express,Exp,,,ogd2017
16536,Gol Gumbaz Express,Exp,,,ogd2017
16539,Yesvantpur Mangaluru Junction Weekly Express,Exp,Sat,tag2026,tag2026
16541,Yesvantpur Pandharpur Express,Exp,Thu,tag2026,tag2026
16542,Pandharpur Yeswantpur Express,Exp,Fri,tag2026,tag2026
16549,KSR Bengaluru Kolar DEMU Express,DEMU,Daily,tag2026,tag2026
16550,Kolar KSR Bengaluru DEMU Express,DEMU,Daily,tag2026,tag2026
16551,MGR Chennai Central Ashokapuram Express,Exp,Daily,tag2026,tag2026
16552,Ashokapuram MGR Chennai Central Express,Exp,Daily,tag2026,tag2026
16557,Rajya Rani Express,Exp,,,ogd2017
16558,Bangalore Mysore Rajya Rani Express,Exp,,,ogd2017
16561,Yesvantpur Thiruvanan thapuram North AC Express,Exp,Thu,tag2026,tag2026
16562,Thiruvanantha puram North Yesvantpur AC Express,Exp,Fri,tag2026,tag2026
16565,Yesvantpur – Mangaluru Express,Exp,Sun,tag2026,tag2026
16566,Mangaluru – Yesvantpur Express,Exp,Mon,tag2026,tag2026
16567,Tumakuru Shivamoga Town Express,Exp,Daily,tag2026,tag2026
16569,Yesvantpur – Kacheguda Express,Exp,,,ogd2017
16570,Kacheguda – Yesvantpur Express,Exp,,,ogd2017
16571,Yesvantpur – Bidar Express,Exp,Daily,wikipedia,ogd2017
16572,Bidar – Yesvantpur Express,Exp,Daily,wikipedia,tag2026
16573,Yesvantpur – Puducherry Express,Exp,Fri,tag2026,tag2026
16574,Puducherry – Yesvantpur Express,Exp,Sat,tag2026,ogd2017
16575,Yesvantpur – Mangaluru Express,Exp,"Tue,Thu",tag2026,tag2026
16576,Mangaluru – Yesvantpur Express,Exp,"Mon,Wed,Fri",tag2026,ogd2017
16577,Yesvantpur – Harihar Express,Exp,Sat,tag2026,tag2026
16578,Harihar – Yesvantpur Express,Exp,,,ogd2017
16579,Yesvantpur – Shimoga Town Express,Exp,Daily,wikipedia,ogd2017
16580,Shimoga Town – Yesvantpur Express,Exp,Daily,wikipedia,ogd2017
16581,Yesvantpur – Shimoga Town Express,Exp,"Tue,Thu,Sun",tag2026,tag2026
16582,Shimoga Town – Yesvantpur Express,Exp,"Tue,Thu,Sun",tag2026,tag2026
16585,SMVT Bengaluru Murdeshwar Express,Exp,Daily,tag2026,tag2026
16587,Yesvantpur – Bikaner Express,Exp,"Fri,Sun",tag2026,tag2026
16588,Bikaner – Yesvantpur Express,Exp,"Tue,Sun",tag2026,tag2026
16589,Rani Chennamma Express,Exp,Daily,tag2026,tag2026
16590,Rani Chennamma Express,Exp,Daily,tag2026,tag2026
16591,Hampi Express,Exp,Daily,wikipedia,ogd2017
16592,Hampi Express,Exp,Daily,wikipedia,ogd2017
16593,Nanded-Bangalore Express,Exp,Daily,wikipedia,ogd2017
16594,Bangalore-Nanded Express,Exp,Daily,wikipedia,ogd2017
16602,Jogbani Erode Amrit Bharat Express,AB,Sun,tag2026,tag2026
16603,Maveli Express,Exp,Daily,tag2026,tag2026
16604,Maveli Express,Exp,Daily,tag2026,tag2026
16605,Eranad Express,Exp,Daily,tag2026,tag2026
16606,Eranad Express,Exp,Daily,tag2026,tag2026
16607,Kannur Coimbatore Express,Exp,Daily,tag2026,tag2026
16609,Thrisur Kannur Express,Exp,Daily,tag2026,tag2026
16610,Mangaluru Central Kozhikode Express,Exp,Daily,tag2026,tag2026
16613,Rajkot - Coimbatore Exp,Exp,Sun,tag2026,tag2026
16614,Coimbatore - Rajkot Exp,Exp,,,tag2026
16615,Mannargudi – Coimbatore Express,Exp,Daily,tag2026,ogd2017
16616,Coimbatore – Mannargudi Express,Exp,Daily,tag2026,tag2026
16617,Rameswaram – Coimbatore Express,Exp,Wed,tag2026,ogd2017
16618,Coimbatore – Rameswaram Express,Exp,Tue,tag2026,tag2026
16621,Rameswaram Mangaluru Express,Exp,Wed,tag2026,tag2026
16622,Mangaluru Rameswaram Express,Exp,Wed,tag2026,tag2026
16629,Malabar Express,Exp,Daily,tag2026,tag2026
16630,Malabar Express,Exp,Daily,tag2026,tag2026
16649,Parasuram Express,Exp,Daily,tag2026,ogd2017
16650,Parasuram Express,Exp,Daily,tag2026,tag2026
16687,Navyug Express,Exp,,,ogd2017
16688,Navyug Express,Exp,,,ogd2017
16721,Coimbatore Madurai Jn. Express,Exp,Daily,tag2026,tag2026
16723,Chennai Egmore - Trivandrum Anantapuri Exp,Exp,,,ogd2017
16724,Trivandrum - Chennai Egmore Anantapuri Exp,Exp,,,ogd2017
16730,Punalur Madurai Express,Exp,Daily,tag2026,tag2026
16732,Tiruchen dur Palakkad Express,Exp,Daily,tag2026,tag2026
16733,Rameswaram-Okha Express,Exp,,,ogd2017
16734,Okha-Rameswaram Express,Exp,,,ogd2017
16751,Chennai Egmore Rameswaram Express,Exp,Daily,tag2026,tag2026
16752,Rameswaram Chennai Egmore Express,Exp,Daily,tag2026,tag2026
16765,Mettupalayam Tuticorin Express,Exp,"Fri,Sun",tag2026,tag2026
16766,Tuticorin Mettupalayam Express,Exp,"Thu,Sat",tag2026,tag2026
16779,Tirupati - Rameswaram Exp,Exp,"Tue,Fri,Sun",tag2026,tag2026
16780,Rameswaram - Tirupati Exp,Exp,"Thu,Fri,Sun",tag2026,tag2026
16787,Tirunelveli - Katra Exp,Exp,Mon,tag2026,tag2026
16788,Jammu Erode - Tirunelveli Link Exp,Exp,,,ogd2017
16790,Erode – Tirunelveli Express,Exp,,,ogd2017
16791,Punalur – Palakkad Express,Exp,Daily,tag2026,tag2026
16792,Palakkad – Punalur Express,Exp,Daily,tag2026,tag2026
16793,Rameswaram – Faizabad Express,Exp,,,ogd2017
16794,Faizabad – Rameswaram Express,Exp,,,ogd2017
16811,May iladuturai Salem Express,Exp,Daily,tag2026,tag2026
16812,Salem May iladuturai Express,Exp,Daily,tag2026,tag2026
16833,Mayiladu turai Tiruchchi rappalli Express,Exp,Daily,tag2026,tag2026
16843,Tiruchirapal li Jn Palakkad Town Express,Exp,Daily,tag2026,tag2026
16844,Palakkad Town Tiuchi chirapalli Express,Exp,Daily,tag2026,tag2026
16845,Erode Sengottai Express,Exp,Daily,tag2026,tag2026
16846,Sengottai Erode Express,Exp,Daily,tag2026,tag2026
16847,Mayiladuthurai Sengottai Express,Exp,Daily,tag2026,tag2026
16849,Tiruchchirappalli Rameswaram Express,Exp,Daily,tag2026,tag2026
16850,Rameswaram Tiruchchirappalli Express,Exp,Daily,tag2026,tag2026
16853,Cholan Express (Day Express),Exp,Daily,tag2026,tag2026
16854,Cholan Express( Day Express),Exp,Daily,tag2026,tag2026
16855,Puducherry – Mangaluru Express,Exp,Thu,tag2026,tag2026
16856,Mangaluru – Puducherry Express,Exp,Fri,tag2026,tag2026
16857,Puducherry – Mangaluru Express,Exp,Sat,tag2026,tag2026
16858,Mangaluru – Puducherry Express,Exp,Sun,tag2026,tag2026
16859,Chennai Egmore – Mangaluru Express,Exp,,,ogd2017
16860,Maq Ms Express,Exp,,,ogd2017
16861,Tiruturaipudi Karaikkudi Express,Exp,Sun,tag2026,tag2026
16862,Karaikkudi Tiruturaipudi Express,Exp,Mon,tag2026,ogd2017
16863,Bhagat Ki Kothi – Mannargudi Express,Exp,,,ogd2017
16864,Mannargudi – Bhagat Ki Kothi Express,Exp,,,ogd2017
16865,Chennai Egmore Thanjavur Uzhavan Express,Exp,Daily,tag2026,tag2026
16866,Thanjavur Chennai Egmore Uzhavan Express,Exp,Daily,tag2026,tag2026
16868,Dindigul Villupuram Express,Exp,Daily,tag2026,tag2026
16870,Villupuram Tirupati Express,Exp,Daily,tag2026,tag2026
17001,Sainagar Shirdi Secunderabad Express,Exp,"Mon,Sat",tag2026,tag2026
17002,Secunderabad Sainagar Shirdi Express,Exp,"Fri,Sun",tag2026,tag2026
17004,Balharshah Kazipet Express,Exp,Daily,tag2026,tag2026
17005,Hyderabad Raxaul Express,Exp,Thu,tag2026,tag2026
17006,Raxaul Hyderabad Special,Exp,Sun,tag2026,tag2026
17008,Darbhanga Secunderabad Express,Exp,"Tue,Fri",tag2026,tag2026
17009,Bidar – Hyderabad Deccan Nampally Express,Exp,Daily,tag2026,tag2026
17010,Secunderabad – Bidar Express,Exp,,,ogd2017
17011,Hyderabad Deccan Nampally – Sirpur Kagaznagar Express,Exp,Daily,tag2026,tag2026
17012,Sirpur Kagaznagar – Secunderabad Express,Exp,Daily,wikipedia,ogd2017
17013,Pune-Hyderabad Express,Exp,,,ogd2017
17014,Hyderabad-Pune Express,Exp,"Mon,Thu,Sat",tag2026,tag2026
17015,Visakha Express,Exp,Daily,tag2026,tag2026
17016,Visakha Express,Exp,Daily,tag2026,tag2026
17017,Rajkot Secunderabad Express,Exp,,,ogd2017
17018,Secunderabad - Rajkot Express,Exp,,,ogd2017
17019,Jaipur – Hyderabad Deccan Nampally Express,Exp,Tue,tag2026,tag2026
17020,Hyderabad Deccan Nampally – Jaipur Express,Exp,Sat,tag2026,tag2026
17021,Hyderabad Deccan Nampally – Guntakal Express,Exp,,,ogd2017
17022,Guntakal – Hyderabad Deccan Nampally Express,Exp,,,ogd2017
17023,Secunderabad – Kurnool City Express,Exp,Daily,wikipedia,ogd2017
17024,Kurnool City – Secunderabad Express,Exp,Daily,wikipedia,ogd2017
17025,Manuguru – Secunderabad Express,Exp,,,ogd2017
17026,Secunderabad – Manuguru Express,Exp,,,ogd2017
17027,Secunderabad – Kurnool City Express,Exp,Daily,wikipedia,ogd2017
17028,Kurnool City – Secunderabad Express,Exp,Daily,wikipedia,ogd2017
17029,Vijayapura Hyderabad Express,Exp,Daily,tag2026,tag2026
17030,Hyderabad Vijayapura Express,Exp,Daily,tag2026,tag2026
17031,Mumbai CST-Hyderabad Express,Exp,Daily,wikipedia,ogd2017
17032,Hyderabad-Mumbai Express,Exp,Daily,wikipedia,ogd2017
17033,Bhadrachallam Road Balharshah Express,Exp,Daily,tag2026,tag2026
17035,Kazipet Balharshah Express,Exp,Daily,tag2026,tag2026
17036,Balharshah Kazipet Express,Exp,Daily,tag2026,tag2026
17037,Secunderabad - Bikaner Express,Exp,,,ogd2017
17038,Bikaner - Secunderabad Express,Exp,,,ogd2017
17057,Mumbai-Secunderabad Devagiri Expres,Exp,Daily,tag2026,tag2026
17058,Devagiri Express,Exp,Daily,tag2026,tag2026
17063,Ajanta Express,Exp,Daily,tag2026,tag2026
17064,Ajanta Express,Exp,Daily,tag2026,tag2026
17201,Golconda Express,Exp,Daily,wikipedia,ogd2017
17202,Golconda Express,Exp,Daily,tag2026,tag2026
17203,Bhavnagar(T)-Kakinada Town Express,Exp,,,ogd2017
17204,Kakinada Town- Bhavnagar Express,Exp,,,ogd2017
17205,Sainagar Shirdi-Kakinada Express,Exp,"Tue,Thu,Sun",tag2026,tag2026
17206,Kakinada-Sainagar Shirdi Express,Exp,"Mon,Wed,Sat",tag2026,tag2026
17207,Sainagar Shiridi Vijayawada Express,Exp,Wed,tag2026,tag2026
17208,Vijayawada Sainagar Shirdi Express,Exp,Tue,tag2026,ogd2017
17209,Bangalore - Kakinada Town Seshadri Exp,Exp,Daily,tag2026,tag2026
17210,Kakinada Town -BANGALORE Seshadri Exp,Exp,Daily,tag2026,tag2026
17211,Machilipatnam Yeshvantapur Express,Exp,,,ogd2017
17212,Machilipatnam Express,Exp,,,ogd2017
17213,Narasapur-Nagarsol Express,Exp,,,ogd2017
17214,Nagarsol Narsapur Express,Exp,,,ogd2017
17215,Vijayawada – Dharmavaram Express,Exp,,,ogd2017
17216,Dharmavaram – Vijayawada Express,Exp,,,ogd2017
17219,Machilipatnam Visakhapatnam Express,Exp,Daily,tag2026,tag2026
17221,Kakinada Port – Lokmanya Tilak Express,Exp,"Wed,Sat",tag2026,tag2026
17222,Lokmanya Tilak – Kakinada Port Express,Exp,"Thu,Sun",tag2026,tag2026
17225,Amaravati Express,Exp,,,ogd2017
17226,Amaravati Express,Exp,,,ogd2017
17229,Sabari Express,Exp,,,ogd2017
17230,Sabari Express,Exp,,,ogd2017
17231,Narasapur – Nagarsol Express,Exp,"Fri,Sun",tag2026,tag2026
17232,Nagarsol – Narasapur Express,Exp,"Mon,Sat",tag2026,tag2026
17233,Bhagyanagar Express,Exp,Daily,tag2026,tag2026
17234,Bhagyanagar Express,Exp,Daily,tag2026,tag2026
17235,Krantivira Sangolli Rayanna – Nagercoil Express,Exp,Daily,tag2026,tag2026
17236,Nagercoil – Krantivira Sangolli Rayanna Express,Exp,Daily,tag2026,tag2026
17237,Bitragunta Chennai Express,Exp,Daily,tag2026,tag2026
17238,Chennai Suburban Bitragunta Express,Exp,"Mon,Tue,Wed,Thu,Fri",tag2026,tag2026
17239,Simhadri Express,Exp,Daily,tag2026,tag2026
17240,Simhadri Express,Exp,Daily,tag2026,tag2026
17241,Simhadri Link Express,Exp,Daily,wikipedia,ogd2017
17242,Simhadri Link Express,Exp,Daily,wikipedia,ogd2017
17243,Guntur Rayagada Express,Exp,Daily,tag2026,tag2026
17247,Narsapur Dharamavaram Express,Exp,Daily,tag2026,tag2026
17250,Kakinada Town Tirupati Express,Exp,Daily,tag2026,tag2026
17251,Guntur Kacheguda Express,Exp,Daily,tag2026,tag2026
17253,Guntur Aurangab ad Express,Exp,Daily,tag2026,tag2026
17255,Narasapur Hyderabad Express,Exp,Daily,tag2026,tag2026
17256,Hyderabad-Narsapur Express,Exp,Daily,tag2026,tag2026
17257,Vijayawada Kakinada Port Express,Exp,Daily,tag2026,tag2026
17258,Kakinada Port Vijayawada Express,Exp,Daily,tag2026,tag2026
17259,Nellore Vijayawada Express,Exp,Daily,tag2026,tag2026
17260,VIjaywada Guddur Express,Exp,Daily,tag2026,tag2026
17270,Narsapur Vijayawada Express,Exp,Daily,tag2026,tag2026
17282,Narsapur Guntur Express,Exp,Daily,tag2026,tag2026
17301,Mysore Dharwad Express,Exp,Daily,tag2026,tag2026
17302,Dharwad Mysore Express,Exp,Daily,tag2026,tag2026
17305,Hubli-H.Nizamuddin Goa Express,Exp,,,ogd2017
17307,Basava Express,Exp,Daily,tag2026,tag2026
17308,Basava Express,Exp,Daily,tag2026,tag2026
17309,Yesvantpur - Vasco Da Gama Exp,Exp,Daily,tag2026,tag2026
17310,Vasco Da Gama - Yesvantpur Exp,Exp,Daily,tag2026,tag2026
17311,Chennai Cent - Vasco Da Gama Exp,Exp,Fri,wikipedia,ogd2017
17312,Vasco Da Gama - Chennai Cent Exp,Exp,Thu,wikipedia,ogd2017
17314,MGR Chennai SSS Hubballi Express,Exp,"Thu,Sat",tag2026,tag2026
17315,Vasco Da Gama - Velankanni Weekly Exp,Exp,Mon,tag2026,tag2026
17316,Velankanni - Vasco Da Gama Weekly Exp,Exp,Tue,tag2026,tag2026
17317,Hubballi – Lokmanya Tilak Express,Exp,Daily,tag2026,tag2026
17318,Lokmanya Tilak – Hubballi Express,Exp,Daily,tag2026,tag2026
17319,Hubballi – Secunderabad Express,Exp,Daily,tag2026,tag2026
17320,Secunderabad – Hubballi Express,Exp,Daily,tag2026,tag2026
17321,Hubballi – Lokmanya Tilak Express,Exp,,,ogd2017
17322,Lokmanya Tilak – Hubballi Express,Exp,,,ogd2017
17323,Hubballi – Varanasi Express,Exp,Fri,tag2026,tag2026
17324,Varanasi – Hubballi Express,Exp,Sun,tag2026,tag2026
17325,Hubballi – Mysore Express,Exp,,,ogd2017
17326,Mysore – Hubballi Express,Exp,,,ogd2017
17347,Hubblli Chitradurga Express,Exp,Daily,tag2026,tag2026
17348,Chitradurga SSS Hubballi Express,Exp,Daily,tag2026,tag2026
17377,Vijayapura Mangaluru Central Express,Exp,Daily,tag2026,tag2026
17378,Mangaluru Central Vijayapura Express,Exp,Daily,tag2026,tag2026
17391,KSR Bengaluru Sindhanur Express,Exp,Daily,tag2026,tag2026
17392,Sindhanur KSR Bengaluru Express,Exp,Daily,tag2026,tag2026
17401,Tirupati-Machilipatnam Express,Exp,Daily,wikipedia,ogd2017
17402,Machilipatanam-Tirupati Express,Exp,Daily,wikipedia,ogd2017
17403,Tirupati Narasapur Express,Exp,,,ogd2017
17404,Narasapur Tirupati Link Express,Exp,,,ogd2017
17405,Krishna Express,Exp,Daily,tag2026,tag2026
17406,Krishna Express,Exp,Daily,tag2026,tag2026
17407,Tirupati – Mannargudi Express,Exp,"Tue,Thu,Sat",tag2026,tag2026
17408,Mannargudi – Tirupati Express,Exp,"Wed,Fri,Sun",tag2026,tag2026
17409,Adilabad – Hazur Sahib Nanded Express,Exp,Daily,tag2026,tag2026
17410,Hazur Sahib Nanded – Adilabad Express,Exp,Daily,tag2026,tag2026
17411,Mumbai CSMT – Shri Chatrapati Shahu Maharaj Express,Exp,Daily,tag2026,tag2026
17412,Shri Chatrapati Shahu Maharaj – Mumbai CSMT Express,Exp,Daily,tag2026,tag2026
17413,Tirupati – Puducherry Express,Exp,,,ogd2017
17414,Puducherry – Tirupati Express,Exp,,,ogd2017
17415,Haripriya Express,Exp,Daily,wikipedia,ogd2017
17416,Haripriya Express,Exp,Daily,tag2026,tag2026
17417,Tirupati – Sainagar Shirdi Express,Exp,Tue,tag2026,tag2026
17418,Sainagar Shirdi – Tirupati Express,Exp,Wed,tag2026,tag2026
17419,Tirupati – Vasco Da Gama Express,Exp,,,ogd2017
17420,Vasco Da Gama – Tirupati Express,Exp,,,ogd2017
17422,Kollam Tirupati Express,Exp,"Wed,Sat",tag2026,tag2026
17423,Tirupati- Chikkamagaluru Express,Exp,Thu,tag2026,tag2026
17479,Puri-Tirupati Express,Exp,"Mon,Wed,Thu,Fri,Sun",tag2026,tag2026
17480,Tirupati-Puri Express,Exp,,,tag2026
17481,Bilaspur-Tirupati Express,Exp,"Tue,Sat",tag2026,tag2026
17482,Tirupati-Bilaspur Express,Exp,"Thu,Sun",tag2026,tag2026
17487,Tirumala Express,Exp,,,ogd2017
17488,Tirumala Express,Exp,Daily,tag2026,tag2026
17603,Prasanti Nilayam Express,Exp,Daily,wikipedia,ogd2017
17604,Prashanti Nilayam Express,Exp,Daily,wikipedia,ogd2017
17605,Mangaluru – Kacheguda Express,Exp,Daily,tag2026,tag2026
17606,Kacheguda – Mangaluru Express,Exp,,,ogd2017
17609,Patna - Purna Exp,Exp,Sat,tag2026,tag2026
17610,Purna - Patna Exp,Exp,,,ogd2017
17611,Nanded Mumbai CSMT Rajya Rani Express,Exp,Daily,tag2026,tag2026
17613,Pune Nanded Exp,Exp,,,tag2026
17614,Nanded Pune Express,Exp,"Mon,Tue,Wed,Thu,Fri,Sun",tag2026,tag2026
17615,Kacheguda – Madurai Express,Exp,,,ogd2017
17616,Madurai – Kacheguda Express,Exp,,,ogd2017
17617,Tapovan Express,Exp,Daily,wikipedia,ogd2017
17618,Tapovan Express,Exp,Daily,tag2026,tag2026
17619,Aurangabad – Hazur Sahib Nanded Express,Exp,,,ogd2017
17620,Hazur Sahib Nanded – Aurangabad Express,Exp,Mon,tag2026,tag2026
17621,Aurangabad – Renigunta Express,Exp,Fri,tag2026,tag2026
17622,Renigunta – Aurangabad Express,Exp,Sat,tag2026,tag2026
17623,Hazur Sahib Nanded – Bikaner Express,Exp,,,ogd2017
17624,Bikaner – Hazur Sahib Nanded Express,Exp,,,ogd2017
17625,Kacheguda – Repalle Passenger,Pass,Daily,tag2026,tag2026
17626,Repalle – Secunderabad Passenger,Pass,Daily,tag2026,tag2026
17630,Hazur Sahib Nanded Hadapsar Express,Exp,Daily,tag2026,tag2026
17639,Kacheguda - Akola Intercity Exp,Exp,Mon,tag2026,tag2026
17640,Akola - Kacheguda Intercity Exp,Exp,Tue,tag2026,tag2026
17641,Kacheguda – Narkher Express,Exp,"Tue,Wed,Thu,Fri,Sat,Sun",tag2026,tag2026
17642,Narkher – Kacheguda Express,Exp,"Mon,Wed,Thu,Fri,Sat,Sun",tag2026,tag2026
17643,Circar Express,Exp,"Tue,Wed,Fri,Sun",tag2026,tag2026
17644,Circar Express,Exp,"Mon,Tue,Fri,Sat",tag2026,tag2026
17645,Secunderabad Repalle Express,Exp,Daily,tag2026,tag2026
17646,Repalle Secunderabad Express,Exp,Daily,tag2026,tag2026
17647,Hydrabad Purna Express,Exp,Daily,tag2026,tag2026
17648,Purna Hydrabad Express,Exp,Daily,tag2026,tag2026
17651,Chennai Egmore Kacheguda Express,Exp,"Mon,Wed,Thu,Sat",tag2026,tag2026
17652,Kacheguda Chennai Egmore Express,Exp,"Mon,Tue,Thu,Sat",tag2026,tag2026
17653,Kacheguda Puducherry Express,Exp,"Wed,Fri,Sun",tag2026,tag2026
17654,Puducherry Kacheguda Express,Exp,"Mon,Thu,Fri",tag2026,tag2026
17655,Kakinada Port Puducherry Express,Exp,"Wed,Thu,Sun",tag2026,tag2026
17656,Puducherry Kakinada Port Express,Exp,,,tag2026
17659,Secunderabad Bhadrachalam Express,Exp,Daily,tag2026,tag2026
17660,Bhadrachalam Secunderabad Express,Exp,Daily,tag2026,tag2026
17661,Ka cheguda Nagarsol Express,Exp,Daily,tag2026,tag2026
17662,Nagarsol Ka cheguda Express,Exp,Daily,tag2026,tag2026
17663,Raichur Parbhani Express,Exp,Daily,tag2026,tag2026
17664,Hazur Sahib Nanded- Raichur Express,Exp,Daily,tag2026,tag2026
17665,Hazur Sa hib Nanded - Lokmanya Tilak (T) Express,Exp,Wed,tag2026,tag2026
17667,Hazur Sa hib Nanded - Lokmanya Tilak (T) Express,Exp,Mon,tag2026,tag2026
17684,Purna Akola Express,Exp,Daily,tag2026,tag2026
17687,Manmad-Dharmabad Composite Express,Exp,Daily,tag2026,tag2026
17688,Dharmabad-Manmad Composit Express,Exp,Daily,tag2026,tag2026
18003,Howrah Adra Express,Exp,Daily,tag2026,tag2026
18004,Adra Howrah Express,Exp,Daily,tag2026,tag2026
18005,Howrah - Jagdalpur Samaleshwari Exp,Exp,Daily,tag2026,tag2026
18006,Jagdalpur - Howrah Samaleshwari Exp,Exp,Daily,tag2026,tag2026
18007,Shalimar-Baripada Express,Exp,"Mon,Tue,Wed",tag2026,tag2026
18008,Baripada-Shalimar Express,Exp,"Tue,Wed,Thu",tag2026,tag2026
18009,Santragachi – Ajmer Express,Exp,,,ogd2017
18010,Ajmer – Santragachi Express,Exp,,,ogd2017
18011,Howrah Chakradharpur Express,Exp,Daily,tag2026,tag2026
18012,Chakradhar pur Howrah Express,Exp,Daily,tag2026,tag2026
18013,Howrah Bokaro Express,Exp,Daily,tag2026,tag2026
18014,Bokaro Steel City Howrah Express,Exp,Daily,tag2026,tag2026
18019,Jhargram Dhanbad MEMU Express,MEMU,"Mon,Tue,Wed,Thu,Fri,Sun",tag2026,tag2026
18020,Dhanbad Jhargram MEMU Express,MEMU,"Mon,Tue,Wed,Thu,Fri,Sun",tag2026,tag2026
18021,Kharagpur Khurda Road Express,Exp,Daily,tag2026,tag2026
18023,Kharagpur NSCB Gomoh Express,Exp,Daily,tag2026,tag2026
18024,NSCB Gomoh Kharagpur Express,Exp,Daily,tag2026,tag2026
18027,Kharagpur Asansol Express,Exp,Daily,tag2026,tag2026
18028,Asansol Kharagpur Express,Exp,Daily,tag2026,tag2026
18029,Mumbai Ltt [Kurla] - Kolkata Salimar Exp,Exp,Daily,tag2026,tag2026
18030,Kolkata Salimar - Mumbai Ltt [Kurla] Exp,Exp,Daily,tag2026,tag2026
18034,Ghatsila Howrah MEMU Express,MEMU,"Mon,Tue,Wed,Thu,Fri,Sun",tag2026,tag2026
18035,Kharagpur Hatia Express,Exp,Daily,tag2026,tag2026
18036,Hatia Kharagpur Express,Exp,Daily,tag2026,tag2026
18044,Bhadrak Howrah Express,Exp,Daily,tag2026,tag2026
18045,Shalimar Charalapalli East Coast Express,Exp,Daily,tag2026,tag2026
18046,Charlapalli Shalimar East Coast Express,Exp,Daily,tag2026,tag2026
18047,Howrah - Vasco Da Gama Amravati Exp,Exp,"Mon,Tue,Thu,Sat",tag2026,tag2026
18048,VASCO-DA-GAMA - Howrah Amaravati Exp,Exp,,,ogd2017
18051,Badampahar Rourkela Express,Exp,Sun,tag2026,tag2026
18052,Rourkela Badampahar Express,Exp,Sun,tag2026,tag2026
18085,Kharagpur Ranchi Express,Exp,Daily,tag2026,tag2026
18086,Ranchi Kharagpur Express,Exp,Daily,tag2026,tag2026
18101,Tatanagar Jammu Tawi Express,Exp,Daily,tag2026,ogd2017
18102,Jammu-Rourkela Express,Exp,Daily,tag2026,tag2026
18103,Jallianwalabagh Express,Exp,"Mon,Wed",tag2026,tag2026
18104,Jallianwalabagh Express,Exp,"Wed,Fri",tag2026,tag2026
18105,Rourkela Jayanagar Express,Exp,"Tue,Thu,Sat",tag2026,tag2026
18107,Rourkela - Koraput Exp,Exp,,,tag2026
18108,Koraput - Rourkela Exp,Exp,Daily,tag2026,tag2026
18111,Tatanagar – Yesvantpur Express,Exp,,,ogd2017
18112,Yesvantpur – Tatanagar Express,Exp,,,ogd2017
18113,Tatanagar Bilaspur Express,Exp,Daily,tag2026,tag2026
18114,Bilaspur Tatanagar Express,Exp,Daily,tag2026,tag2026
18115,NSCB Gomoh Chakradharpur Express,Exp,Daily,tag2026,tag2026
18116,Chakradhar pur NSCB Gomoh Express,Exp,Daily,tag2026,tag2026
18117,Rourkela – Gunupur Express,Exp,Daily,tag2026,tag2026
18118,Gunupur – Rourkela Express,Exp,Daily,tag2026,tag2026
18119,Tatanagar Jaynagar Express,Exp,Fri,tag2026,tag2026
18125,Rourkela Puri Express,Exp,Daily,tag2026,tag2026
18181,Tata-Chapra Express,Exp,,,ogd2017
18182,Chhapra-Tata Express,Exp,"Wed,Thu,Sat,Sun",tag2026,tag2026
18183,Tata-Danapur Express,Exp,Daily,tag2026,tag2026
18184,Danapur-Tatanagar Express,Exp,Daily,tag2026,tag2026
18186,Godda Tatana gar Express,Exp,Tue,tag2026,tag2026
18189,Tatanagar- Alappuzha (Alleppey) Express,Exp,,,ogd2017
18190,Allapuzha Dhanbad Slip Express,Exp,Daily,tag2026,tag2026
18191,Utsarg Express,Exp,,,ogd2017
18192,Utsarg Express,Exp,,,ogd2017
18201,Durg-Nautanwa (via Varanasi)Express,Exp,"Wed,Fri",tag2026,tag2026
18202,Nautanwa-Durg Nautanwa Express,Exp,"Fri,Sun",tag2026,tag2026
18203,Betwa Express,Exp,"Tue,Sun",tag2026,tag2026
18204,Betwa Express,Exp,"Mon,Wed",tag2026,tag2026
18205,Durg -Nautanwa Express,Exp,Thu,tag2026,tag2026
18206,Nautanwa-Durg Express,Exp,Sat,tag2026,tag2026
18207,Durg Jaipur Express,Exp,Mon,tag2026,tag2026
18208,Jaipur Durg Express,Exp,Tue,tag2026,tag2026
18211,Durg – Jagdalpur Express,Exp,,,ogd2017
18212,Jagdalpur – Durg Express,Exp,,,ogd2017
18213,Durg – Jaipur Express,Exp,Sun,tag2026,tag2026
18214,Jaipur – Durg Express,Exp,Mon,tag2026,tag2026
18215,Durg – Jammu Tawi Express,Exp,,,ogd2017
18216,Jammu Tawi – Durg Express,Exp,,,ogd2017
18233,Indore - Bilaspur Narmada Exp,Exp,Daily,tag2026,tag2026
18234,Bilaspur - Indore Narmada Exp,Exp,Daily,tag2026,tag2026
18235,Bilaspur Express Cum Passenger,Exp,Daily,tag2026,tag2026
18236,Bilaspur Express Cum Passenger,Exp,Daily,tag2026,tag2026
18237,Chhattisgarh Express,Exp,Daily,tag2026,tag2026
18238,Chhattisgarh Express,Exp,Daily,tag2026,tag2026
18239,Gerva Road-Nagpur Express,Exp,Daily,wikipedia,ogd2017
18240,Nagpur Bilaspur Express,Exp,Daily,tag2026,tag2026
18241,Durg Ambikapur Express,Exp,Daily,tag2026,tag2026
18242,Ambikapur Durg Express Cum Passenger,Exp,Daily,tag2026,tag2026
18243,Bilaspur – Bhagat Ki Kothi Express,Exp,,,ogd2017
18244,Bhagat Ki Kothi – Bilaspur Express,Exp,,,ogd2017
18245,Bilaspur – Bikaner Express,Exp,,,ogd2017
18246,Bikaner – Bilaspur Express,Exp,,,ogd2017
18247,Bilaspur – Rewa Express,Exp,Daily,tag2026,tag2026
18248,Rewa – Bilaspur Express,Exp,Daily,tag2026,tag2026
18249,Raipur Korba Hasdeo Express,Exp,"Wed,Thu,Fri,Sat",tag2026,tag2026
18250,Korba Raipur Hasdeo Express,Exp,"Thu,Fri,Sat,Sun",tag2026,tag2026
18251,Raipur Korba Hasdeo Express,Exp,"Mon,Tue,Sun",tag2026,tag2026
18252,Korba Raipur Hasdeo Express,Exp,"Mon,Tue,Wed",tag2026,tag2026
18257,Bilaspur Chirimiri Express,Exp,Daily,tag2026,tag2026
18258,Chirimiri Bilaspur Express,Exp,Daily,tag2026,tag2026
18301,Rayagada Express,Exp,Daily,wikipedia,tag2026
18302,Sambalpur Express,Exp,Daily,tag2026,tag2026
18303,Sambalpur - Puri Intercity Exp,Exp,Daily,wikipedia,ogd2017
18304,Puri - Sambalpur Intercity Exp,Exp,Daily,wikipedia,ogd2017
18309,Nagavali Express,Exp,,,ogd2017
18310,Nagavali Express,Exp,,,ogd2017
18311,Sambalpur - Varanasi Exp,Exp,,,ogd2017
18312,Varanasi - Sambalpur Exp,Exp,,,ogd2017
18401,Puri - Okha (Weekly) Express,Exp,Daily,tag2026,tag2026
18402,Okha Puri Weekly Express,Exp,Daily,tag2026,tag2026
18403,Chakradharpur – Barbil Express,Exp,,,ogd2017
18404,Barbil – Chakradharpur Express,Exp,,,ogd2017
18405,Puri - Ahmedabad Exp,Exp,,,ogd2017
18406,Ahmedabad - Puri Exp,Exp,,,ogd2017
18407,Puri – Sainagar Shirdi Express,Exp,,,ogd2017
18408,Sainagar Shirdi – Puri Express,Exp,,,ogd2017
18409,Sri Jagannath Express,Exp,Daily,tag2026,tag2026
18410,Sri Jagannath Express,Exp,Daily,tag2026,ogd2017
18413,Paradip Puri InterCity Express,Exp,Daily,wikipedia,ogd2017
18414,Puri Paradip InterCity Express,Exp,Daily,tag2026,tag2026
18415,Banspani-Puri InterCity,Exp,Daily,wikipedia,ogd2017
18416,Puri-Banspani InterCity,Exp,Daily,tag2026,tag2026
18418,Gunupur Puri Express,Exp,Daily,tag2026,tag2026
18419,Puri-Darbhanga Weekly Express,Exp,Thu,tag2026,tag2026
18420,Darbhanga-Puri Weekly Express,Exp,Sat,tag2026,tag2026
18421,Puri – Ajmer Express,Exp,,,ogd2017
18422,Ajmer – Puri Express,Exp,,,tag2026
18425,Puri - Durg Exp,Exp,Daily,tag2026,tag2026
18426,Durg - Puri Exp,Exp,Daily,wikipedia,tag2026
18427,Puri Anand Vihar (T) Express,Exp,Sat,tag2026,tag2026
18428,Anand Vihar(T) Puri Express,Exp,Sun,tag2026,tag2026
18437,Rayagada – Junagarh Road Express,Exp,,,ogd2017
18438,Junagarh Road – Rayagada Express,Exp,,,ogd2017
18447,Hirakhand Express,Exp,Daily,tag2026,ogd2017
18448,Hirakhand Express,Exp,Daily,wikipedia,tag2026
18449,Baidyanathdham Express,Exp,Mon,tag2026,tag2026
18450,Baidyanathdham Express,Exp,Wed,tag2026,tag2026
18451,Hatia - Puri Tapaswini Exp,Exp,Daily,wikipedia,ogd2017
18452,Puri - Hatia Tapaswini Exp,Exp,Daily,wikipedia,ogd2017
18463,Prasanti Express,Exp,Daily,tag2026,tag2026
18464,Prasanti Express,Exp,Daily,tag2026,tag2026
18477,Utkal Express,Exp,Daily,tag2026,tag2026
18478,Utkal Express,Exp,Daily,tag2026,tag2026
18495,Rameswaram-Bhubaneswar Express,Exp,,,ogd2017
18496,Bhubaneswar-Rameswaram Weekly Express,Exp,,,ogd2017
18501,Visakhapatnam – Gandhidham Express,Exp,,,ogd2017
18502,Gandhidham – Visakhapatnam Express,Exp,,,ogd2017
18503,Visakhapatnam – Sainagar Shirdi Express,Exp,Thu,tag2026,tag2026
18504,Sainagar Shirdi – Visakhapatnam Express,Exp,Fri,tag2026,tag2026
18507,Visakhapatnam - Amritsar Hirakud Exp,Exp,,,ogd2017
18508,Amritsar - Visakhapatnam Hirakud Exp,Exp,,,ogd2017
18511,Koraput – Visakhapatnam Express,Exp,,,tag2026
18512,Visakhapatnam – Koraput Express,Exp,"Mon,Fri",tag2026,tag2026
18515,Vishakhapata nam Kirandul Express,Exp,Daily,tag2026,tag2026
18516,Kirandul Vishakhapata nam Express,Exp,,,tag2026
18517,Korba Visakhapatnam Express,Exp,Daily,tag2026,tag2026
18518,Visakhapatnam-Korba Express,Exp,Daily,tag2026,tag2026
18519,Visakhapatnam – Lokmanya Tilak Express,Exp,Daily,tag2026,tag2026
18520,Lokmanya Tilak – Visakhapatnam Express,Exp,Daily,tag2026,tag2026
18521,Visakhapatnam cuddapah Tirumala Express,Exp,Daily,tag2026,tag2026
18522,Cuddapah Visakhapatnam Tirumala Express,Exp,Daily,tag2026,tag2026
18523,Visakhapatnam Banaras Express,Exp,"Wed,Sun",tag2026,tag2026
18524,Banaras Visakhapatnam Express,Exp,"Mon,Thu",tag2026,tag2026
18525,Brahmapur Visakhapatnam Express,Exp,Daily,tag2026,tag2026
18526,Visakhapatnam Brahmapur Express,Exp,Daily,tag2026,tag2026
18529,Durg Vishakhapa tnam Express,Exp,Daily,tag2026,tag2026
18530,Vishakhapa tnam Durg Express,Exp,Daily,tag2026,tag2026
18567,Visakhapatnam – Kollam Express,Exp,Thu,tag2026,tag2026
18568,Kollam – Visakhapatnam Express,Exp,Fri,tag2026,tag2026
18573,Visakhapatnam – Bhagat Ki Kothi Express,Exp,Thu,tag2026,tag2026
18574,Bhagat Ki Kothi – Visakhapatnam Express,Exp,Sat,tag2026,tag2026
18601,Tatanagar Hatia Express,Exp,Daily,tag2026,tag2026
18602,Hatia Tatanagar Express,Exp,Daily,tag2026,tag2026
18603,Ranchi Godda Express,Exp,"Tue,Thu,Sat",tag2026,tag2026
18604,Godda Ranchi Express,Exp,"Wed,Fri,Sun",tag2026,tag2026
18605,Ranchi-Jaynagar Express,Exp,,,ogd2017
18606,Jaynagar-Ranchi Express,Exp,,,ogd2017
18609,Ranchi - Mumbai Ltt Exp,Exp,Wed,tag2026,tag2026
18610,Mumbai Ltt - Ranchi Exp,Exp,Fri,tag2026,tag2026
18611,Ranchi-Varanasi Express,Exp,"Mon,Tue,Thu,Fri,Sat",tag2026,tag2026
18612,Varanasi-Ranchi Express,Exp,,,tag2026
18613,Ranchi Chopan Express,Exp,,,ogd2017
18614,Chopan Ranchi Express,Exp,"Wed,Fri,Sun",tag2026,tag2026
18615,Howrah - Hatia Kriya Yoga Express,Exp,Daily,tag2026,tag2026
18616,Hatia - Howrah Kriya Yoga Express,Exp,Daily,tag2026,tag2026
18619,Ranchi – Dumka Express,Exp,Daily,tag2026,tag2026
18620,Dumka – Ranchi Express,Exp,Daily,tag2026,tag2026
18621,Patliputra Express,Exp,Daily,tag2026,tag2026
18622,Patliputra Express,Exp,Daily,tag2026,tag2026
18623,Patna Rajendra Nagar-Hatia Express,Exp,Daily,tag2026,tag2026
18624,Hatia-Rajendranagar Express,Exp,Daily,tag2026,tag2026
18625,Patna-Hatia Super Express,Exp,Daily,tag2026,tag2026
18626,Hatia-Patna Super Express,Exp,Daily,tag2026,tag2026
18627,Howrah Ranchi Intercity Express,Exp,"Mon,Tue,Sun",tag2026,tag2026
18628,Ranchi How rah Intercity Express,Exp,"Mon,Tue,Sun",tag2026,tag2026
18629,Ranchi Gorakhpur Express,Exp,Fri,tag2026,tag2026
18630,Gorakhpur Ranchi Express,Exp,Sat,tag2026,tag2026
18631,Ranchi Garib Nawaz Express,Exp,,,ogd2017
18632,Garib Nawaz Express,GR,,,tag2026
18636,Sasaram Ranchi Express,Exp,"Mon,Tue,Wed,Thu,Fri,Sat",tag2026,tag2026
18637,Hatia – Bangalore Cantonment Express,Exp,Sat,tag2026,tag2026
18638,Bangalore Cantonment – Hatia Express,Exp,Tue,tag2026,ogd2017
18639,Ara Ranchi Express,Exp,"Tue,Fri,Sun",tag2026,tag2026
18640,Ranchi Ara Express,Exp,"Mon,Thu,Sat",tag2026,tag2026
18645,East Coast Express,Exp,,,ogd2017
18646,East Coast Express,Exp,,,ogd2017
18695,Islampur – Patna Express,Exp,Daily,wikipedia,ogd2017
18696,Patna – Islampur Express,Exp,Daily,wikipedia,ogd2017
18697,Purnia Court – Patna Express,Exp,,,ogd2017
18698,Patna – Purnia Court Express,Exp,,,ogd2017
18756,Ambikapur Shahdol Express,Exp,Daily,tag2026,tag2026
19001,Virar Surat Express MEMU,MEMU,Daily,tag2026,tag2026
19002,Surat Virar MEMU Express,MEMU,Daily,tag2026,tag2026
19003,Dadar Bhusaval Khandesh Express,Exp,"Tue,Thu,Sun",tag2026,tag2026
19004,Bhusaval Dadar Khandesh Express,Exp,"Tue,Thu,Sun",tag2026,tag2026
19005,Surat Bhusaval Express,Exp,Daily,tag2026,tag2026
19006,Bhusaval Surat Express,Exp,Daily,tag2026,tag2026
19007,Surat Bhusaval Express,Exp,Daily,tag2026,tag2026
19008,Bhusaval Surat Express,Exp,Daily,tag2026,tag2026
19011,Valsad- Dahod Express,Exp,Daily,tag2026,tag2026
19013,Bhusaval Katni Express,Exp,Daily,tag2026,tag2026
19014,Katni Bhusaval Express,Exp,Daily,tag2026,tag2026
19015,Mumbai – Porbandar Express,Exp,Daily,tag2026,tag2026
19016,Porbandar – Mumbai Express,Exp,Daily,tag2026,ogd2017
19019,Bandra T - Dehradun Express,Exp,Daily,tag2026,tag2026
19020,Dehradun - Bandra Terminus Express,Exp,Daily,tag2026,tag2026
19021,Mumbai Bandra – Lucknow Express,Exp,,,ogd2017
19022,Lucknow – Mumbai Bandra Express,Exp,,,ogd2017
19023,Mumbai Firozpur Janata Express,Exp,,,ogd2017
19024,Firozpur Mumbai Janata Express,Exp,,,ogd2017
19025,Surat Bhavnagar Express Slip,Exp,,,ogd2017
19026,Bhavnagar Surat (Slip) Express,Exp,,,ogd2017
19027,Mumbai Bandra – Jammu Tawi Express,Exp,Sat,tag2026,tag2026
19028,Jammu Tawi – Mumbai Bandra Express,Exp,Mon,tag2026,tag2026
19031,Ahmedabad – Haridwar Express,Exp,Daily,tag2026,tag2026
19032,Haridwar – Ahmedabad Express,Exp,Daily,tag2026,tag2026
19033,Valsad – Ahmedabad Express,Exp,Daily,tag2026,tag2026
19034,Ahmedabad – Valsad Express,Exp,Daily,tag2026,tag2026
19035,Vadodara – Ahmedabad Express,Exp,Daily,tag2026,tag2026
19036,Ahmedabad – Vadodara Express,Exp,Daily,tag2026,tag2026
19037,Awadh Express,Exp,Daily,tag2026,tag2026
19038,Awadh Express,Exp,Daily,tag2026,tag2026
19039,Awadh Express,Exp,,,ogd2017
19040,Awadh Express,Exp,,,ogd2017
19041,Mumbai Bandra – Ghazipur City Express,Exp,,,ogd2017
19042,Ghazipur City – Mumbai Bandra Express,Exp,,,ogd2017
19045,Tapti Ganga,Exp,,,ogd2017
19046,Tapti Ganga,Exp,"Tue,Wed,Fri,Sat,Sun",tag2026,tag2026
19051,Valsad - Muzaffarpur Shramik Exp,Exp,Sat,tag2026,tag2026
19052,Muzaffarpur - Valsad Shramik Exp,Exp,Mon,tag2026,tag2026
19053,Surat - Muzaffarpur Exp,Exp,Fri,tag2026,tag2026
19054,Muzaffarpur - Surat Exp,Exp,,,ogd2017
19055,Valsad – Jodhpur Express,Exp,,,ogd2017
19056,Jodhpur – Valsad Express,Exp,,,ogd2017
19057,Udhna – Varanasi Express,Exp,,,ogd2017
19058,Bsb Udn Express,Exp,,,ogd2017
19061,Mumbai Bandra – Ramnagar Express,Exp,,,ogd2017
19062,Ramnagar – Mumbai Bandra Express,Exp,,,ogd2017
19063,Udhna – Danapur Express,Exp,,,ogd2017
19064,Danapur – Udhna Express,Exp,,,ogd2017
19091,Bandra (T) Gorakhpur Express,Exp,Mon,tag2026,tag2026
19092,Gorakhpur Bandra Terminus Humsafar Express,Exp,Tue,tag2026,tag2026
19101,Virar Bharuch Express MEMU,MEMU,Daily,tag2026,tag2026
19102,Surat Virar MEMU Express,MEMU,Daily,tag2026,tag2026
19103,Ratlam Kota Express,Exp,Daily,tag2026,tag2026
19104,Kota Ratlam MEMU Express,MEMU,Daily,tag2026,tag2026
19105,Udhna Bhusaval Express,Exp,Daily,tag2026,tag2026
19106,Bhusaval Udhna Express,Exp,Daily,tag2026,tag2026
19107,Ahmedabad-Udhampur Janmabhoomi Express,Exp,Sun,tag2026,tag2026
19108,Udhampur-Ahmedabad Janmabhoomi Express,Exp,,,ogd2017
19109,Kota Mathura MEMU Express,MEMU,Daily,tag2026,tag2026
19110,Mathura Kota MEMU Express,MEMU,Daily,tag2026,tag2026
19115,Mumbai Bandra - Bhuj Sayaji Nagari Exp,Exp,,,ogd2017
19116,Bhuj - Mumbai Bandra Sayaji Nagari Exp,Exp,,,ogd2017
19119,Ahmedabad Somnath Intercity Express,Exp,Daily,tag2026,tag2026
19120,Somnath Ahmedabad Intercity Express,Exp,,,ogd2017
19151,Palanpur - Gandhidham Exp,Exp,,,ogd2017
19152,Gandhidham - Palanpur Exp,Exp,,,ogd2017
19165,Sabarmati Express,Exp,"Wed,Fri,Sun",tag2026,tag2026
19166,Sabarmati Express,Exp,"Mon,Wed",tag2026,tag2026
19167,Sabarmati Express,Exp,,,tag2026
19168,Sabarmati Express,Exp,,,tag2026
19201,Sc Pbr Express,Exp,,,ogd2017
19202,Porbandar – Secunderabad Express,Exp,,,ogd2017
19203,Bandra (T) Veraval Express,Exp,Sat,tag2026,tag2026
19204,Veraval Bandra (T) Express,Exp,Fri,tag2026,tag2026
19205,Bhavnagar Mahuva Express,Exp,Daily,tag2026,tag2026
19207,Porbandar Rajkot Express,Exp,,,tag2026
19208,Rajkot Porbander Express,Exp,Daily,tag2026,tag2026
19209,Bhavnagar Okha Express,Exp,Daily,tag2026,tag2026
19210,Okha Bhavnagar Express,Exp,Daily,tag2026,tag2026
19215,Saurashtra Express,Exp,,,ogd2017
19217,Mumbai Bandra – Jamnagar Express,Exp,Daily,tag2026,tag2026
19218,Jamnagar – Mumbai Bandra Express,Exp,,,ogd2017
19223,Ahmedabad - Jammu Tawi Exp,Exp,Daily,tag2026,tag2026
19224,Jammu Tawi - Ahmedabad Exp,Exp,Daily,tag2026,tag2026
19225,Bhatinda Jammu Tawi Express,Exp,,,ogd2017
19226,Jammu Tawi Bhatinda Express,Exp,,,ogd2017
19251,Somnath – Okha Express,Exp,Daily,wikipedia,ogd2017
19252,Okha – Somnath Express,Exp,Daily,wikipedia,ogd2017
19255,Surat Mahuva Express,Exp,"Mon,Tue,Thu,Sat,Sun",tag2026,tag2026
19256,Mahuva Surat Express,Exp,"Mon,Tue,Sun",tag2026,tag2026
19259,Kochuveli - Bhavnagar Exp,Exp,Thu,tag2026,tag2026
19260,Bhavnagar - Kochuveli Exp,Exp,Tue,tag2026,tag2026
19261,Kochuveli – Porbandar Express,Exp,,,ogd2017
19262,Porbandar – Kochuveli Express,Exp,,,ogd2017
19263,Porbandar-Delhi Sarai Rohilla (Biweekly) Express,Exp,,,ogd2017
19264,Delhi SaraiRohilla-Porbandar Express,Exp,,,ogd2017
19269,Porbandar Muzaffarpur Express,Exp,"Thu,Fri",tag2026,tag2026
19270,Muzaffarpur-Porbandar Express,Exp,,,ogd2017
19272,Haridwar Bhavnagar Express,Exp,"Wed,Sat",tag2026,tag2026
19301,Yeshvantpur,Exp,Sun,tag2026,tag2026
19302,Yesvantpur – Indore Express,Exp,Thu,tag2026,tag2026
19303,InterCity Express,Exp,Daily,tag2026,tag2026
19304,Bhopal – Indore Express,Exp,Daily,tag2026,tag2026
19305,Dr. Ambedkar Nagar Kamakhya Express,Exp,Thu,tag2026,tag2026
19306,Kamakhya Dr. Ambedkar Nagar Express,Exp,Sun,tag2026,tag2026
19307,Indore – Chandigarh Express,Exp,"Thu,Fri",tag2026,tag2026
19308,Chandigarh – Indore Express,Exp,"Fri,Sat",tag2026,tag2026
19309,Shanti Express,Exp,Daily,wikipedia,ogd2017
19310,Shanti Express,Exp,Daily,wikipedia,ogd2017
19311,Pune Indore Express,Exp,,,ogd2017
19312,Indore Pune Express,Exp,,,ogd2017
19313,Indore-Patna Express,Exp,"Mon,Wed",tag2026,tag2026
19314,Patna Indore Express,Exp,,,ogd2017
19316,Asarva Indore Veer Bhumi Chittaurgarh Express,Exp,Daily,tag2026,tag2026
19319,Veraval Indore Mahamna Express,Exp,Wed,tag2026,tag2026
19321,Indore-Rajendranagar Express,Exp,Sat,tag2026,tag2026
19322,Patna-Indore Express,Exp,Mon,tag2026,ogd2017
19323,Indore Habibganj InterCity Express,Exp,Daily,tag2026,tag2026
19324,Habibganj Indore InterCity Express,Exp,Daily,tag2026,tag2026
19325,Indore Amritsar (Weekly) Express,Exp,,,ogd2017
19326,Amritsar Indore Express,Exp,"Thu,Sun",tag2026,tag2026
19327,Ratlam Chittaurgarh Express,Exp,Daily,tag2026,tag2026
19328,Chittaurgarh Ratlam Express,Exp,Daily,tag2026,tag2026
19329,Indore – Udaipur City Express,Exp,,,ogd2017
19330,Udaipur City – Indore Express,Exp,,,ogd2017
19331,Kcvl Indore,Exp,,,ogd2017
19332,Indore – Kochuveli Express,Exp,,,ogd2017
19337,Indore Delhi Sarai Rohilla Express,Exp,Sun,tag2026,tag2026
19338,Delhi Sarai Rohilla Indore Ex press,Exp,Mon,tag2026,tag2026
19339,Dahod Bhopal Express,Exp,,,tag2026
19343,Indore Nainpur Penchvalley Express,Exp,Daily,tag2026,tag2026
19344,Nainpur Indore Penchvalley Express,Exp,Daily,tag2026,tag2026
19345,Ratlam Bhilwara Express,Exp,Daily,tag2026,tag2026
19346,Bhilwara Ratlam Express,Exp,Daily,tag2026,tag2026
19401,Adi Lucknow,Exp,Mon,tag2026,tag2026
19402,Lko Adi Express,Exp,Tue,tag2026,tag2026
19403,Ahmedabad – Sultanpur Express,Exp,,,ogd2017
19404,Sln Adi Express,Exp,,,ogd2017
19407,Ahmedabad – Varanasi Express,Exp,,,ogd2017
19408,Bsb Adi Express,Exp,,,ogd2017
19409,Ahmedabad – Gorakhpur Express,Exp,"Thu,Sat",tag2026,tag2026
19410,Gkp Adi Express,Exp,,,ogd2017
19411,Ahmedabad – Ajmer Express,Exp,Daily,tag2026,tag2026
19412,Ajmer – Ahmedabad Express,Exp,Daily,tag2026,tag2026
19413,Ahmedabad – Kolkata Express,Exp,Wed,tag2026,tag2026
19414,Kolkata – Ahmedabad Express,Exp,Sat,tag2026,tag2026
19415,Ahmedabad – Shri Mata Vaishno Devi Katra Express,Exp,Sun,tag2026,tag2026
19416,Shri Mata Vaishno Devi Katra – Ahmedabad Express,Exp,Tue,tag2026,tag2026
19417,Borivali Ahmadabad Express,Exp,Daily,tag2026,tag2026
19418,Ahmedabad Mumbai Central Express,Exp,Daily,tag2026,tag2026
19419,Chennai – Ahmedabad Express,Exp,,,ogd2017
19420,Adi Chennai,Exp,,,ogd2017
19421,Ahmedabad – Patna Express,Exp,,,ogd2017
19422,Patna – Ahmedabad Express,Exp,,,ogd2017
19425,Borivali Nandurbar Express,Exp,Daily,tag2026,tag2026
19426,Nandurbar Borivali Express,Exp,Daily,tag2026,tag2026
19435,Ahmedabad Asansol Express,Exp,Thu,tag2026,tag2026
19436,Asansol Ahmedabad Express,Exp,Sat,tag2026,tag2026
19484,Saharsa Ahmedabad Express,Exp,"Mon,Tue,Wed,Thu,Fri,Sun",tag2026,tag2026
19489,Ahmedabad Gorakhpur Express,Exp,"Tue,Wed,Thu,Fri,Sat,Sun",tag2026,tag2026
19490,Gorakhpur Ahmedbad Express,Exp,"Mon,Wed,Thu,Fri,Sat,Sun",tag2026,tag2026
19565,Uttaranchal Express,Exp,Fri,tag2026,ogd2017
19566,Uttranchal Express,Exp,,,ogd2017
19567,Tuticorin - Okha Exp,Exp,,,tag2026
19568,Okha - Tuticorin Exp,Exp,Fri,tag2026,tag2026
19571,Rajkot-Porbandar Express,Exp,Daily,tag2026,tag2026
19572,Porbandar-Rajkot Express,Exp,Daily,tag2026,tag2026
19573,Okha – Jaipur Express,Exp,,,ogd2017
19574,Jp Okha Express,Exp,,,ogd2017
19575,Okha – Nathdwara Express,Exp,Wed,tag2026,tag2026
19576,Nathdwara – Okha Express,Exp,Thu,tag2026,tag2026
19577,Tirunelveli – Jamnagar Express,Exp,"Mon,Tue",tag2026,ogd2017
19578,Jamnagar – Tirunelveli Express,Exp,"Fri,Sat",tag2026,tag2026
19579,Rajkot – Delhi Sarai Rohilla Express,Exp,,,ogd2017
19580,Dee Rjt Express,Exp,,,ogd2017
19601,Ajmer New Jalpaiguri Weekly Express,Exp,,,ogd2017
19602,New Jalpaiguri Ajmer Weekly Express,Exp,Mon,tag2026,tag2026
19607,Kolkata – Madar Express,Exp,,,ogd2017
19608,Madar – Kolkata Express,Exp,,,ogd2017
19609,Udz Hw Express,Exp,"Mon,Thu,Sat",tag2026,tag2026
19610,Yog Nagari Ri shikesh Udaipur City Express,Exp,"Tue,Fri,Sun",tag2026,tag2026
19611,Ajmer – Amritsar Express,Exp,,,ogd2017
19612,Amritsar – Ajmer Express,Exp,,,ogd2017
19613,Ajmer – Amritsar Express,Exp,,,ogd2017
19614,Asr Aii Express,Exp,,,ogd2017
19615,Udaipur City Kamakhya Kavi Guru Express,Exp,Mon,tag2026,tag2026
19616,Kamakhya Udaipur City Kavi Guru Express,Exp,Thu,tag2026,tag2026
19617,Madar Rewari Express,Exp,Daily,tag2026,tag2026
19618,Rewari Madar Jn Express,Exp,Daily,tag2026,tag2026
19619,Phulera Rewari Express,Exp,Daily,tag2026,tag2026
19620,Rewari Phulera Express,Exp,Daily,tag2026,tag2026
19621,Phulera Rewari Express,Exp,Daily,tag2026,tag2026
19622,Rewari Phulera Express,Exp,Daily,tag2026,tag2026
19624,Dar banga Madar Amrit Bharat Express,AB,Sun,tag2026,tag2026
19659,Shalimar – Udaipur City Express,Exp,,,ogd2017
19660,Udz Shm Express,Exp,,,ogd2017
19665,Khajuraho – Udaipur City Express,Exp,Daily,tag2026,tag2026
19666,Udaipur City – Khajuraho Express,Exp,Daily,tag2026,tag2026
19668,Mysuru Udaipur Palace Queen Humsafar Express,Exp,Thu,tag2026,tag2026
19669,Udaipur Patliputra Humsafar Express,Exp,Wed,tag2026,tag2026
19670,Patliputra Udaipur Humsafar Express,Exp,Fri,tag2026,tag2026
19702,Delhi Cantt. Jaipur Sainik Express,Exp,,,tag2026
19707,Aravalli Express,Exp,,,ogd2017
19708,Aravalli Express,Exp,,,ogd2017
19709,Jaipur - Kamakhya Kavi Guru Exp,Exp,,,ogd2017
19710,Kamakhya - Jaipur Kavi Guru Exp,Exp,,,ogd2017
19711,Jaipur-Bhopal Express,Exp,Daily,tag2026,tag2026
19712,Bhopal Jaipur Express,Exp,Daily,tag2026,tag2026
19713,Jp Sc Express,Exp,Sat,tag2026,tag2026
19714,Sc Jp Express,Exp,Mon,tag2026,tag2026
19715,Jp Ljn Express,Exp,,,ogd2017
19716,Ljn Jp Express,Exp,,,ogd2017
19717,Jaipur – Chandigarh Express,Exp,Daily,wikipedia,ogd2017
19718,Chandigarh – Jaipur Express,Exp,Daily,wikipedia,ogd2017
19721,Jaipur Bayana Express,Exp,Daily,tag2026,tag2026
19722,Bayana Jaipur Express,Exp,Daily,tag2026,tag2026
19735,Jaipur Marwar Express,Exp,Daily,tag2026,tag2026
19736,Marwar Jaipur Express,Exp,Daily,tag2026,tag2026
19801,Sogariya Danapur Express,Exp,Mon,tag2026,tag2026
19802,Danapur Sogariya Express,Exp,Tue,tag2026,tag2026
19803,Kota – Shri Mata Vaishno Devi Katra Express,Exp,Sat,tag2026,tag2026
19804,Shri Mata Vaishno Devi Katra – Kota Express,Exp,Sun,tag2026,tag2026
19805,Kota – Udhampur Express,Exp,,,ogd2017
19806,Udhampur – Kota Express,Exp,,,ogd2017
19807,Kota – Jaipur Express,Exp,"Tue,Wed,Fri,Sun",tag2026,tag2026
19808,Jaipur – Kota Express,Exp,"Mon,Wed,Thu,Sat",tag2026,tag2026
19811,Kota Etawah Express,Exp,,,tag2026
19813,Kota Sirsa Express via Churu,Exp,"Mon,Thu,Sat",tag2026,tag2026
19814,Sirsa Kota Express via Churu,Exp,"Tue,Fri,Sun",tag2026,tag2026
19817,Ratlam Agra Fort Express,Exp,Daily,tag2026,tag2026
19818,Yamuna Bridge Ratlam Express,Exp,Daily,tag2026,tag2026
19819,Vadodara Kota Express,Exp,Daily,tag2026,tag2026
19820,Kota Vadodara Express,Exp,Daily,tag2026,tag2026
20101,Nagpur Secunderbad Vande Bharat Express,VB,"Mon,Wed,Thu,Fri,Sat,Sun",tag2026,tag2026
20102,Secunderbad Nagpur Vande Bharat Express,VB,"Mon,Wed,Thu,Fri,Sat,Sun",tag2026,tag2026
20103,Lokmanya Tilak (T) Gorakh pur Super Fast Express,SF,Daily,tag2026,tag2026
20104,Gorakhpur Lokmanya Tilak (T) Super Fast Express,SF,Daily,tag2026,tag2026
20111,Mumbai CSMT Madgaon Konkan Kanya Express,SF,Daily,tag2026,tag2026
20112,Madgaon Mumbai CSMT Konkan Kanya Express,SF,Daily,tag2026,tag2026
20151,Hadapsar Rewa SF Express,SF,,,tag2026
20152,Rewa Hadapsar SF Express,SF,,,tag2026
20155,Dr. Ambedkar Nagar-New Delhi SF,SF,Daily,tag2026,tag2026
20171,Rani Kamalapati Nizamuddin Vande Bharat Express,VB,"Mon,Tue,Wed,Thu,Fri,Sun",tag2026,tag2026
20172,Nizamuddin Rani Kamalapati Vande Bharat Express,VB,"Mon,Tue,Wed,Thu,Fri,Sun",tag2026,tag2026
20173,Rani Kamalapati Rewa Vande Bharat Express,VB,"Mon,Wed,Thu,Fri,Sat,Sun",tag2026,tag2026
20174,Rewa Rani Kamalapati Vande Bharat Express,VB,"Mon,Wed,Thu,Fri,Sat,Sun",tag2026,tag2026
20401,Varanasi Lucknow Varuna Express,SF,Daily,tag2026,tag2026
20402,Lucknow Varanasi SF Express,SF,Daily,tag2026,tag2026
20404,Lalgarh Prayagraj Express,SF,"Mon,Thu,Sat",tag2026,tag2026
20408,New Delhi Ranchi Rajdhani Express,Raj,Wed,tag2026,tag2026
20411,Delhi Saharanpur MEMU SF Express,MEMU,Daily,tag2026,tag2026
20412,Saharanpur Delhi MEMU SF Express,MEMU,Daily,tag2026,tag2026
20413,Varanasi Indore SF Express,SF,"Tue,Thu",tag2026,tag2026
20414,Indore Varanasi SF Express,SF,"Wed,Fri",tag2026,tag2026
20415,Varanasi Indore SF Express,SF,Sun,tag2026,tag2026
20416,Indore Varanasi SF Express,SF,Mon,tag2026,tag2026
20423,Seoni Patalkot- Firozpur Superfast Express,SF,Daily,tag2026,tag2026
20424,Firozpur-Seoni Patalkot Superfast Express,SF,Daily,tag2026,tag2026
20433,Subedarganj Shri Mata Vaishno Devi Katra Express,SF,Daily,tag2026,tag2026
20434,Shri Mata Vaishno Devi Katra Subedarganj Express,SF,Daily,tag2026,tag2026
20451,Sagoria New Delhi SF Express,SF,Daily,tag2026,tag2026
20452,New Delhi Sogaria SF Express,SF,Daily,tag2026,tag2026
20471,Sri Ganganagar Puri Express,SF,Sun,tag2026,tag2026
20473,Delhi Sarai Rohilla Udaipur Chetak Express,SF,Daily,tag2026,tag2026
20474,Udaipur City Delhi Sarai Rohilla Chetak Express,SF,Daily,tag2026,tag2026
20475,Bikaner Miraj SF Express,SF,Mon,tag2026,tag2026
20476,Miraj Bikaner SF Ex press,SF,Tue,tag2026,tag2026
20481,Bhagat Ki Kothi Tiruchirappalli Humsafar Express,SF,Wed,tag2026,tag2026
20482,Tiruchichirappalli Bhagat Ki Kothi Humsafar Express,SF,Sat,tag2026,tag2026
20483,Bhagat Ki Khoti Dadar Express,SF,"Mon,Thu",tag2026,tag2026
20485,Jodpur Sabar mati SF Express,SF,Daily,tag2026,tag2026
20486,Sabarmati Jodhpur SF Express,SF,Daily,tag2026,tag2026
20487,Barmer Delhi Sarai rohilla Malani Express,SF,"Mon,Thu",tag2026,tag2026
20488,Delhi Sarairohil la Barmer Malani SF,SF,"Tue,Fri",tag2026,tag2026
20489,Barmer Mathura Express,SF,"Tue,Wed,Fri",tag2026,tag2026
20490,Mathura Barmer SF Express,SF,"Mon,Wed,Thu,Sat,Sun",tag2026,tag2026
20492,Sabarmati Jaisalmer SF Express,SF,Daily,tag2026,tag2026
20493,Madurai Chandigarh Express,SF,"Wed,Sun",tag2026,tag2026
20494,Chandigarh Madurai Express,SF,"Mon,Fri",tag2026,tag2026
20497,Rameshwaram Firozpur Humsafar Express,SF,Tue,tag2026,tag2026
20498,Firozpur Rameshwaram Humsafar Express,SF,Sat,tag2026,tag2026
20501,Agartala – Anand Vihar Terminal Superfast Express,SF,,,ogd2017
20502,Anand Vihar Terminal – Agartala Superfast Express,SF,Wed,tag2026,tag2026
20504,New Delhi Dibrugarh Rajdhani Express,Raj,"Mon,Tue,Wed,Fri,Sat",tag2026,tag2026
20505,Dibrugarh New Delhi Rajdhani Express Via Rangapara,Raj,"Mon,Fri",tag2026,tag2026
20508,Anand Vihar (T)- Sairang Rajdhani Express,Raj,Sun,tag2026,tag2026
20601,Chennai – Madurai Superfast Express,SF,"Mon,Wed,Fri",tag2026,tag2026
20602,Madurai – Chennai Superfast Express,SF,"Tue,Thu,Sun",tag2026,tag2026
20605,Chennai Egmore Tiruchendur Express,SF,Daily,tag2026,tag2026
20606,Tiruchen dur Chennai Egmore Express,SF,Daily,tag2026,tag2026
20607,MGR Chennai Central Mysuru Vande Bharat Express,VB,"Mon,Tue,Thu,Fri,Sat,Sun",tag2026,tag2026
20608,Mysur MGR Chennai Central Vande Bharat Express,VB,"Mon,Tue,Thu,Fri,Sat,Sun",tag2026,tag2026
20623,Ashokapuram KSR Bengaluru Malgudi Super Fast Express,SF,Daily,tag2026,tag2026
20624,KSR Bengaluru Ashokapuram Malgudi Super Fast Express,SF,Daily,tag2026,tag2026
20625,MGRCTL Chennai Bhagat Ki Kothi SF Express,SF,"Mon,Tue,Thu,Fri,Sun",tag2026,tag2026
20626,Bhagat ki Kothi MGR CTL Chennai SF,SF,"Mon,Wed,Thu",tag2026,tag2026
20627,Chennai Egmore Nagercoil Vande Bharat Express,VB,"Mon,Tue,Thu,Fri,Sat,Sun",tag2026,tag2026
20628,Nagercoil Chennai Egmore Vande Bharat Express,VB,"Mon,Tue,Thu,Fri,Sat,Sun",tag2026,tag2026
20629,Secunderabad Thiruvanatha puram Central Sabari Express,SF,Daily,tag2026,tag2026
20630,Thiruvanantha puram Central Secunderabad Sabari Express,SF,Daily,tag2026,tag2026
20631,Mangalore Central Thiru vananthapuram Central Vande Bharat Express,VB,"Mon,Tue,Thu,Fri,Sat,Sun",tag2026,tag2026
20632,Thiruvanantha puram Central Mangalore Central Vande Bharat Express,VB,"Mon,Tue,Thu,Fri,Sat,Sun",tag2026,tag2026
20633,Kasaragod Thiruvananthapuram Vande Bharat Express,VB,"Mon,Tue,Wed,Fri,Sat,Sun",tag2026,tag2026
20635,Chennai Egmore Kollam Ananthapuri Express,SF,Daily,tag2026,tag2026
20636,Kollam Chennai Egmore Ananthapuri Express,SF,Daily,tag2026,tag2026
20641,Bengaluru Cantt Coimbatore Vande Bharat Express,VB,"Mon,Tue,Wed,Fri,Sat,Sun",tag2026,tag2026
20642,Coimbatore Bengaluru Cant Vande Bharat,VB,"Mon,Tue,Wed,Fri,Sat,Sun",tag2026,tag2026
20643,Coimbatore Chennai Vande Bharat Express,VB,"Mon,Tue,Thu,Fri,Sat,Sun",tag2026,tag2026
20644,Chennai Coimbatore Vande Bharat. Express,VB,"Mon,Tue,Thu,Fri,Sat,Sun",tag2026,tag2026
20645,Madgaon Mangalore Vande Bharat Express,VB,"Mon,Tue,Wed,Fri,Sat,Sun",tag2026,tag2026
20646,Mangalore Madgaon Vande Bharat Express,VB,"Mon,Tue,Wed,Fri,Sat,Sun",tag2026,tag2026
20651,Krantivira Sangolli Rayanna – Shimoga Town Superfast Express,SF,Daily,tag2026,tag2026
20652,Shimoga Town – Krantivira Sangolli Rayanna Superfast Express,SF,Daily,tag2026,tag2026
20653,KSR Bengaluru Belagavi Express,SF,Daily,tag2026,tag2026
20654,Belagavi KSR Bengaluru SF Express,SF,Daily,tag2026,tag2026
20655,Yesvantpur SSS Hubballi Super Fast,SF,Sat,tag2026,tag2026
20656,SSS Hubballi Yeswantpur Super Fast Express,SF,Sat,tag2026,tag2026
20657,SSS Hubballi Nizamuddin SF Express,SF,Fri,tag2026,tag2026
20658,Nizamuddin SSS Hubballi SF Express,SF,Sun,tag2026,tag2026
20659,Mysuru KSR Bengaluru Rajya Rani Super Fast Express,SF,Daily,tag2026,tag2026
20660,KSR Bengaluru Mysuru Rajya Rani Super Fast Express,SF,Daily,tag2026,tag2026
20661,Bengaluru Dharwad Vande Bharat,VB,"Mon,Wed,Thu,Fri,Sat,Sun",tag2026,tag2026
20662,Dharwad Bengaluru Vande Bharat Express,VB,"Mon,Wed,Thu,Fri,Sat,Sun",tag2026,tag2026
20663,Mysuru MGR Chennai Vande Bharat Express,VB,"Mon,Tue,Wed,Fri,Sat,Sun",tag2026,tag2026
20664,MGR Chennai Mysuru Vande Bharat Express,VB,"Mon,Tue,Wed,Fri,Sat,Sun",tag2026,tag2026
20665,Chennai Egmore Tirunelveli Vande Bharat Express,VB,"Mon,Wed,Thu,Fri,Sat,Sun",tag2026,tag2026
20666,Tirunelveli Chen nai Egmore Vande Bharat Express,VB,"Mon,Wed,Thu,Fri,Sat,Sun",tag2026,tag2026
20667,Yesvsntpur Jaipur Superfast Express,SF,Thu,tag2026,tag2026
20669,SSS Hubballi Pune Vande Bharat Express,VB,"Wed,Fri,Sun",tag2026,tag2026
20670,Pune - SSS Hubballi Vande Bharat,VB,"Mon,Thu,Sat",tag2026,tag2026
20671,Madurai Bangalore Cantonment Vande Bharat,VB,,,tag2026
20672,Bangalore Cantonment Madurai Vandae Bharat,SF,,,tag2026
20673,Chhatrapati Shahu Maharaj (T) Pune Vande Bharat Express,VB,"Mon,Thu,Sat",tag2026,tag2026
20674,Pune Chha trapati Shahu Maharaj (T) Vande Bharat Express,VB,"Wed,Fri,Sun",tag2026,tag2026
20675,Belagavi Mysuru Vishwamanava SF Express,SF,Daily,tag2026,tag2026
20676,Mysuru Belagavi Vishwamanava SF Express,SF,Daily,tag2026,tag2026
20679,MGR Chennai Central SSS Hubballi Express,SF,Fri,tag2026,tag2026
20680,SSS Hubballi MGR Chennai Central Express,SF,Thu,tag2026,tag2026
20681,Tambaram Sengottai Silambu Express,SF,"Wed,Fri,Sat",tag2026,tag2026
20682,Sengottai Tambaram Silambu Express,SF,"Thu,Sat,Sun",tag2026,tag2026
20683,Tambaram Sengottai Express,SF,"Tue,Thu",tag2026,tag2026
20685,Gandhidham KSR Bengaluru SF Express,SF,Tue,tag2026,tag2026
20686,Bengaluru Gandhidham SF Express,SF,Sat,tag2026,tag2026
20687,SSS Hubballi- KSR Bengaluru SF Express,SF,Daily,tag2026,tag2026
20688,KSR Bengaluru- SSS Hubballi SF Express,SF,Daily,tag2026,tag2026
20689,Yesvantpur Shivamogga Town SF Express,SF,Daily,tag2026,tag2026
20690,Shivamogga Town Yesvantpur SF Express,SF,"Mon,Sat,Sun",tag2026,tag2026
20691,Tambaram Nagercoil Antodaya Express,SF,Daily,tag2026,tag2026
20693,Jodpur Banglore SF Express,SF,"Thu,Sat",tag2026,tag2026
20694,KSR Bengaluru Jodhpur SF Express,SF,"Mon,Wed",tag2026,tag2026
20701,Secunderabad Tirupathi Vande Bharat Express,VB,"Mon,Wed,Thu,Fri,Sat,Sun",tag2026,tag2026
20703,Kacheguda Yesvantpur Vande Bharat Express,VB,"Mon,Tue,Thu,Fri,Sat,Sun",tag2026,tag2026
20704,Yesvantpur Kacheguda Vande Bharat Express,VB,"Mon,Tue,Thu,Fri,Sat,Sun",tag2026,tag2026
20705,Hazur Sahib Nanded- Mumbai CSMT Vande Bharat Express,VB,"Mon,Tue,Thu,Fri,Sat,Sun",tag2026,tag2026
20706,Mumbai CSMT- Hazur Sahib Nanded Vande Bharat Express,VB,"Mon,Tue,Wed,Fri,Sat,Sun",tag2026,tag2026
20707,Secunderabad Visakhapatnam Vande Bharat Express,VB,"Mon,Tue,Wed,Fri,Sat,Sun",tag2026,tag2026
20708,Visakhapatnam Secunderabad Vande Bharat Express,VB,"Mon,Tue,Wed,Fri,Sat,Sun",tag2026,tag2026
20801,Islampur New Delhi Magadh Express,SF,Daily,tag2026,tag2026
20802,New Delhi Islampur Magadh Express,SF,Daily,tag2026,tag2026
20803,Visakhapatnam Gandhidham Express,SF,Thu,tag2026,tag2026
20804,Gandhidham Visakhapa tnam Express,SF,Sun,tag2026,tag2026
20805,Visakhapa tnam New Delhi Andhra Pradesh AC Express,SF,Daily,tag2026,tag2026
20806,New Delhi Vishakhapatnam Andhra Pradesh AC Express,SF,Daily,tag2026,tag2026
20807,Visakhapatnam Amritsar Hirakud Express,SF,"Tue,Fri",tag2026,tag2026
20808,Amritsar Visakhapatnam Hirakud Express,SF,"Wed,Sat",tag2026,tag2026
20809,Sambalpur – Hazur Sahib Nanded Superfast Express,SF,"Mon,Fri,Sun",tag2026,tag2026
20810,Hazur Sahib Nanded – Sambalpur Superfast Express,SF,"Mon,Tue,Sat",tag2026,tag2026
20811,Visakhapatnam – Hazur Sahib Nanded Superfast Express,SF,"Tue,Wed,Sat",tag2026,tag2026
20812,Hazur Sahib Nanded – Visakhapatnam Superfast Express,SF,"Wed,Thu,Sun",tag2026,tag2026
20813,Puri – Jodhpur Superfast Express,SF,Wed,tag2026,tag2026
20814,Jodhpur – Puri Superfast Express,SF,Sat,tag2026,tag2026
20815,Tatanagar – Visakhapatnam Superfast Express,SF,Mon,tag2026,tag2026
20816,Visakhapatnam – Tatanagar Superfast Express,SF,Sun,tag2026,ogd2017
20817,Bhubaneswar – New Delhi Superfast Express,SF,Sat,tag2026,ogd2017
20818,New Delhi – Bhubaneswar Superfast Express,SF,Sun,tag2026,ogd2017
20819,Puri Okha Express,SF,Sun,tag2026,tag2026
20820,Okha Puri Express,SF,,,tag2026
20823,Puri Ajmer Express,SF,"Mon,Thu",tag2026,tag2026
20824,Ajmer Puri Express,SF,"Tue,Thu",tag2026,tag2026
20825,Bilaspur Nagpur Vande Bharat Express,VB,"Mon,Tue,Wed,Thu,Fri,Sun",tag2026,tag2026
20826,Nagpur Bilaspur Vande Bharat Express,VB,"Mon,Tue,Wed,Thu,Fri,Sun",tag2026,tag2026
20827,Jabalpur Santragachi Humsafar Express,SF,Thu,tag2026,tag2026
20828,Santragachi Jabalpur / Rani Ka mlapati Humsafar Express,SF,"Wed,Thu",tag2026,tag2026
20829,Durg Visakhapat nam Vande Bharat Express,VB,"Mon,Tue,Wed,Fri,Sat,Sun",tag2026,tag2026
20830,Visakhapatnam Durg Vande Bharat Express,VB,"Mon,Tue,Wed,Fri,Sat,Sun",tag2026,tag2026
20833,Visakhapatnam Secunderabad Vande Bharat Express,VB,"Mon,Tue,Wed,Thu,Fri,Sat",tag2026,tag2026
20834,Secunderabad Visakhapatnam Vande Bharat Express,VB,"Mon,Tue,Wed,Thu,Fri,Sat",tag2026,tag2026
20840,New Delhi Ranchi Rajdhani Express (via Gomoh),Raj,"Mon,Fri",tag2026,tag2026
20841,Bhubaneswar Visakhapatnam Vande Bharat Express,VB,"Tue,Wed,Thu,Fri,Sat,Sun",tag2026,tag2026
20842,Visakhapa tnam Bhubaneswar Vande Bharat Express,VB,"Tue,Wed,Thu,Fri,Sat,Sun",tag2026,tag2026
20843,Bilaspur Bhagat Ki Kothi Express,SF,"Mon,Tue",tag2026,tag2026
20844,Bhagat Ki Kothi (Jodhpur) Bilaspur Express,SF,"Thu,Sat",tag2026,tag2026
20845,Bilaspur Bikaner Express,SF,"Thu,Sat",tag2026,tag2026
20846,Bikaner Bilaspur Express,SF,"Mon,Sat",tag2026,tag2026
20847,Durg Martyr Captain Tushar Mahajan Express,SF,Wed,tag2026,tag2026
20848,Martyr Captain Tushar Mahajan Durg Express,SF,Thu,tag2026,tag2026
20849,Bhubaneswar Rameswaram Express,SF,Fri,tag2026,tag2026
20850,Rameswaram Bhubaneswar Express,SF,Sun,tag2026,tag2026
20851,Bhubaneswar Puducherry Express,SF,Tue,tag2026,tag2026
20852,Puducherry Bhubaneswar Express,SF,Wed,tag2026,tag2026
20853,Bhubaneswar Chennai Express,SF,Thu,tag2026,tag2026
20854,Chennai Bhubaneswar Express,SF,Fri,tag2026,tag2026
20857,Puri Sai Nagar Shirdi Express,SF,Fri,tag2026,tag2026
20858,Sai Nagar Shirdi Puri Express,SF,,,tag2026
20861,Puri Ahmed abad Express (via Sam balpur),SF,,,tag2026
20871,Howrah Rourkela Vande Bharat Express,VB,"Mon,Wed,Thu,Fri,Sat,Sun",tag2026,tag2026
20872,Rourkela Howrah Vande Bharat Express,VB,"Mon,Wed,Thu,Fri,Sat,Sun",tag2026,tag2026
20887,Ranchi Varanasi Vande Bharat Express,VB,"Mon,Wed,Thu,Fri,Sat,Sun",tag2026,tag2026
20888,Varanasi Ranchi Vande Bharat Express,VB,"Mon,Wed,Thu,Fri,Sat,Sun",tag2026,tag2026
20889,Howrah – Vijayawada Superfast Express,SF,Sat,tag2026,tag2026
20890,Vijayawada – Howrah Superfast Express,SF,Sun,tag2026,tag2026
20891,Tata Nagar Jn Brahmapur Vande Bharat Express,VB,"Mon,Wed,Thu,Fri,Sat,Sun",tag2026,tag2026
20893,Tatanagar Patna Vande Bharat Express Via Bokoro,VB,"Wed,Thu,Fri,Sat",tag2026,tag2026
20894,Patna Tatanagar Vande Bharat Express Via Bokoro,VB,"Wed,Thu,Fri,Sat",tag2026,tag2026
20897,Howrah Ranchi Vande Bharat Express,VB,"Mon,Wed,Thu,Fri,Sat,Sun",tag2026,tag2026
20898,Ranchi Howrah Vande Bharat Express,VB,"Mon,Wed,Thu,Fri,Sat,Sun",tag2026,tag2026
20901,Chittaurgarh – Ajmer Superfast Express,SF,"Mon,Tue,Thu,Fri,Sat,Sun",tag2026,tag2026
20902,Ajmer – Chittaurgarh Superfast Express,SF,"Mon,Tue,Wed,Thu,Fri,Sat",tag2026,tag2026
20903,Vadodara – Varanasi Superfast Express,SF,Tue,tag2026,tag2026
20904,Varanasi – Vadodara Superfast Express,SF,Fri,tag2026,tag2026
20907,Dadar Bhuj Sayaji Nagari Express,SF,Daily,tag2026,tag2026
20908,Bhuj Dadar Sayaji Nagari Express,SF,Daily,tag2026,tag2026
20909,Kochuveli Porbandar Express,SF,Sun,tag2026,tag2026
20910,Porbandar Kochuveli Express,SF,Thu,tag2026,tag2026
20912,Nagpur Indore Vande Bharat Express,VB,"Mon,Tue,Wed,Thu,Fri,Sat",tag2026,tag2026
20913,Rajkot Delhi Sarai Rohilla SF Express,SF,Thu,tag2026,tag2026
20914,Delhi Sarai Rohilla Rajkot Express,SF,Fri,tag2026,tag2026
20915,Lingampalli Indore Humsafar Express,SF,Sun,tag2026,tag2026
20916,Indore Lingapalli Humsafar Express,SF,Sun,tag2026,tag2026
20918,Puri Indore Humsafar Express,SF,Thu,tag2026,tag2026
20919,Chennai Central Ekta Nagar SF Express,SF,Sat,tag2026,tag2026
20920,Ekta Nagar Chennai SF Express,SF,Wed,tag2026,tag2026
20921,Bandra Lucknow Jn. SF Express,SF,Sat,tag2026,tag2026
20922,Lucknow Bandra (T) Express,SF,Sun,tag2026,tag2026
20923,Tirunelveli Gandhidham Humsafar Express,SF,Thu,tag2026,tag2026
20924,Gandhidham Tirunelveli Humsafar Express,SF,Mon,tag2026,tag2026
20926,Amravati Surat Express,SF,"Mon,Fri,Sat",tag2026,tag2026
20929,Udhna Banaras Express,SF,Fri,tag2026,tag2026
20930,Banaras Udhna Express,SF,Sun,tag2026,tag2026
20931,Kochuveli Indore SF Express,SF,Fri,tag2026,tag2026
20932,Indore Kochuveli Express,SF,Tue,tag2026,tag2026
20933,Udhna Danapur Express,SF,"Tue,Sat",tag2026,tag2026
20934,Danapur Udhna Express,SF,"Wed,Sun",tag2026,tag2026
20936,Indore Gandhidham Express,SF,Sun,tag2026,tag2026
20939,Sabarmati Sultanpur Express,SF,Tue,tag2026,tag2026
20940,Sultanpur Sabarmati Express,SF,Wed,tag2026,tag2026
20942,Ghazipur City Bandra Terminus,SF,"Tue,Sun",tag2026,tag2026
20944,Bhagat Ki Kothi Bandra (T) Humsafar Express,SF,Fri,tag2026,tag2026
20946,Nizamuddin Ekta Nagar SF Express,SF,"Fri,Sun",tag2026,tag2026
20947,Ahmedabad Ekta Nagar Jansatabdi Express,SF,Daily,tag2026,tag2026
20948,Ektanagar Ahmedabad Jansatabdi Express,SF,Daily,tag2026,tag2026
20949,Ahmedabad Ektanagar Jansatabdi Express,SF,Daily,tag2026,tag2026
20950,Ektanagar Ahmedabad Jansatabdi Express,SF,Daily,tag2026,tag2026
20951,Okha Jaipur Express,SF,Mon,tag2026,tag2026
20952,Jaipur Okha SF Express,SF,Tue,tag2026,tag2026
20953,Dr MGR Chennai Ahmedabad Express,SF,Sun,tag2026,tag2026
20954,Ahmedabad Chennai Express,SF,Sat,tag2026,tag2026
20957,Indore New Delhi SF Express,SF,"Wed,Fri,Sun",tag2026,tag2026
20958,New Delhi Indore SF Express,SF,"Mon,Thu,Sat",tag2026,tag2026
20959,Valsad Vadnagar Express,SF,Daily,tag2026,tag2026
20960,Vadnagar Valsad Express,SF,Daily,tag2026,tag2026
20963,Sabarmati Varanasi SF Express,SF,Thu,tag2026,tag2026
20964,Varanasi Sabar mati SF Express,SF,Sat,tag2026,tag2026
20965,Sabarmati Bhavnagar Express,SF,Daily,tag2026,tag2026
20966,Bhavnagar Sabarmati Express,SF,Daily,tag2026,tag2026
20967,Secunderabad Porbandar SF Express,SF,Wed,tag2026,tag2026
20968,Porbandar Secunderabad Express,SF,Tue,tag2026,tag2026
20971,"Udaipur Shalimar Express (via Sagour, Kota)",SF,Sat,tag2026,tag2026
20978,Chandigarh Ajmer Vande Bharat Express,VB,"Mon,Tue,Thu,Fri,Sat,Sun",tag2026,tag2026
20981,Udaipur City Agra Cantt. Vande Bharat Express,VB,"Mon,Thu,Sat",tag2026,tag2026
20982,Agra Cantt. Udaipur City Vande Bharat Express,VB,"Mon,Thu,Sat",tag2026,tag2026
20983,Bhuj Delhi Sarai Rohilla Super Fast Express,SF,"Tue,Fri",tag2026,tag2026
20985,Kota Martyr Captain Tushar Mahajan Express,SF,Wed,tag2026,tag2026
20986,Martyr Captain Tushar Mahajan Kota Express,SF,Thu,tag2026,tag2026
20989,Udaipur City Chandigarh SF Express,SF,"Wed,Sat",tag2026,tag2026
20990,Chandigarh Udaipur City SF,SF,"Thu,Sun",tag2026,tag2026
21067,Partapgarh – Rae Bareli Express,Exp,,,ogd2017
21068,Rai Bareli-Mumbai Ltt Saket Express,Exp,,,ogd2017
21107,Khajuraho-Varanasi Bundelkhand Link Express,Exp,,,ogd2017
21108,Bundelkhand Link Express,Exp,,,ogd2017
21125,Indore Bhind Express,Exp,,,tag2026
21126,Bhind Indore Express,Exp,,,ogd2017
21893,Tatanagar Patna Vande Bharat Express Via Barkakana,VB,Sun,tag2026,tag2026
21894,Patna Tatanagar Vande Bharat Express Via Barkakana,VB,Mon,tag2026,tag2026
21895,Tatanagar Patna Vande Bharat Express Via Bokoro,VB,Mon,tag2026,tag2026
21896,Patna Tatanagar Vande Bharat Express Via Bokoro,VB,Sun,tag2026,tag2026
21902,Barmer Bandra (T) SF Express,Exp,Sat,tag2026,tag2026
21903,Bandra (T)- Bikaner Jn. Express,Exp,Mon,tag2026,tag2026
21904,Bikaner- Bandra (T) Express,Exp,Wed,tag2026,tag2026
22101,Mumbai CSMT – Manmad Superfast Express,SF,Wed,tag2026,tag2026
22102,Manmad – Mumbai CSMT Superfast Express,SF,Fri,tag2026,tag2026
22103,Lokmanya Tilak – Faizabad Superfast Express,SF,Mon,tag2026,tag2026
22104,Faizabad – Lokmanya Tilak Superfast Express,SF,Tue,tag2026,tag2026
22105,Mumbai CSMT – Pune Superfast Express,SF,Daily,tag2026,tag2026
22106,Pune – Mumbai CSMT Superfast Express,SF,Daily,tag2026,tag2026
22107,Mumbai CSMT Latur Express,SF,"Mon,Tue,Thu,Sun",tag2026,tag2026
22109,Lokmanya Tilak – Hazrat Nizamuddin Superfast Express,SF,Wed,tag2026,tag2026
22110,Hazrat Nizamuddin – Lokmanya Tilak Superfast Express,SF,Tue,tag2026,tag2026
22111,Bhusaval Nagpur (Triweekly) Express,SF,,,ogd2017
22112,Nagpur-Bhusaval SF Express,SF,,,ogd2017
22113,Lokmanya Tilak – Kochuveli Superfast Express,SF,"Tue,Sat",tag2026,ogd2017
22114,Kochuveli – Lokmanya Tilak Superfast Express,SF,"Mon,Thu",tag2026,tag2026
22115,Lokmanya Tilak – Karmali Superfast Express,SF,Thu,tag2026,tag2026
22116,Karmali – Lokmanya Tilak Superfast Express,SF,Thu,tag2026,tag2026
22117,Pune – Amravati Superfast Express,SF,,,tag2026
22118,Amravati – Pune Superfast Express,SF,Thu,tag2026,tag2026
22119,Mumbai CSMT – Karmali Superfast Express,SF,"Tue,Wed,Fri,Sat,Sun",tag2026,tag2026
22120,Karmali – Mumbai CSMT Superfast Express,SF,"Tue,Wed,Fri,Sat,Sun",tag2026,tag2026
22121,Lokmanya Tilak – Lucknow Charbagh Superfast Express,SF,Sat,tag2026,tag2026
22122,Lucknow Charbagh – Lokmanya Tilak Superfast Express,SF,Sun,tag2026,tag2026
22123,Pune – Ajni Superfast Express,SF,Fri,tag2026,ogd2017
22124,Ajni – Pune Superfast Express,SF,Tue,tag2026,tag2026
22125,Nagpur – Amritsar Superfast Express,SF,Sat,tag2026,tag2026
22126,Amritsar – Nagpur Superfast Express,SF,Mon,tag2026,tag2026
22127,Lokmanya Tilak – Kazipet Superfast Express,SF,,,ogd2017
22128,Kazipet – Lokmanya Tilak Superfast Express,SF,,,ogd2017
22129,Lokmanya Tilak (T) Ayodhya Cantt. Tulsi Express,SF,"Tue,Sun",tag2026,tag2026
22130,Ayodhya Cantt. Lokmanya Tilak (T) Tulsi Express,SF,"Mon,Wed",tag2026,tag2026
22131,Pune - Manduadih Gyan Ganga Exp,SF,,,ogd2017
22132,Manduadih - Pune Gyan Ganga Exp,SF,"Wed,Fri",tag2026,tag2026
22133,Solapur – Yesvantpur Superfast Express,SF,,,ogd2017
22134,Yesvantpur – Solapur Superfast Express,SF,,,ogd2017
22135,Nagpur – Rewa Superfast Express,SF,Fri,tag2026,tag2026
22136,Rewa – Nagpur Superfast Express,SF,,,ogd2017
22137,Nagpur – Ahmedabad Superfast Express,SF,"Wed,Sat,Sun",tag2026,tag2026
22138,Ahmedabad – Nagpur Superfast Express,SF,,,tag2026
22140,Solapur – Mumbai CSMT Superfast Express,SF,Sun,tag2026,tag2026
22141,Pune Nagpur Humsafar Express,SF,Thu,tag2026,tag2026
22142,Nagpur Pune Humsafar Express,SF,Fri,tag2026,tag2026
22143,Mumbai CSMT – Bidar Superfast Express,SF,"Wed,Fri,Sat",tag2026,tag2026
22144,Bidar – Mumbai CSMT Superfast Express,SF,"Thu,Sat,Sun",tag2026,tag2026
22145,Pandharpur – Miraj Superfast Express,SF,"Fri,Sun",tag2026,tag2026
22146,Miraj – Pandharpur Superfast Express,SF,"Mon,Sat",tag2026,tag2026
22147,Dadar – Sainagar Shirdi Superfast Express,SF,Fri,tag2026,tag2026
22148,Sainagar Shirdi – Dadar Superfast Express,SF,Sat,tag2026,tag2026
22149,Ernakulam – Pune Superfast Express,SF,"Tue,Fri",tag2026,tag2026
22150,Pune – Ernakulam Superfast Express,SF,"Wed,Sun",tag2026,tag2026
22151,Pune – Kazipet Superfast Express,SF,Fri,tag2026,tag2026
22152,Kazipet – Pune Superfast Express,SF,Sun,tag2026,tag2026
22153,Chennai Egmore Salem Express,SF,Daily,tag2026,tag2026
22154,Salem Chennai Egmore Express,SF,Daily,tag2026,tag2026
22157,Mumbai CSMT Chennai Egmore Express,SF,Daily,tag2026,tag2026
22158,Chennai Egmore Lokmanya Tilak (T) Express,SF,Daily,tag2026,tag2026
22159,Mumbai CSMT MGR Chennai Central,SF,Daily,tag2026,tag2026
22160,MGR Chennai Mumbai CSMT Express,SF,Daily,tag2026,tag2026
22161,Bhopal Damoh Rajya Rani exp,SF,Daily,tag2026,tag2026
22162,Damoh Bhopal Rajya Rani Express,Exp,Daily,tag2026,tag2026
22163,Bhopal – Khajuraho Superfast Express,SF,Daily,tag2026,tag2026
22164,Khajuraho – Bhopal Superfast Express,SF,Daily,tag2026,tag2026
22165,Bhopal – Singrauli Superfast Express,SF,,,ogd2017
22166,Singrauli – Bhopal Superfast Express,SF,,,ogd2017
22168,Hazrat Nizamuddin – Singrauli Superfast Express,SF,,,ogd2017
22169,Rani Kamalapati Santragachi Humsafar Express,SF,Wed,tag2026,tag2026
22170,Santragachi Rani Kamlapati Humsafar Express,SF,Thu,tag2026,tag2026
22171,Pune Rani Kamalapati Humsafar Express,SF,Sun,tag2026,tag2026
22175,Nagpur Jaipur Express,SF,Thu,tag2026,tag2026
22176,Jaipur Nagpur Express,SF,Fri,tag2026,tag2026
22177,Mumbai CSMT Varanasi Mahanagari Express,SF,Daily,tag2026,tag2026
22178,Varanasi Mumbai CSMT Mahanagari Express,SF,Daily,tag2026,tag2026
22179,Lokmanya Tilak (T) Chennai Express,SF,Mon,tag2026,tag2026
22180,Dr MGR Chennai Lokmanya Tilak (T) Express,SF,Tue,tag2026,tag2026
22181,Jabalpur – Hazrat Nizamuddin Superfast Express,SF,Daily,wikipedia,ogd2017
22182,Hazrat Nizamuddin – Jabalpur Superfast Express,SF,Daily,wikipedia,ogd2017
22183,Lokmanya Tilak (T) Ayodhya Cantt. Saket Express,SF,"Wed,Sat",tag2026,tag2026
22184,Ayodhya Cantt./ Raebareli Lokmanya Tilak (T) Saket Express,SF,"Thu,Sun",tag2026,tag2026
22185,Ahmedabad Pune Ahimsa Express,SF,Thu,tag2026,tag2026
22186,Pune Ahmedabad Ahimsa Express,SF,,,tag2026
22187,Habibganj – Jabalpur Superfast Express,SF,Daily,tag2026,tag2026
22188,Jabalpur – Habibganj Superfast Express,SF,Daily,tag2026,tag2026
22189,Jabalpur – Rewa Superfast Express,SF,Daily,tag2026,tag2026
22190,Rewa – Jabalpur Superfast Express,SF,Daily,tag2026,tag2026
22191,Indore – Jabalpur Superfast Express,SF,Daily,tag2026,tag2026
22192,Jabalpur – Indore Superfast Express,SF,Daily,tag2026,tag2026
22194,Gwalior Daund Express,SF,Sat,tag2026,tag2026
22195,Virangna Laxmibai Jhansi Bandra (T) Express,SF,"Mon,Sun",tag2026,tag2026
22196,Bandra (T) Virangna Laxmibai Jhansi SF Express,SF,,,tag2026
22197,Kolkata Veerangana Laxmi Bai Pratham Swatantrata Sangram Express,SF,Sun,tag2026,tag2026
22198,Veerangna Laxmi Bai Kolkata Pratham Swatantrata Sangram Express,SF,Fri,tag2026,tag2026
22199,Gwalior Balrampur Sushasan Express,SF,,,tag2026
22201,Sealdah – Puri Express,Drnt,"Mon,Wed,Fri",tag2026,tag2026
22202,Puri – Sealdah Express,Drnt,"Tue,Thu,Sat",tag2026,tag2026
22203,Visakhapatnam – Secunderabad Superfast Express,SF,"Tue,Thu,Sun",tag2026,tag2026
22204,Secunderabad – Visakhapatnam Superfast Express,SF,"Mon,Wed,Sat",tag2026,tag2026
22205,Chennai – Madurai Superfast Express,SF,,,ogd2017
22206,Madurai – Chennai Superfast Express,SF,,,ogd2017
22207,Chennai – Thiruvananthapuram Superfast Express,SF,"Tue,Fri",tag2026,tag2026
22208,Thiruvananthapuram – Chennai Superfast Express,SF,"Wed,Sun",tag2026,tag2026
22209,Mumbai – New Delhi Express,Drnt,"Mon,Fri",tag2026,tag2026
22210,Bct Duronto,Drnt,"Tue,Sat",tag2026,tag2026
22213,Shalimar – Patna Superfast Express,SF,"Mon,Wed,Fri",tag2026,tag2026
22214,Patna – Shalimar Superfast Express,SF,"Tue,Thu,Sat",tag2026,tag2026
22221,Mumbai CSMT Nizamudin Rajdhani Express,Raj,Daily,tag2026,tag2026
22222,Nizamudin Mumbai CSMT Rajdhani Express,Raj,Daily,tag2026,tag2026
22223,Mumbai CSMT - Shirdi Vande Bharat Express,VB,"Mon,Wed,Thu,Fri,Sat,Sun",tag2026,tag2026
22225,Mumbai CSMT Solapur Vande Bharat Express,VB,"Mon,Tue,Thu,Fri,Sat,Sun",tag2026,tag2026
22226,Solapur Mumbai CSMT Vande Bharat Express,VB,"Mon,Tue,Wed,Fri,Sat,Sun",tag2026,tag2026
22227,New Jalpaiguri Guwahati Vande Bharat Express,VB,"Mon,Wed,Thu,Fri,Sat,Sun",tag2026,tag2026
22229,CSMT Madgaon Vande Bharat Express,VB,"Mon,Tue,Wed,Thu,Sat,Sun",tag2026,tag2026
22230,Madgaon CSMT Vande Bharat Express,VB,"Mon,Tue,Wed,Thu,Sat,Sun",tag2026,tag2026
22231,Kalaburagi SMVT Bengaluru Vande Bharat Express,VB,"Mon,Tue,Wed,Thu,Sat,Sun",tag2026,tag2026
22233,New Jalpaiguri Patna Vande Bharat Express,VB,"Mon,Wed,Thu,Fri,Sat,Sun",tag2026,tag2026
22234,Patna New Jalpaiguri Vande Bharat Express,VB,"Mon,Wed,Thu,Fri,Sat,Sun",tag2026,tag2026
22301,Howrah New Jalpaiguri Vande Bharat Express,VB,"Mon,Tue,Thu,Fri,Sat,Sun",tag2026,tag2026
22302,New Jalpaiguri Howrah Vande Bharat Express,VB,"Mon,Tue,Thu,Fri,Sat,Sun",tag2026,tag2026
22303,Howrah Gaya Vande Bharat Express,VB,"Mon,Tue,Wed,Fri,Sat,Sun",tag2026,tag2026
22304,Gaya Howrah Vande Bharat Express,VB,"Mon,Tue,Wed,Fri,Sat,Sun",tag2026,tag2026
22306,Jasidih SMVT Bengaluru Express,SF,Fri,tag2026,tag2026
22307,Merta Road – Bikaner Superfast Express,SF,,,ogd2017
22308,Bikaner-Howrah SF Express,SF,,,ogd2017
22309,Howrah – New Jalpaiguri Superfast Express,SF,"Mon,Tue,Wed,Thu,Sat,Sun",tag2026,tag2026
22310,Njp Hwh AC,SF,"Mon,Tue,Wed,Thu,Sat,Sun",tag2026,tag2026
22311,Godda Lokmanya Tilak (T) Express,SF,Sun,tag2026,tag2026
22312,Lokmanya Tilak (T) Godda Express,SF,Thu,tag2026,tag2026
22317,Sealdah Jammu Tawi Humsafar Express,SF,Mon,tag2026,tag2026
22318,Jammu Tawi Sealdah Humsafar Express,SF,Wed,tag2026,tag2026
22321,Hool Express,SF,Daily,wikipedia,ogd2017
22322,Hool Express,SF,Daily,wikipedia,ogd2017
22323,Kolkata – Ghazipur City Superfast Express,SF,Thu,tag2026,ogd2017
22324,Ghazipur City – Kolkata Superfast Express,SF,Fri,tag2026,tag2026
22329,Haldia Asansol SF Express,SF,"Mon,Tue,Wed,Thu,Fri,Sat",tag2026,tag2026
22330,Asansol Haldia SF Express,SF,"Mon,Tue,Wed,Thu,Fri,Sat",tag2026,tag2026
22347,Howrah Patna Vande Bharat Express,VB,"Mon,Tue,Thu,Fri,Sat,Sun",tag2026,tag2026
22348,Patna Howrah Vande Bharat Express,VB,"Mon,Tue,Thu,Fri,Sat,Sun",tag2026,tag2026
22349,Patna Ranchi Vande Bharat Express,VB,,,tag2026
22350,Ranchi Patna Vande Bharat Express,VB,,,tag2026
22351,Patliputra – Yesvantpur Superfast Express,SF,Fri,tag2026,tag2026
22352,Yesvantpur – Patliputra Superfast Express,SF,Mon,tag2026,tag2026
22353,Patna SMVT Bengaluru Humsafar Express,SF,Thu,tag2026,tag2026
22354,SMVT Bengaluru Patna Humsafar Express,SF,Sun,tag2026,tag2026
22356,Chandigarh – Patliputra Superfast Express,SF,,,ogd2017
22358,Gaya Lokmaya Tilak(T) Express,SF,Wed,tag2026,tag2026
22360,CSMT Patna Express,SF,"Tue,Fri",tag2026,tag2026
22361,Rajendra Nagar New Delhi Amrit Bharat,AB,Daily,tag2026,tag2026
22362,New Delhi Rajendra Nagar Amrit Bharat,AB,Daily,tag2026,tag2026
22387,Blackdimond,SF,Daily,tag2026,tag2026
22388,Dhanbad – Howrah Superfast Express,SF,Daily,tag2026,tag2026
22401,Delhi Sarai Rohilla – Udhampur Superfast Express,SF,"Mon,Wed",tag2026,tag2026
22402,Udhampur – Delhi Sarai Rohilla Superfast Express,SF,"Tue,Thu",tag2026,tag2026
22403,Puducherry-New Delhi SF Express,SF,Wed,tag2026,tag2026
22404,New Delhi-Puducherry SF Exp,SF,Sun,tag2026,tag2026
22405,Bhagalpur - Delhi AnandVihar T. Garib Rath Express,GR,"Tue,Thu,Sat",tag2026,tag2026
22406,AnandVihar Terminal-Bhagalpur Garib Rath,GR,"Mon,Wed,Fri",tag2026,tag2026
22407,Varanasi-Delhi Anand Vihar Terminus Garib Rath,GR,Thu,tag2026,tag2026
22408,Delhi Anand Vihar Terminus-Varanasi Garib Rath,GR,,,ogd2017
22409,Sasaram-Anand ViharT Delhi GariRath Express,GR,Sun,tag2026,tag2026
22410,Anand ViharT Delhi-Sasaram GaribRath Express,GR,Sat,tag2026,tag2026
22411,Naharlagun – New Delhi Superfast Express,SF,"Tue,Sat",tag2026,tag2026
22412,New Delhi – Naharlagun Superfast Express,SF,,,ogd2017
22413,Madgaon – Hazrat Nizamuddin Superfast Express,SF,"Mon,Sun",tag2026,tag2026
22414,Hazrat Nizamuddin – Madgaon Superfast Express,SF,"Fri,Sat",tag2026,tag2026
22415,Visakhapatnam – New Delhi Superfast Express,SF,"Mon,Wed,Thu,Fri,Sat,Sun",tag2026,tag2026
22416,New Delhi – Visakhapatnam Superfast Express,SF,"Mon,Wed,Thu,Fri,Sat,Sun",tag2026,tag2026
22417,Varanasi – New Delhi Superfast Express,SF,,,tag2026
22418,New Delhi – Varanasi Superfast Express,SF,"Mon,Wed,Fri",tag2026,tag2026
22419,Ghazipur City – Anand Vihar Terminal Superfast Express,SF,"Mon,Wed,Fri,Sun",tag2026,tag2026
22420,Anand Vihar Terminal – Ghazipur City Superfast Express,SF,"Tue,Thu,Sat,Sun",tag2026,ogd2017
22421,Dee Bgkt SF,SF,,,tag2026
22422,Bgkt Dee SF,SF,,,tag2026
22423,Guwahati-New Delhi Rajdhani Express,Raj,Mon,tag2026,tag2026
22424,New Delhi-Guwahati Rajdhani Express,Raj,Sun,tag2026,tag2026
22425,Ayodhya Cantt Anand Vihar (T) Vande Bharat Express,VB,"Mon,Tue,Thu,Fri,Sat,Sun",tag2026,tag2026
22426,Anand Vihar (T) Ayodhya Cantt Vande Bharat Express,VB,"Mon,Tue,Thu,Fri,Sat,Sun",tag2026,tag2026
22427,Ballia – Anand Vihar Terminal Superfast Express,SF,Sun,tag2026,tag2026
22428,Anand Vihar Terminal – Ballia Superfast Express,SF,,,ogd2017
22429,Delhi – Pathankot Superfast Express,SF,,,ogd2017
22430,Pathankot – Delhi Superfast Express,SF,"Mon,Tue,Wed,Thu,Sat,Sun",tag2026,tag2026
22431,Allahabad – Udhampur Superfast Express,SF,"Tue,Sat",tag2026,tag2026
22432,Udhampur – Allahabad Superfast Express,SF,"Wed,Sun",tag2026,tag2026
22433,Ghazipur City – Anand Vihar Terminal Superfast Express,SF,"Tue,Sat",tag2026,tag2026
22434,Anand Vihar Terminal – Ghazipur City Superfast Express,SF,"Mon,Fri",tag2026,ogd2017
22435,Varanasi New Del hi Vande Bharat Express,VB,,,tag2026
22436,New Delhi Varanasi Vande Bharat Express,VB,"Mon,Tue,Wed,Fri,Sat,Sun",tag2026,tag2026
22437,Prayagraj Anand Vihar (T) Humsafar Express,SF,"Mon,Wed,Sat",tag2026,tag2026
22438,Anand Vihar (T) Prayagraj Humsafar Express,SF,"Tue,Thu,Sun",tag2026,tag2026
22439,New Delhi Shri Mata Vaishno Devi Katra Vande Bharat Express,VB,"Mon,Tue,Thu,Fri,Sat,Sun",tag2026,tag2026
22440,Shri Mata Vaishno Devi Katra New Delhi Vande Bharat Express,VB,"Mon,Tue,Thu,Fri,Sat,Sun",tag2026,tag2026
22441,Allahabad – Kanpur Superfast Express,SF,Daily,tag2026,tag2026
22442,Kanpur – Allahabad Superfast Express,SF,Daily,tag2026,tag2026
22443,Kanpur – Mumbai Bandra Superfast Express,SF,Wed,tag2026,tag2026
22444,Mumbai Bandra – Kanpur Superfast Express,SF,Fri,tag2026,tag2026
22445,Kanpur – Amritsar Superfast Express,SF,Mon,tag2026,tag2026
22446,Amritsar – Kanpur Superfast Express,SF,Tue,tag2026,tag2026
22447,Khajuraho Nizamuddin Express,SF,,,tag2026
22448,Mahoba – Khajuraho Superfast Express,SF,,,ogd2017
22451,Mumbai Bandra – Chandigarh Superfast Express,SF,"Mon,Thu",tag2026,tag2026
22452,Chandigarh – Mumbai Bandra Superfast Express,SF,"Wed,Sun",tag2026,tag2026
22453,Lucknow – Meerut City Superfast Express,SF,Daily,wikipedia,ogd2017
22454,Meerut City – Lucknow Superfast Express,SF,Daily,wikipedia,ogd2017
22455,Sainagar Shirdi – Kalka Superfast Express,SF,,,ogd2017
22456,Kalka – Sainagar Shirdi Superfast Express,SF,"Thu,Sun",tag2026,tag2026
22457,Hazur Sahib Nanded – Una Himachal Superfast Express,SF,"Mon,Tue,Wed,Fri,Sat,Sun",tag2026,tag2026
22458,Una Himachal – Hazur Sahib Nanded Superfast Express,SF,"Mon,Tue,Wed,Fri,Sat,Sun",tag2026,tag2026
22459,Madhupur Anand Vihar (T) Humsafar Express,SF,Tue,tag2026,tag2026
22461,Shri Shakti,SF,"Mon,Tue,Wed,Fri,Sat,Sun",tag2026,tag2026
22462,Shri Shakti,SF,"Mon,Tue,Thu,Fri,Sat,Sun",tag2026,tag2026
22463,Rajasthan Sampark Kranti Express,SKr,"Fri,Sun",tag2026,tag2026
22464,Rajasthan Sampark Kranti Express,SKr,"Tue,Sat",tag2026,tag2026
22465,Madhupur Anand Vihar (T) Baba Baydyanath Dham Superfast Express,SF,Thu,tag2026,tag2026
22471,Bikaner - Delhi Sarai Rohilla SF Intercity Express,SF,,,tag2026
22472,Delhi Sarai Rohilla - Bikaner SF Intercity Express,SF,,,tag2026
22473,Bkn Bdts SF,SF,Mon,tag2026,tag2026
22474,Bdts Bkn SF,SF,Tue,tag2026,tag2026
22475,Bikaner – Coimbatore Superfast Express,SF,Thu,tag2026,tag2026
22476,Coimbatore – Bikaner Superfast Express,SF,Sat,tag2026,tag2026
22477,Jodhpur – Jaipur Superfast Express,SF,,,tag2026
22478,Jaipur – Jodhpur Superfast Express,SF,"Mon,Tue,Thu,Fri,Sat,Sun",tag2026,tag2026
22479,New Delhi Lohian Khas Sarbat da Bhalaa Express,SF,"Tue,Wed",tag2026,tag2026
22480,Lohian Khas Sarbat da Bhalaa New Delhi Shatabdi Express,Shtb,"Tue,Wed,Thu,Sat,Sun",tag2026,tag2026
22481,Jodhpur-Delhi Sarai Rohilla Express,SF,Daily,wikipedia,tag2026
22482,Delhi Sarai Rohilla-Jodhpur Express,SF,Daily,wikipedia,tag2026
22483,Jodhpur – Gandhidham Superfast Express,SF,Daily,tag2026,tag2026
22484,Gandhidham – Jodhpur Superfast Express,SF,Daily,tag2026,tag2026
22486,Firozpur New Delhi Intercity Express,SF,"Mon,Fri",tag2026,tag2026
22487,Radhikapur – Katihar Superfast Express,SF,,,ogd2017
22488,Katihar – Radhikapur Superfast Express,SF,"Mon,Tue,Wed,Thu,Sat,Sun",tag2026,tag2026
22497,Sriganganagar – Tiruchchirappalli Superfast Express,SF,Tue,tag2026,tag2026
22498,Tiruchchirappalli Sri Ganga Nagar Humsafar Express,SF,Fri,tag2026,tag2026
22499,Deoghar Varanasi Vande Bharat Express,VB,"Mon,Wed,Thu,Fri,Sat,Sun",tag2026,tag2026
22501,Krantivira Sangolli Rayanna – New Tinsukia Superfast Express,SF,Tue,tag2026,tag2026
22502,New Tinsukia – Krantivira Sangolli Rayanna Superfast Express,SF,Fri,tag2026,tag2026
22503,Kanniyakumari Dibrugarh Vivek Express,SF,Daily,tag2026,tag2026
22504,Dibrugarh Kanniyakumari Vivek Express,SF,Daily,tag2026,tag2026
22511,Karmabhoomi,SF,Tue,tag2026,tag2026
22512,Karmabhoomi,SF,Sat,tag2026,tag2026
22531,Chhapra – Mathura Superfast Express,SF,,,ogd2017
22532,Mathura – Chhapra Superfast Express,SF,,,ogd2017
22533,Gorakhpur Yesvantpur Express,SF,Mon,tag2026,tag2026
22534,Yesvantpur Gorakhpur Express,SF,Wed,tag2026,tag2026
22535,Rameswaram Banaras Express,SF,Wed,tag2026,tag2026
22536,Banaras Rameswaram Express,SF,Wed,tag2026,tag2026
22537,Gorakhpur Lokmanya Tilak (T) Kushi Nagar Express,SF,Daily,tag2026,tag2026
22538,Lokman ya Tilak (T) Gora khpur Kushi Nagar Express,SF,Daily,tag2026,tag2026
22539,Mau Anand Vihar (T) Express,SF,"Tue,Fri",tag2026,tag2026
22541,Banaras Anand Vihar (T) Garib Rath Express,GR,"Tue,Thu,Sun",tag2026,tag2026
22542,Anand Vihar (T) Banaras Garib Rath Express,GR,"Mon,Wed,Fri",tag2026,tag2026
22543,Bandra(T) Lalkuan Superfast Express,SF,Tue,tag2026,tag2026
22544,Lalkuan Bandra(T) Supefast Express,SF,Mon,tag2026,tag2026
22545,Lucknow Jn Dehradun Vande Bharat Express,VB,"Tue,Wed,Thu,Fri,Sat,Sun",tag2026,tag2026
22546,Dehradun Lucknow Jn Vande Bharat Express,VB,"Tue,Wed,Thu,Fri,Sat,Sun",tag2026,tag2026
22547,Gwalior Sabarmati Express,SF,"Wed,Sat,Sun",tag2026,tag2026
22548,Sabarmati Gwalior Express,SF,"Tue,Fri,Sat",tag2026,tag2026
22549,Gorakhpur Prayagraj Jn Vande Bharat Express,VB,"Mon,Tue,Wed,Thu,Fri,Sun",tag2026,tag2026
22550,Prayagraj Jn. Gorakh pur Vande Bharat Express,VB,"Mon,Tue,Wed,Thu,Fri,Sun",tag2026,tag2026
22551,Darbhanga Jalandhar City Antyodaya SF Express,SF,Sat,tag2026,tag2026
22552,Jalandhar City Darbhanga Antyodaya SF Express,SF,Sun,tag2026,tag2026
22563,Jaynagar Udhna Antyodaya Express,SF,Fri,tag2026,tag2026
22564,Udhna Jaynagar Antyodaya Express,SF,Sun,tag2026,tag2026
22582,New Delhi Ballia Superfast Express,SF,"Mon,Tue",tag2026,tag2026
22583,Chhapra Lokmanya Tilak (T) Antyodaya Express,SF,Tue,tag2026,tag2026
22584,Lokmanya Tilak (T) Chhapra Antyodaya Express,SF,Thu,tag2026,tag2026
22601,Chennai Cent - Sainagar Shirdi SF Exp,SF,Wed,tag2026,ogd2017
22602,Sainagar Shirdi - Chennai Cent SF Exp,SF,Fri,tag2026,tag2026
22603,Kharagpur – Viluppuram Superfast Express,SF,Thu,tag2026,ogd2017
22604,Viluppuram – Kharagpur Superfast Express,SF,Tue,tag2026,tag2026
22605,Purulia – Viluppuram Superfast Express,SF,"Mon,Fri",tag2026,tag2026
22606,Viluppuram – Purulia Superfast Express,SF,"Wed,Sat",tag2026,tag2026
22607,Ernakulam - Bangalore Weekly SF Exp,SF,,,ogd2017
22608,Bangalore - Ernakulam Weekly SF Exp,SF,,,ogd2017
22609,Mangalore - Palghat Intercity Express,SF,Daily,tag2026,tag2026
22610,Palghat Mangalore Intercity,Exp,Daily,tag2026,tag2026
22611,Chennai – New Jalpaiguri Superfast Express,SF,Wed,tag2026,ogd2017
22612,New Jalpaiguri – Chennai Superfast Express,SF,Fri,tag2026,tag2026
22613,Chennai – Haldia Superfast Express,SF,,,ogd2017
22614,Haldia – Chennai Superfast Express,SF,Wed,tag2026,tag2026
22615,Tirupati – Coimbatore Superfast Express,SF,,,ogd2017
22616,Coimbatore – Tirupati Superfast Express,SF,,,ogd2017
22617,Krantivira Sangolli Rayanna – Tirupati Superfast Express,SF,,,ogd2017
22618,Tirupati – Krantivira Sangolli Rayanna Superfast Express,SF,"Mon,Wed,Sat",tag2026,tag2026
22619,Bilaspur – Tirunelveli Superfast Express,SF,Tue,tag2026,tag2026
22620,Tirunelveli – Bilaspur Superfast Express,SF,,,ogd2017
22621,Rameswaram – Kanniyakumari Superfast Express,SF,"Mon,Thu,Sat",tag2026,ogd2017
22622,Kanniyakumari – Rameswaram Superfast Express,SF,"Tue,Fri,Sun",tag2026,tag2026
22623,Chennai Egmore – Madurai Superfast Express,SF,"Fri,Sun",tag2026,tag2026
22624,Madurai – Chennai Egmore Superfast Express,SF,"Thu,Sat",tag2026,tag2026
22625,Chennai – Krantivira Sangolli Rayanna Superfast Express,SF,Daily,tag2026,tag2026
22626,Krantivira Sangolli Rayanna – Chennai Superfast Express,SF,Daily,tag2026,tag2026
22627,Tiruchchirappalli – Thiruvananthapuram Superfast Express,SF,Daily,tag2026,tag2026
22628,Thiruvananthapuram – Tiruchchirappalli Superfast Express,SF,Daily,tag2026,tag2026
22629,Dadar – Tirunelveli Superfast Express,SF,Thu,tag2026,tag2026
22630,Tirunelveli – Dadar Superfast Express,SF,Wed,tag2026,tag2026
22631,Chennai – Bikaner Superfast Express,SF,Thu,tag2026,tag2026
22632,Bikaner – Chennai Superfast Express,SF,Sun,tag2026,tag2026
22633,Thiruvananthapuram – Hazrat Nizamuddin Superfast Express,SF,Wed,tag2026,tag2026
22634,Hazrat Nizamuddin – Thiruvananthapuram Superfast Express,SF,Fri,tag2026,tag2026
22635,Madgaon – Mangaluru Superfast Express,SF,,,ogd2017
22636,Mangaluru – Madgaon Superfast Express,SF,,,ogd2017
22637,Chennai – Mangaluru Superfast Express,SF,Daily,tag2026,tag2026
22638,Mangaluru – Chennai Superfast Express,SF,Daily,tag2026,tag2026
22639,Chennai – Alappuzha Superfast Express,SF,Daily,tag2026,tag2026
22640,Alappuzha – Chennai Superfast Express,SF,Daily,tag2026,tag2026
22641,Thiruvananthapuram – Shalimar Superfast Express,SF,"Thu,Sat",tag2026,tag2026
22642,Shalimar – Thiruvananthapuram Superfast Express,SF,"Tue,Sun",tag2026,tag2026
22643,Ernakulam – Patna Superfast Express,SF,"Mon,Tue",tag2026,tag2026
22644,Patna – Ernakulam Superfast Express,SF,"Thu,Fri",tag2026,tag2026
22645,Indore – Thiruvananthapuram Superfast Express,SF,Mon,tag2026,tag2026
22646,Thiruvananthapuram – Indore Superfast Express,SF,Sat,tag2026,tag2026
22647,Korba – Thiruvananthapuram Superfast Express,SF,"Wed,Sat",tag2026,tag2026
22648,Tvc Krba SF,SF,"Mon,Thu",tag2026,ogd2017
22649,Chennai – Erode Superfast Express,SF,Daily,tag2026,tag2026
22650,Yercaud Express,SF,Daily,tag2026,tag2026
22651,Chennai – Palakkad Superfast Express,SF,Daily,tag2026,tag2026
22652,Palakkad – Chennai Superfast Express,SF,Daily,tag2026,tag2026
22653,Thiruvananthapuram – Hazrat Nizamuddin Superfast Express,SF,Sat,tag2026,tag2026
22654,Hazrat Nizamuddin – Thiruvananthapuram Superfast Express,SF,Mon,tag2026,tag2026
22655,Thiruvananthapuram – Hazrat Nizamuddin Superfast Express,SF,Wed,tag2026,tag2026
22656,Hazrat Nizamuddin – Thiruvananthapuram Superfast Express,SF,Fri,tag2026,tag2026
22657,Tambaram Nagercoil Express,SF,"Mon,Wed,Sun",tag2026,tag2026
22658,Nagercoil Tambaram Express,SF,"Mon,Tue,Thu",tag2026,tag2026
22659,Kochuveli – Dehradun Superfast Express,SF,Fri,tag2026,tag2026
22660,Dehradun – Kochuveli Superfast Express,SF,Mon,tag2026,tag2026
22661,Chennai Egmore – Rameswaram Superfast Express,SF,Daily,tag2026,tag2026
22662,Rameswaram – Chennai Egmore Superfast Express,SF,Daily,tag2026,tag2026
22663,Chennai Egmore – Jodhpur Superfast Express,SF,,,ogd2017
22664,Jodhpur – Chennai Egmore Superfast Express,SF,Mon,tag2026,tag2026
22665,KSR Bengaluru Coimbatore Uday Express,SF,Daily,tag2026,tag2026
22667,Nagercoil – Coimbatore Superfast Express,SF,Daily,tag2026,ogd2017
22668,Coimbatore – Nagercoil Superfast Express,SF,Daily,tag2026,tag2026
22669,Tuticorin – Vanchi Maniyachchi Superfast Express,SF,,,ogd2017
22670,Vanchi Maniyachchi – Tuticorin Superfast Express,SF,Tue,tag2026,tag2026
22671,Chennai Egmore Madurai Tejas Express,SF,"Mon,Tue,Wed,Fri,Sat,Sun",tag2026,tag2026
22672,Madurai Chennai Egmore Tejas Express,SF,"Mon,Tue,Wed,Fri,Sat,Sun",tag2026,tag2026
22673,Bhagat ki Kothi Mannar gudi Express,SF,Thu,tag2026,tag2026
22674,Mannar gudi Bhagat ki Kothi Express,SF,Mon,tag2026,tag2026
22675,Chennai Egmore Tiruchchirappalli Express,SF,Daily,tag2026,tag2026
22676,Tiruchchirap palli Chennai Egmore Express,SF,Daily,tag2026,tag2026
22677,Yesvantpur – Kochuveli Superfast Express,SF,,,ogd2017
22678,Kochuveli – Yesvantpur Superfast Express,SF,,,ogd2017
22679,Yesvantpur – Hassan Superfast Express,SF,Daily,tag2026,tag2026
22680,Hassan – Yesvantpur Superfast Express,SF,Daily,tag2026,ogd2017
22681,Mysore - Chennai Weekly SF Exp,SF,Wed,tag2026,tag2026
22682,Chennai - Mysore Weekly SF Exp,SF,Thu,tag2026,tag2026
22683,Yesvantpur – Lucknow Charbagh Superfast Express,SF,Mon,tag2026,tag2026
22684,Lucknow Charbagh – Yesvantpur Superfast Express,SF,Thu,tag2026,tag2026
22685,Yesvantpur – Chandigarh Superfast Express,SF,"Wed,Sat",tag2026,tag2026
22686,Chandigarh – Yesvantpur Superfast Express,SF,"Tue,Sat",tag2026,tag2026
22687,Saharanpur – Chandigarh Superfast Express,SF,"Tue,Thu",tag2026,tag2026
22688,Chandigarh Chennai Express,SF,"Thu,Sat",tag2026,tag2026
22690,Yesvantpur Ahmedabad Express,SF,,,tag2026
22691,Krantivira Sangolli Rayanna – Hazrat Nizamuddin Superfast Express,SF,Daily,tag2026,tag2026
22692,Hazrat Nizamuddin – Krantivira Sangolli Rayanna Superfast Express,SF,Daily,tag2026,tag2026
22697,Ubl Chennai,SF,Sat,tag2026,tag2026
22698,Chennai – Hubballi Superfast Express,SF,Sun,tag2026,tag2026
22705,Tirupati – Jammu Tawi Superfast Express,SF,Tue,tag2026,ogd2017
22706,Jammu Tawi – Tirupati Superfast Express,SF,Fri,tag2026,tag2026
22707,Visakhapatnam – Tirupati Superfast Express,SF,"Mon,Thu,Sat",tag2026,tag2026
22708,Tirupati – Visakhapatnam Superfast Express,SF,"Wed,Fri,Sun",tag2026,tag2026
22709,Hazur Sahib Nanded Amb Andaura Express,SF,Tue,tag2026,tag2026
22717,Rajkot Secunderabad Express,SF,"Mon,Wed,Thu",tag2026,tag2026
22718,Secunderabad Rajkot Express,SF,,,tag2026
22731,Hyderabad Mumbai CSMT Express,SF,Daily,tag2026,tag2026
22732,Mumbai CSMT Hyderabad Express,SF,Daily,tag2026,tag2026
22737,Secunderabad Hisar Express,SF,"Tue,Wed",tag2026,tag2026
22738,Hisar Secunderabad Express,SF,"Fri,Sun",tag2026,tag2026
22801,Visakhapatnam – Chennai Superfast Express,SF,Fri,tag2026,tag2026
22802,Chennai Visakhapatnam Express,SF,Sat,tag2026,tag2026
22803,Howrah – Sambalpur Superfast Express,SF,,,ogd2017
22804,Sambalpur – Howrah Superfast Express,SF,,,ogd2017
22805,Bhubaneswar – Anand Vihar Terminal Superfast Express,SF,Sat,tag2026,tag2026
22806,Anand Vihar Terminal – Bhubaneswar Superfast Express,SF,,,ogd2017
22807,Santragachi – Chennai Superfast Express,SF,"Tue,Fri",tag2026,tag2026
22808,Chennai – Santragachi Superfast Express,SF,"Thu,Sun",wikipedia,ogd2017
22809,Paradeep – Visakhapatnam Superfast Express,SF,Wed,tag2026,tag2026
22810,Visakhapatnam – Paradeep Superfast Express,SF,Sun,tag2026,tag2026
22811,Bhubaneshwar-New Delhi Rajdhani Express,Raj,"Wed,Sun",tag2026,tag2026
22812,New Delhi-Bhubaneswar Rajdhani Express,Raj,"Mon,Fri",tag2026,tag2026
22813,Santragachi – Paradeep Superfast Express,SF,,,ogd2017
22814,Paradeep – Santragachi Superfast Express,SF,,,ogd2017
22815,Bilaspur-Ernakulam Express,SF,Mon,tag2026,tag2026
22816,Ernakulam-Bilaspur Express,SF,Wed,tag2026,ogd2017
22817,Howrah – Mysore Superfast Express,SF,Fri,tag2026,tag2026
22818,Mysore – Howrah Superfast Express,SF,Sun,tag2026,tag2026
22819,Bhubaneswar – Visakhapatnam Superfast Express,SF,Daily,tag2026,tag2026
22820,Visakhapatnam Bhubaneswar New Intercity Express,SF,Daily,tag2026,tag2026
22821,Jhargram – Purulia Superfast Express,SF,,,ogd2017
22822,Purulia – Jhargram Superfast Express,SF,,,ogd2017
22823,Bhubaneswar - New Delhi Rajdhani Express,Raj,"Mon,Tue,Thu,Fri",tag2026,tag2026
22824,New Delhi - Bhubaneswar Rajdhani Exp (Via Bokaro),Raj,,,tag2026
22825,Shalimar – Chennai Superfast Express,SF,Tue,tag2026,tag2026
22826,Chennai – Shalimar Superfast Express,SF,Wed,tag2026,tag2026
22827,Puri – Surat Superfast Express,SF,,,tag2026
22828,Surat – Puri Superfast Express,SF,,,tag2026
22829,Bhuj – Shalimar Superfast Express,SF,Tue,tag2026,tag2026
22830,Shalimar – Bhuj Superfast Express,SF,Sat,tag2026,ogd2017
22831,Howrah – Sri Satya Sai Prashanthi Nilayam Superfast Express,SF,Wed,tag2026,tag2026
22832,Sri Satya Sai Prashanthi Nilayam – Howrah Superfast Express,SF,Fri,tag2026,tag2026
22833,Bhubaneswar – Krishnarajapuram Superfast Express,SF,Wed,tag2026,tag2026
22834,Krishnarajapuram – Bhubaneswar Superfast Express,SF,Thu,tag2026,tag2026
22835,Shalimar-Puri Express,SF,Wed,tag2026,tag2026
22836,Puri-Shalimar weekly superfast express,SF,Tue,tag2026,ogd2017
22837,Hatia – Ernakulam Superfast Express,SF,,,tag2026
22838,Ernakulam – Hatia Superfast Express,SF,Wed,tag2026,ogd2017
22839,Rourkela – Bhubaneswar Superfast Express,SF,Daily,wikipedia,ogd2017
22840,Bhubaneswar – Rourkela Superfast Express,SF,Daily,wikipedia,ogd2017
22841,Santragachi Tambaram Antodaya Super Fast Express,SF,Mon,tag2026,tag2026
22843,Bilaspur – Patna Superfast Express,SF,Fri,tag2026,tag2026
22844,Patna – Bilaspur Superfast Express,SF,Sat,tag2026,tag2026
22845,Pune - Hatia SF Exp,Exp,"Wed,Sun",tag2026,tag2026
22846,Hatia - Pune SF Exp,SF,"Mon,Fri",tag2026,tag2026
22847,Visakhapatnam – Lokmanya Tilak Superfast Express,SF,Sun,tag2026,tag2026
22848,Lokmanya Tilak – Visakhapatnam Superfast Express,SF,Tue,tag2026,tag2026
22849,Shalimar – Secunderabad Superfast Express,SF,Wed,tag2026,tag2026
22850,Secunderabad – Shalimar Superfast Express,SF,Fri,tag2026,tag2026
22851,Santragachi – Mangaluru Superfast Express,SF,Thu,tag2026,tag2026
22852,Mangaluru – Santragachi Superfast Express,SF,,,ogd2017
22853,Kolkata Shalimar-Visakhapatnam Superfast express,SF,Tue,tag2026,tag2026
22854,Visakhapatnam-Shalimar Express,SF,Wed,tag2026,tag2026
22855,Santragachi-Tirupati Superfast Express,SF,Sun,tag2026,tag2026
22856,TirupatiSantragachi Superfast Express,SF,,,ogd2017
22857,Santragachi – Anand Vihar Terminal Superfast Express,SF,Mon,tag2026,tag2026
22858,Anand Vihar Terminal – Santragachi Superfast Express,SF,Tue,tag2026,tag2026
22859,Puri – Chennai Superfast Express,SF,Sun,tag2026,tag2026
22860,Chennai – Puri Superfast Express,SF,Mon,tag2026,tag2026
22861,Rajya Rani Express,SF,"Tue,Thu,Fri,Sun",tag2026,tag2026
22862,Rajya Rani Express,SF,"Mon,Wed,Fri,Sat",tag2026,tag2026
22863,Howrah – Yesvantpur Superfast Express,SF,Mon,tag2026,tag2026
22864,Yesvantpur – Howrah Superfast Express,SF,Wed,tag2026,tag2026
22865,Lokmanya Tilak – Puri Superfast Express,SF,Thu,tag2026,tag2026
22866,Puri – Lokmanya Tilak Superfast Express,SF,Tue,wikipedia,ogd2017
22867,Durg – Hazrat Nizamuddin Superfast Express,SF,"Tue,Fri",tag2026,tag2026
22868,Hazrat Nizamuddin – Durg Superfast Express,SF,"Wed,Sat",tag2026,tag2026
22869,Visakhapatnam – Chennai Superfast Express,SF,Mon,tag2026,tag2026
22870,Chennai – Visakhapatnam Superfast Express,SF,Tue,tag2026,tag2026
22871,Bhubaneswar – Tirupati Superfast Express,SF,Sun,tag2026,tag2026
22872,Tirupati – Bhubaneswar Superfast Express,SF,,,ogd2017
22873,Digha – Visakhapatnam Superfast Express,SF,Fri,tag2026,tag2026
22874,Visakhapatnam – Digha Superfast Express,SF,Thu,tag2026,tag2026
22875,Kharagpur – Purulia Superfast Express,SF,,,tag2026
22876,Purulia – Kharagpur Superfast Express,SF,"Mon,Tue,Wed",tag2026,tag2026
22877,Howrah – Ernakulam Superfast Express,SF,Sat,tag2026,tag2026
22878,Ernakulam – Howrah Superfast Express,SF,Mon,tag2026,tag2026
22879,Bhubaneswar – Tirupati Superfast Express,SF,Sat,tag2026,tag2026
22880,Tirupati – Bhubaneswar Superfast Express,SF,Sun,tag2026,tag2026
22881,Pune – Bhubaneswar Superfast Express,SF,Thu,tag2026,tag2026
22882,Bhubaneswar – Pune Superfast Express,SF,Tue,tag2026,tag2026
22883,Puri – Yesvantpur Superfast Express,SF,Fri,tag2026,tag2026
22884,Yesvantpur – Puri Superfast Express,SF,,,ogd2017
22885,Lokmanya Tilak – Tatanagar Superfast Express,SF,,,ogd2017
22886,Tatanagar – Lokmanya Tilak Superfast Express,SF,,,ogd2017
22887,Howrah – Yesvantpur Superfast Express,SF,Tue,tag2026,tag2026
22888,Yesvantpur – Howrah Superfast Express,SF,Thu,tag2026,tag2026
22889,Digha – Puri Superfast Express,SF,Sun,tag2026,tag2026
22890,Puri – Digha Superfast Express,SF,Sat,tag2026,tag2026
22891,Howrah – Ranchi Superfast Express,SF,"Wed,Thu,Sat",tag2026,tag2026
22892,Ranchi – Howrah Superfast Express,SF,"Wed,Thu,Sat",tag2026,tag2026
22893,Sainagar Shirdi – Howrah Superfast Express,SF,Sat,tag2026,tag2026
22894,Howrah – Sainagar Shirdi Superfast Express,SF,Thu,tag2026,tag2026
22895,Howrah Puri Vande Bharat Express,VB,"Mon,Tue,Wed,Fri,Sat,Sun",tag2026,tag2026
22896,Puri Howrah Vande Bharat Express,VB,"Mon,Tue,Wed,Fri,Sat,Sun",tag2026,tag2026
22897,Howrah – Digha Superfast Express,SF,Daily,tag2026,tag2026
22898,Digha – Howrah Superfast Express,SF,Daily,tag2026,tag2026
22901,Mumbai Bandra – Udaipur City Superfast Express,SF,"Tue,Thu,Sat",tag2026,tag2026
22902,Udaipur City – Mumbai Bandra Superfast Express,SF,"Wed,Fri,Sun",tag2026,tag2026
22903,Bhuj AC S F,SF,"Wed,Fri,Sun",tag2026,tag2026
22904,Bdts AC S F,SF,"Mon,Thu,Sat",tag2026,tag2026
22905,Okha Howrah Triweekly SF Express,SF,,,ogd2017
22906,Hapa – Okha Superfast Express,SF,Tue,tag2026,tag2026
22907,Madgaon – Hapa Superfast Express,SF,Fri,tag2026,tag2026
22908,Hapa – Madgaon Superfast Express,SF,Thu,tag2026,tag2026
22909,Valsad – Puri Superfast Express,SF,Thu,tag2026,tag2026
22910,Puri Valsad,SF,Sun,tag2026,tag2026
22911,Indore – Howrah Superfast Express,SF,,,ogd2017
22912,Shipra Express,SF,,,ogd2017
22913,Bandra (T) Saharsa Humsafar Express,SF,Sun,tag2026,tag2026
22914,Patna – Mumbai Bandra Superfast Express,SF,Tue,tag2026,tag2026
22915,Bdts Hsr SF,SF,Mon,tag2026,tag2026
22916,Hisar – Mumbai Bandra Superfast Express,SF,Tue,tag2026,tag2026
22917,Mumbai Bandra – Haridwar Superfast Express,SF,Wed,tag2026,tag2026
22918,Haridwar – Mumbai Bandra Superfast Express,SF,Thu,tag2026,tag2026
22919,Chennai Adi,SF,Wed,tag2026,tag2026
22920,Adi Chennai,SF,Mon,tag2026,tag2026
22921,Bandra (T) Gorakhpur Antyodaya Express,SF,Sun,tag2026,tag2026
22923,Bandra (T) Jam Nagar Humsafar Express,SF,"Mon,Thu,Sat",tag2026,tag2026
22924,Jamnagar Bandra (T) Humsafar Express,SF,"Tue,Fri,Sun",tag2026,tag2026
22925,Ambala Cantonment – Kalka Superfast Express,SF,"Mon,Wed,Thu,Fri,Sat,Sun",tag2026,tag2026
22926,Paschim Express,SF,"Mon,Tue,Thu,Fri,Sat,Sun",tag2026,tag2026
22927,Mumbai Bandra – Ahmedabad Superfast Express,SF,Daily,tag2026,tag2026
22928,Ahmedabad – Mumbai Bandra Superfast Express,SF,Daily,tag2026,tag2026
22929,Bld Brc Express,SF,Daily,tag2026,tag2026
22930,Brc Bld Express,SF,,,ogd2017
22931,Mumbai Bandra – Jaisalmer Superfast Express,SF,,,ogd2017
22932,Jsm Bdts SF,SF,Sat,tag2026,ogd2017
22933,Mumbai Bandra – Jaipur Superfast Express,SF,Mon,tag2026,tag2026
22934,Jaipur – Mumbai Bandra Superfast Express,SF,Tue,tag2026,tag2026
22935,Mumbai Bandra – Palitana Superfast Express,SF,Tue,tag2026,tag2026
22936,Pit Bdts SF,SF,Tue,tag2026,tag2026
22937,Rajkot Rewa,SF,Sun,tag2026,ogd2017
22938,Rewa – Rajkot Superfast Express,SF,Mon,tag2026,ogd2017
22939,Hapa – Bilaspur Superfast Express,SF,,,tag2026
22940,Bilaspur – Hapa Superfast Express,SF,Mon,tag2026,tag2026
22941,Indb Jat SF,SF,Mon,tag2026,tag2026
22942,Jat Indb SF,SF,Wed,tag2026,tag2026
22943,Pune Indore,SF,Daily,tag2026,tag2026
22944,Indore – Pune Superfast Express,SF,Daily,tag2026,tag2026
22945,Mumbai – Okha Superfast Express,SF,Daily,tag2026,tag2026
22946,Okha – Mumbai Superfast Express,SF,Daily,tag2026,tag2026
22947,Surat Bhagalpur Express,SF,"Tue,Sat",tag2026,tag2026
22948,Bhagalpur Surat Express,SF,"Mon,Thu",tag2026,tag2026
22949,Mumbai Bandra – Delhi Sarai Rohilla Superfast Express,SF,Wed,tag2026,tag2026
22950,Delhi Sarai Rohilla Bandra (T) Express,SF,Thu,tag2026,tag2026
22951,Mumbai Bandra – Gandhidham Superfast Express,SF,Fri,tag2026,tag2026
22952,Gandhidham – Mumbai Bandra Superfast Express,SF,Thu,tag2026,tag2026
22953,Mumbai – Ahmedabad Superfast Express,SF,Daily,tag2026,tag2026
22954,Ahmedabad – Mumbai Superfast Express,SF,Daily,tag2026,tag2026
22955,Mumbai Bandra – Bhuj Superfast Express,SF,Daily,tag2026,tag2026
22956,Bhuj – Mumbai Bandra Superfast Express,SF,Daily,tag2026,tag2026
22957,Ahmedabad – Veraval Superfast Express,SF,Daily,tag2026,tag2026
22959,Surat – Jamnagar Superfast Express,SF,Daily,tag2026,tag2026
22960,Jamnagar – Surat Superfast Express,SF,Daily,tag2026,tag2026
22961,Surat – Hapa Superfast Express,SF,"Mon,Tue,Wed,Thu,Fri,Sat",tag2026,tag2026
22962,Hapa – Surat Superfast Express,SF,"Mon,Tue,Wed,Thu,Fri,Sat",tag2026,tag2026
22963,Bdts Bvc SF,SF,Mon,tag2026,tag2026
22964,Bvc Bdts SF,SF,Mon,tag2026,tag2026
22965,Mumbai Bandra – Bhagat Ki Kothi Superfast Express,SF,Fri,tag2026,tag2026
22966,Bhagat Ki Kothi – Mumbai Bandra Superfast Express,SF,Sat,tag2026,tag2026
22967,Ahmedabad – Allahabad Superfast Express,SF,Thu,tag2026,tag2026
22968,Ald Adi SF,SF,Fri,tag2026,tag2026
22969,Okha – Varanasi Superfast Express,SF,,,ogd2017
22970,Bsb Okha SF,SF,Sat,tag2026,tag2026
22971,Mumbai Bandra – Patna Superfast Express,SF,Mon,tag2026,tag2026
22972,Patna – Mumbai Bandra Superfast Express,SF,Wed,tag2026,tag2026
22973,Gandhidham – Puri Superfast Express,SF,,,tag2026
22974,Puri – Gandhidham Superfast Express,SF,,,ogd2017
22975,Bandra (T) Ram Nagar SF Express,SF,Thu,tag2026,tag2026
22981,Kota – Sriganganagar Superfast Express,SF,,,ogd2017
22982,Sriganganagar – Kota Superfast Express,SF,,,ogd2017
22983,Kota – Indore Superfast Express,SF,Daily,wikipedia,ogd2017
22985,Udaipur City Delhi Sarai Rohilla Raj. Humsafar Express,SF,Sat,tag2026,tag2026
22986,Delhi Sarai Rohilla Udaipur City Rajasthan Humsafar Express,SF,Sun,tag2026,tag2026
22988,Agra Fort Ajmer Superfast Express,SF,Daily,tag2026,tag2026
22989,Mumbai Bandra – Mahuva Superfast Express,SF,"Wed,Fri",tag2026,tag2026
22990,Mhv Bdts SF,SF,"Thu,Sat",tag2026,tag2026
22991,Bdts Vrl SF,SF,,,ogd2017
22992,Vrl Bdts SF,SF,Wed,tag2026,tag2026
22993,Bdts Mhv SF,SF,,,ogd2017
22994,Mhv Bdts SF,SF,,,ogd2017
22995,Chittaurgarh – Ajmer Superfast Express,SF,Daily,tag2026,tag2026
22996,Ajmer Bandra SF Express,SF,Daily,tag2026,tag2026
23141,Raninagar Jalpaiguri – Haldibari Express,Exp,,,ogd2017
23142,Teesta Torsa Express,Exp,,,ogd2017
23225,InterCity Link Express,Exp,,,ogd2017
23226,InterCity Link Express,Exp,,,ogd2017
23345,Chopan – Shakti Nagar Express,Exp,Daily,wikipedia,ogd2017
23346,Shakti Nagar – Chopan Express,Exp,Daily,wikipedia,ogd2017
23347,Palamu Express,Exp,,,ogd2017
23348,Palamau Express (Slip),Exp,,,ogd2017
24041,Delhi Sarai Rohilla - Kotdwar Mussoorie Exp,Exp,,,ogd2017
24042,Kotdwar - Najibabad Mussoorie Exp,Exp,,,ogd2017
24203,Varanasi Lucknow Intercity Express,Exp,Daily,tag2026,tag2026
24204,Lucknow Varanasi Intercity Express,Exp,Daily,tag2026,tag2026
24227,Varuna Express,Exp,Daily,wikipedia,ogd2017
24228,Varuna Express,Exp,Daily,wikipedia,ogd2017
24369,Triveni Express,Exp,,,ogd2017
24370,Triveni Express,Exp,,,ogd2017
24887,Haridwar-Barmer Link Express,Exp,,,ogd2017
24888,Barmer-Haridwar Link Express,Exp,,,ogd2017
25013,Moradabad – Ramnagar Express,Exp,Daily,tag2026,tag2026
25014,Corbett Park Link Express,Exp,Daily,tag2026,tag2026
25035,Moradabad – Ramnagar Express,Exp,Daily,tag2026,tag2026
25036,Ramnagar Delhi Link Express,Exp,,,ogd2017
25201,Sugauli Narkatiaganj InterCity Link Express,Exp,,,ogd2017
25202,Narkatiaganj Sugauli InterCity Link Express,Exp,,,ogd2017
25631,Bikaner Guwahati Express,Exp,,,ogd2017
25632,Merta Road – Bikaner Express,Exp,,,ogd2017
25657,Sealdah – Bhasha Shahid Express,Exp,,,ogd2017
25658,Bhasha Shahid – Sealdah Express,Exp,,,ogd2017
26302,Danapur Jogbani Vande Bharat Express,VB,,,tag2026
26405,Amritsar Shri Mata Vaishno Devi Katra Vande Bharat Express,VB,,,tag2026
26406,Shri Mata Vaishno Devi Katra-Amritsar Vande Bharat Express,VB,,,tag2026
26461,Delhi Firozpur Cantt. Vande Bharat Express,VB,,,tag2026
26462,Firozpur Cantt.-Delhi Vande Bharat Express,VB,"Mon,Tue,Thu,Fri,Sat,Sun",tag2026,tag2026
26472,Delhi Cantt. Bikaner Vande Bharat,VB,,,tag2026
26481,Jodhpur Delhi Cantt Vande Bharat,VB,"Mon,Wed,Thu,Fri,Sat,Sun",tag2026,tag2026
26482,Jodhpur Delhi Cantt Vande Bharat,VB,"Mon,Wed,Thu,Fri,Sat,Sun",tag2026,tag2026
26501,Patliputra Gorakhpur Vande Bharat Express,VB,,,tag2026
26502,Gorakhpur Patliputra Vande Bharat Express,VB,,,tag2026
26504,Gomti Nagar Saharanpur Vande Bharat,VB,"Tue,Wed,Thu,Fri,Sat,Sun",tag2026,tag2026
26505,Khajuraho- Banaras Vande Bharat Express,VB,"Mon,Tue,Wed,Fri,Sat,Sun",tag2026,tag2026
26651,KSR Bengalu ru-Ernaku lam Vande Bharat,VB,,,tag2026
26652,Ernakulam KSR Bengaluru Vande Bharat Express,VB,"Mon,Tue,Thu,Fri,Sat,Sun",tag2026,tag2026
26751,Belgavi-KSR Bengaluru Vande Bharat,VB,,,tag2026
26752,KSR Bengaluru- Belgavi Vande Bharat,VB,,,tag2026
26901,Sabarmati- Veraval Vande Bharat Express,VB,,,tag2026
28181,Barauni-Katihar Slip Express,Exp,"Wed,Sat,Sun",tag2026,tag2026
28182,Katihar-Tatanagar Link Express,Exp,"Mon,Tue,Fri",tag2026,tag2026
29019,Nimach Kota Link Exp,Exp,,,ogd2017
29020,Dehradun Express Slip,Exp,,,ogd2017
50101,Ratnagiri – Madgaon Passenger,Pass,,,ogd2017
50102,Madgaon – Ratnagiri Passenger,Pass,,,ogd2017
50103,Dadar Ratnagiri Passenger,Pass,Daily,wikipedia,ogd2017
50104,Ratnagiri Dadar Passenger,Pass,Daily,wikipedia,ogd2017
50105,Diva Sawantwadi Passenger,Pass,,,ogd2017
50106,Sawantwadi-Diva Passenger,Pass,,,ogd2017
50107,Sawantwadi Madgaon Passenger,Pass,,,ogd2017
50108,Madgaon Sawantwadi Passenger,Pass,,,ogd2017
50119,Diva – Panvel Passenger,Pass,Daily,wikipedia,ogd2017
50120,Panvel – Diva Passenger,Pass,Daily,wikipedia,ogd2017
51027,MumbaiCST-Pandharpur Fast Passenger,Pass,,,ogd2017
51028,Pandharpur-Mumbai Fast Passenger,Pass,,,ogd2017
51029,Bijapur Fast Passenger,Pass,,,ogd2017
51030,Bijapur Mumbai Fast Passenger,Pass,,,ogd2017
51033,Mumbai Sainagar Shirdi Fast Pass(Via Daund),Pass,Daily,wikipedia,ogd2017
51034,Sainagar Shirdi-Mumbai Fast Passenger(Via Daund),Pass,Daily,wikipedia,ogd2017
51111,Chalisgaon Dhule Mix Passenger,Pass,,,ogd2017
51112,Dhule Chalisgaon Mix Passenger,Pass,,,ogd2017
51113,Chalisgaon Dhule Mix Passenger,Pass,,,ogd2017
51114,Dhule Chalisgaon Mix Passenger,Pass,,,ogd2017
51115,Chalisgaon Dhule Mix Passenger,Pass,Daily,wikipedia,ogd2017
51116,Dhule Dadar Passenger Composite,Pass,Daily,wikipedia,ogd2017
51135,Badnera Amravati Passenger,Pass,,,ogd2017
51136,Amravati Badnera Passenger,Pass,,,ogd2017
51137,Badnera Amravati Passenger,Pass,,,ogd2017
51138,Amravati Badnera Passenger,Pass,,,ogd2017
51139,Badnera Amravati Passenger,Pass,,,ogd2017
51140,Amravati Badnera Passenger,Pass,,,ogd2017
51141,Badnera Amravati Passenger,Pass,,,ogd2017
51142,Amravati Badnera Passenger,Pass,,,ogd2017
51145,Badnera Amravati Mix Passenger,Pass,,,ogd2017
51146,Amravati Badnera Passenger,Pass,,,ogd2017
51147,Badnera Amravati Passenger,Pass,,,ogd2017
51148,Amravati Badnera Passenger,Pass,,,ogd2017
51149,Badnera Amravati Passenger,Pass,,,ogd2017
51150,Amravati Badnera Passenger,Pass,,,ogd2017
51151,New Amravati – Narkher Passenger,Pass,,,ogd2017
51152,Narkher – New Amravati Passenger,Pass,,,ogd2017
51153,Mumbai Bhusaval Passenger,Pass,,,ogd2017
51154,Bhusaval Mumbai Passenger,Pass,,,ogd2017
51157,Bhusaval Itarsi Passenger,Pass,,,ogd2017
51158,Itarsi Bhusaval Passenger,Pass,,,ogd2017
51181,Devlali Bhusaval Passenger,Pass,Daily,wikipedia,ogd2017
51182,Bhusaval Devlali Passenger,Pass,Daily,wikipedia,ogd2017
51183,Bhusaval Amravati Passenger,Pass,,,ogd2017
51184,Narkher – Bhusaval Passenger,Pass,,,ogd2017
51187,Bhusaval - Katni Passenger,Pass,,,ogd2017
51188,Katni - Bhusaval Passenger,Pass,,,ogd2017
51189,Itarsi - Allahabad Passenger,Pass,,,ogd2017
51190,Allahabad - Itarsi Passenger,Pass,,,ogd2017
51195,Wardha Balharshah Passenger,Pass,,,ogd2017
51196,Ballarshah Wardha Mumbai Passenger,Pass,,,ogd2017
51197,Bhusaval Wardha Passenger,Pass,,,ogd2017
51198,Wardha Bhusaval Passenger,Pass,,,ogd2017
51239,Amla Betul Passenger,Pass,Daily,wikipedia,ogd2017
51240,Betul Amla Passenger,Pass,Daily,wikipedia,ogd2017
51253,Amla Chhindwara Passenger,Pass,Daily,wikipedia,ogd2017
51254,Chhindwara Amla Passenger,Pass,Daily,wikipedia,ogd2017
51255,Junnor Deo Chhindwara Passenger,Pass,,,ogd2017
51256,Chhindwara Junnor Deo Passenger,Pass,,,ogd2017
51259,Wardha Nagpur Passenger,Pass,,,ogd2017
51260,Nagpur Wardha Passenger,Pass,,,ogd2017
51261,Amravati Wardha Passenger,Pass,,,ogd2017
51262,Wardha Amravati Passenger,Pass,,,ogd2017
51285,Bhusaval Nagpur Passenger,Pass,,,ogd2017
51286,Nagpur Bhusaval Passenger,Pass,,,ogd2017
51293,Nagpur Amla Passenger,Pass,Daily,wikipedia,ogd2017
51294,Amla Nagpur Passenger,Pass,Daily,wikipedia,ogd2017
51317,Karjat – Pune Passenger,Pass,,,ogd2017
51318,Pune – Karjat Passenger,Pass,,,ogd2017
51347,Pune - Daund - Baramati Passenger,Pass,,,ogd2017
51348,Baramati Daund Passenger,Pass,,,ogd2017
51350,Daund-Pune Fast Shuttle,Pass,,,ogd2017
51401,Pune Manmad Passenger(Via Daund),Pass,,,ogd2017
51402,Manmad-Pune Passenger(Via Daund),Pass,,,ogd2017
51405,Miraj- Castle Rock Passenger,Pass,,,ogd2017
51406,Castle Rock Miraj Passenge,Pass,,,ogd2017
51407,Miraj-Kolhapur Passenger,Pass,,,ogd2017
51408,Kolhapur Miraj Passenger,Pass,,,ogd2017
51409,Pune -Shree Chatrapati Shahu M(T) Kolhapur Pass,Pass,,,ogd2017
51410,Shree Chatrapati Shahu M(T) Kolhapur- Pune Passenger,Pass,,,ogd2017
51411,Bellary-Dharwar Passenger,Pass,,,ogd2017
51412,Hubli Bellary Passenger,Pass,,,ogd2017
51419,Miraj Hubli Passenger,Pass,,,ogd2017
51420,Hubli Miraj Passenger,Pass,,,ogd2017
51421,Pune-Nizamabad Pass,Pass,,,ogd2017
51422,Nizamabad Pune Passenger,Pass,Daily,wikipedia,ogd2017
51423,Igatpuri Manmad Shuttle,Pass,,,ogd2017
51424,Manmad Igatpuri Shuttle,Pass,,,ogd2017
51425,ParliVaijnath-Miraj Passenger,Pass,,,ogd2017
51426,Miraj-Parli Vaijnath Passenger,Pass,,,ogd2017
51427,Miraj C Shahu Maharaj Passenger,Pass,,,ogd2017
51428,C Shahu Maharaj Miraj Passenger,Pass,,,ogd2017
51429,Sangli-Kolhapur Passenger,Pass,,,ogd2017
51430,C Shahu Maharaj Sangli Passenger,Pass,,,ogd2017
51431,Miraj -Londa Passenger,Pass,,,ogd2017
51432,Londa-Miraj Passenger,Pass,,,ogd2017
51433,Nizamabad Pandharpur Passenger,Pass,,,ogd2017
51434,Pandharpur Nizamabad Passenger,Pass,,,ogd2017
51435,Pune Satara Passenger,Pass,,,ogd2017
51436,Satara Pune Passenger,Pass,,,ogd2017
51437,Kurduvadi – Miraj Passenger,Pass,,,ogd2017
51438,Miraj – Kurduvadi Passenger,Pass,,,ogd2017
51441,Satara C Shahu Maharaj Passenger,Pass,,,ogd2017
51442,C Shahu Maharaj Pune Passenger,Pass,,,ogd2017
51451,Pune-Daund- Baramati Passenger,Pass,,,ogd2017
51452,Baramati-Daund-Pune Passenger,Pass,,,ogd2017
51458,Dharwad hubli Passenger,Pass,,,ogd2017
51461,Miraj Belgaum Passenger,Pass,,,ogd2017
51462,Belgaum Miraj Passenger,Pass,,,ogd2017
51463,Miraj Belgaum Passenger,Pass,,,ogd2017
51464,Belgaum Miraj Passenger,Pass,,,ogd2017
51601,Bina Katni Passenger,Pass,,,ogd2017
51602,Katni Bina Passenger,Pass,,,ogd2017
51603,Sagar Katni Passenger,Pass,,,ogd2017
51604,Katni – Bina Passenger,Pass,,,ogd2017
51605,Katni Chirmiri Passenger,Pass,,,ogd2017
51606,Chirmiri Katni Passenger,Pass,,,ogd2017
51607,Bina Guna Passenger,Pass,,,ogd2017
51608,Guna Bina Passenger,Pass,,,ogd2017
51609,Bina Guna Passenger,Pass,,,ogd2017
51610,Guna Bina Passenger,Pass,,,ogd2017
51611,Kota - Bina Passenger,Pass,,,ogd2017
51612,Bina - Kota Passenger,Pass,,,ogd2017
51671,Itarsi - Katni Fast Passenger,Pass,,,ogd2017
51672,Katni - Itarsi Fast Passenger,Pass,,,ogd2017
51673,Itarsi - Satna Passenger,Pass,,,ogd2017
51674,Satna - Itarsi Passenger,Pass,,,ogd2017
51675,Katni Chopan Fast Passenger,Pass,,,ogd2017
51676,Chopan Katni Passenger,Pass,,,ogd2017
51678,Shaktinagar Chopan Passenger,Pass,,,ogd2017
51679,Katni – Chopan Passenger,Pass,,,ogd2017
51680,Chopan – Katni Passenger,Pass,,,ogd2017
51685,Khandwa Bir Shuttle,Pass,,,ogd2017
51686,Bir Khandwa Shuttle,Pass,,,ogd2017
51687,Khandwa Bir Shuttle,Pass,,,ogd2017
51688,Bir Khandwa Shuttle,Pass,,,ogd2017
51701,Jabalpur - Rewa Passenger,Pass,,,ogd2017
51702,Rewa - Jabalpur Passenger,Pass,,,ogd2017
51703,Jabalpur – Nainpur Passenger,Pass,,,ogd2017
51704,Nainpur – Madan Mahal Passenger,Pass,,,ogd2017
51705,Madan Mahal – Nainpur Passenger,Pass,,,ogd2017
51706,Nainpur – Madan Mahal Passenger,Pass,,,ogd2017
51708,Nainpur – Jabalpur Passenger,Pass,,,ogd2017
51753,Rewa Chirmiri Fast Passenger,Pass,,,ogd2017
51754,Chirmiri Rewa Fast Passenger,Pass,,,ogd2017
51755,Chirmiri Manendragarh Passenger,Pass,,,ogd2017
51756,Manendragarh Chirmiri Passenger,Pass,,,ogd2017
51763,Satna Manikpur Passenger,Pass,,,ogd2017
51764,Manikpur Satna Passenger,Pass,,,ogd2017
51765,Satna Manikpur Passenger,Pass,,,ogd2017
51766,Manikpur Satna Passenger,Pass,,,ogd2017
51803,Mahoba Banda Passenger,Pass,,,ogd2017
51804,Banda Mahoba Passenger,Pass,,,ogd2017
51805,Jhansi Banda Passenger,Pass,,,ogd2017
51806,Banda Jhansi Passenger,Pass,,,ogd2017
51807,Banda Manikpur Passenger,Pass,,,ogd2017
51811,Bina Jhansi Passenger,Pass,,,ogd2017
51812,Jhansi Bina Passenger,Pass,,,ogd2017
51813,Jhansi Lucknow Passenger,Pass,,,ogd2017
51814,Lucknow-Jhansi Passenger,Pass,,,ogd2017
51815,Jhansi Agra Passenger,Pass,,,ogd2017
51816,Agra Jhansi Passenger,Pass,,,ogd2017
51817,Agra Fort Bandikui Pass,Pass,,,ogd2017
51818,Bandikui Agra Pass,Pass,,,ogd2017
51821,Jhansi - Khujuraho Passenger,Pass,,,ogd2017
51822,Khujuraho - Jhansi Passenger,Pass,,,ogd2017
51827,Itarsi Jhansi Passenger,Pass,,,ogd2017
51828,Jhansi Itarsi Passenger,Pass,,,ogd2017
51829,Nagpur Itarsi Passenger,Pass,,,ogd2017
51830,Itarsi Nagpur Passenger,Pass,,,ogd2017
51831,Jhansi Agra Passenger,Pass,,,ogd2017
51832,Agra Jhansi Passenger,Pass,,,ogd2017
51861,Ait Konch Passenger,Pass,,,ogd2017
51862,Konch Ait Passenger,Pass,,,ogd2017
51863,Ait Konch Passenger,Pass,,,ogd2017
51864,Konch Ait Passenger,Pass,,,ogd2017
51865,Ait Konch Passenger,Pass,,,ogd2017
51866,Konch Ait Passenger,Pass,,,ogd2017
51867,Ait Konch Passenger,Pass,,,ogd2017
51868,Konch Ait Passenger,Pass,,,ogd2017
51869,Ait Konch Passenger,Pass,,,ogd2017
51870,Konch Ait Passenger,Pass,,,ogd2017
51881,Gwalior Agra Fast Passenger,Pass,,,ogd2017
51882,Agra Gwalior Fast Passenger,Pass,,,ogd2017
51883,Bina Gwalior Passenger,Pass,,,ogd2017
51884,Gwalior Bina Passenger,Pass,,,ogd2017
51885,Bina Damoh Pass,Pass,,,ogd2017
51886,Damoh Bina Pass,Pass,,,ogd2017
51901,Agra Delhi Passenger,Pass,,,ogd2017
51902,Delhi Agra Passenger,Pass,,,ogd2017
51905,Delhi Shamli Passenger,Pass,,,ogd2017
51906,Shamli Delhi Passenger,Pass,,,ogd2017
51907,Shamli Saharanpur Passenger,Pass,,,ogd2017
51908,Saharanpur Shamli Passenger,Pass,,,ogd2017
51909,Delhi Shamli Saharanpur Passenger,Pass,,,ogd2017
51910,Saharanpur Delhi Passenger,Pass,,,ogd2017
51911,Delhi Shamli Saharanpur Passenger,Pass,,,ogd2017
51912,Saharanpur Delhi Passenger,Pass,,,ogd2017
51913,Delhi - Saharanpur Passenger,Pass,,,ogd2017
51914,Saharanpur - Delhi Passenger,Pass,,,ogd2017
51915,Delhi - Farukh Nagar Passenger,Pass,,,ogd2017
51916,Farukh Nagar - Delhi Passenger,Pass,,,ogd2017
51971,Mathura Alwar Passenger,Pass,,,ogd2017
51972,Alwar Mathura Passenger,Pass,,,ogd2017
51973,Mathura Alwar Bandikui Passenger,Pass,,,ogd2017
51974,Bandikui Mathura Passenger,Pass,,,ogd2017
52073,Marwar Mavli Passenger,Pass,,,ogd2017
52074,Mavli Marwar Passenger,Pass,,,ogd2017
52075,Marwar Mavli Passenger,Pass,,,ogd2017
52076,Mavli Marwar Passenger,Pass,,,ogd2017
52171,Gwalior Sheopur Passenger,Pass,,,ogd2017
52172,Sheopur Gwalior Passenger,Pass,,,ogd2017
52173,Gwalior Sabalgarh Passenger,Pass,,,ogd2017
52174,Sabalgarh Gwalior Passenger,Pass,,,ogd2017
52175,Gwalior Sabalgarh Fast Passenger,Pass,,,ogd2017
52176,Sabalgarh Gwalior Fast Passenger,Pass,,,ogd2017
52177,Sabalgarh Sheopur Passenger,Pass,,,ogd2017
52178,Sheopur Sabalgarh Passenger,Pass,,,ogd2017
52179,Dhaulpur Sirmuttra Passenger,Pass,,,ogd2017
52180,Sirmuttra Dhaulpur Passenger,Pass,,,ogd2017
52181,Dhaulpur Tantpur Passenger,Pass,,,ogd2017
52182,Tantpur Mohari Bari Passenger,Pass,,,ogd2017
52183,Bari Mohari Sirmuttra Passenger,Pass,,,ogd2017
52184,Sirmuttra Dhaulpur Passenger,Pass,,,ogd2017
52205,Kasganj Pilibhit Passenger,Pass,,,ogd2017
52206,Pilibhit Kasganj Passenger,Pass,,,ogd2017
52207,Kasganj Pilibhit Passenger,Pass,,,ogd2017
52208,Pilibhit Kasganj Passenger,Pass,,,ogd2017
52221,Pilibhit Mailani Passenger,Pass,,,ogd2017
52222,Mailani Pilibhit Passenger,Pass,,,ogd2017
52223,Pilibhit Mailani Passenger,Pass,,,ogd2017
52224,Lakhimpur Pilibhit Passenger,Pass,,,ogd2017
52225,Pilibhit Lakhimpur Passenger,Pass,,,ogd2017
52226,Mailani Pilibhit Passenger,Pass,,,ogd2017
52229,Shahjahanpur Tanakpur Passenger,Pass,,,ogd2017
52230,Tanakpur Shahjahanpur Passenger,Pass,,,ogd2017
52231,Pilibhit Shahjahanpur Passenger,Pass,,,ogd2017
52232,Shahjahanpur Pilibhit Passenger,Pass,,,ogd2017
52233,Pilibhit Shahjahanpur Passenger,Pass,,,ogd2017
52234,Shahjahanpur Pilibhit Passenger,Pass,,,ogd2017
52235,Pilibhit Shahjahanpur Passenger,Pass,,,ogd2017
52236,Shahjahanpur Pilibhit Passenger,Pass,,,ogd2017
52239,Tikunia - Aishbagh Passenger,Pass,,,ogd2017
52240,Aishbagh - Tikunia Passenger,Pass,,,ogd2017
52241,Mailani Aishbagh Passenger,Pass,,,ogd2017
52242,Aishbagh Mailani Passenger,Pass,,,ogd2017
52251,Sitapur - Aishbagh Passenger,Pass,,,ogd2017
52252,Aishbagh Sitapur Passenger,Pass,,,ogd2017
52253,Gonda Mailani Passenger,Pass,,,ogd2017
52254,Mailani Gonda Passenger,Pass,,,ogd2017
52255,Gonda Bareilly Passenger,Pass,,,ogd2017
52256,Mailani – Bahraich Passenger,Pass,,,ogd2017
52257,Gonda Mailani Passenger,Pass,,,ogd2017
52258,Mailani Gonda Passenger,Pass,,,ogd2017
52259,Gonda Mailani Passenger,Pass,,,ogd2017
52260,Mailani Gonda Passenger,Pass,,,ogd2017
52263,Gonda Nepalganj Passenger,Pass,,,ogd2017
52264,Nepalganj Gonda Passenger,Pass,,,ogd2017
52265,Gonda Nepalganj Passenger,Pass,,,ogd2017
52266,Nepalganj Gonda Passenger,Pass,,,ogd2017
52267,Gonda Nepalganj Passenger,Pass,,,ogd2017
52268,Nepalganj Gonda Passenger,Pass,,,ogd2017
52297,Pilibhit Shahjahanpur Passenger,Pass,,,ogd2017
52298,Shahjahanpur Pilibhit Passenger,Pass,,,ogd2017
52451,Shivalik Deluxe Express,Exp,,,ogd2017
52452,Shivalik Deluxe Express,Exp,,,ogd2017
52453,Kalka Shimla Express,Pass,,,ogd2017
52454,Shimla Kalka Express,Pass,,,ogd2017
52455,Himalayan Queen,Pass,,,ogd2017
52456,Himalayan Queen,Pass,,,ogd2017
52457,Kalka Shimla Passenger,Pass,,,ogd2017
52458,Shimla Kalka Passenger,Pass,,,ogd2017
52461,Pathankot Jawalamukhi Road Passenger,Pass,,,ogd2017
52462,Kangra Valley Rail Passenger,Pass,,,ogd2017
52463,Kangra Valley Rail Passenger,Pass,,,ogd2017
52464,Baijnathpaprola - Pathankot Pass,Pass,,,ogd2017
52465,Pathankot - Pathankot Passenger,Pass,,,ogd2017
52466,Kangra Valley Rail Passenger,Pass,,,ogd2017
52467,Kangra Valley Rail Passenger,Pass,,,ogd2017
52468,Baijnathpaprola - Pathankot Passenger,Pass,,,ogd2017
52469,Pathankot - Baijnathpaprola Passenger,Pass,,,ogd2017
52470,Kangra Valley Rail Passenger,Pass,,,ogd2017
52471,Kangra Valley Rail Passenger,Pass,,,ogd2017
52472,Joginder Nagar - Pathankot Passenger,Pass,,,ogd2017
52473,Pathankot - Joginder Nagar Passenger,Pass,,,ogd2017
52474,Kangra Valley Rail Passenger,Pass,,,ogd2017
52540,Darjeeling Kurseong Toy Train,Pass,,,ogd2017
52541,Kurseong Darjeeling Toy Train,Pass,,,ogd2017
52570,Dullabcherra Karimganj Passenger,Pass,,,ogd2017
52571,Karimganj Dullabcherra Passenger,Pass,,,ogd2017
52587,Kurseong – Darjeeling Passenger,Pass,,,ogd2017
52588,Darjeeling – Kurseong Passenger,Pass,,,ogd2017
52591,Darjeeling – Darjeeling Passenger,Pass,,,ogd2017
52592,Darjeeling – Darjeeling Passenger,Pass,,,ogd2017
52593,Darjeeling – Darjeeling Passenger,Pass,,,ogd2017
52594,Darjeeling – Darjeeling Passenger,Pass,,,ogd2017
52595,Darjeeling – Darjeeling Passenger,Pass,,,ogd2017
52596,Darjeeling – Darjeeling Passenger,Pass,,,ogd2017
52597,Darjeeling – Darjeeling Passenger,Pass,,,ogd2017
52598,Darjeeling – Darjeeling Passenger,Pass,,,ogd2017
52599,Darjeeling – Darjeeling Passenger,Pass,,,ogd2017
52911,Ranuj Ahmedabad Fast Passenger,Pass,,,ogd2017
52912,Ahmedabad Ranuj Fast Passenger,Pass,,,ogd2017
52913,Patan Ahmedabad Passenger,Pass,,,ogd2017
52914,Ahmedabad Ranuj Passenger,Pass,,,ogd2017
52929,Veraval Dhasa Passenger,Pass,,,ogd2017
52930,Dhasa Veraval Passenger,Pass,,,ogd2017
52931,Jetalsar Dhasa Passenger,Pass,,,ogd2017
52932,Dhasa Jetalsar Passenger,Pass,,,ogd2017
52933,Veraval Dhasa Passenger,Pass,,,ogd2017
52934,Botad – Gandhigram Passenger,Pass,,,ogd2017
52935,Ahmedabad Botad Passenger,Pass,,,ogd2017
52938,Botad Ahmedabad Passenger,Pass,,,ogd2017
52939,Gandhigram Botad Passenger,Pass,,,ogd2017
52940,Botad – Gandhigram Passenger,Pass,,,ogd2017
52941,Gandhigram - SBI-BTD Passenger,Pass,,,ogd2017
52942,SBI-BTD - Gandhigram Passenger,Pass,,,ogd2017
52943,Ahmedabad Botad Passenger,Pass,,,ogd2017
52944,Botad Ahmedabad Passenger,Pass,,,ogd2017
52945,Ahmedabad Botad Passenger,Pass,,,ogd2017
52946,Dhasa Veraval Passenger,Pass,,,ogd2017
52947,Wansjaliya Dhassa Passenger,Pass,,,ogd2017
52948,Dhasa Wansjaliya Passenger,Pass,,,ogd2017
52949,Veraval Delvada Passenger,Pass,,,ogd2017
52950,Delvada Veraval Passenger,Pass,,,ogd2017
52951,Delvada Junagadh Passenger,Pass,,,ogd2017
52952,Junagadh Delvada Passenger,Pass,,,ogd2017
52953,Kodinar Veraval Passenger,Pass,,,ogd2017
52954,Veraval Kodinar Passenger,Pass,,,ogd2017
52955,Khijadiya Junagarh Pass,Pass,,,ogd2017
52956,Junagadh Khijadiya Pass,Pass,,,ogd2017
52963,Ratlam Mhow Fast Passenger,Pass,,,ogd2017
52964,Mhow Ratlam Fast Passenger,Pass,,,ogd2017
52973,Ratlam Akola Passenger,Pass,,,ogd2017
52974,Akola Ratlam Fast Passenger,Pass,,,ogd2017
52975,Ratlam Akola Passenger,Pass,,,ogd2017
52976,Akola Ratlam Fast Pass,Pass,,,ogd2017
52987,Mhow Akola Fast Passenger,Pass,,,ogd2017
52988,Akola Mhow Fast Passenger,Pass,,,ogd2017
53001,Howrah Azimganj Passenger,Pass,,,ogd2017
53002,Azimganj Howrah Passenger,Pass,,,ogd2017
53005,Katwa – Azimganj Passenger,Pass,,,ogd2017
53006,Azimganj Katwa Passenger,Pass,,,ogd2017
53007,Katwa Rampurhat Passenger,Pass,,,ogd2017
53008,Rampurhat Katwa Passenger,Pass,,,ogd2017
53009,Katwa – Azimganj Passenger,Pass,,,ogd2017
53010,Azimganj Katwa Passenger,Pass,,,ogd2017
53011,Katwa – Azimganj Passenger,Pass,,,ogd2017
53012,Azimganj Katwa Passenger,Pass,,,ogd2017
53013,Katwa – Azimganj Passenger,Pass,,,ogd2017
53014,Azimganj Katwa Passenger,Pass,,,ogd2017
53015,Katwa – Azimganj Passenger,Pass,,,ogd2017
53016,Azimganj Katwa Passenger,Pass,,,ogd2017
53017,Katwa Azimganj Passenger,Pass,,,ogd2017
53018,Azimganj Katwa Passenger,Pass,,,ogd2017
53019,Katwa – Azimganj Passenger,Pass,,,ogd2017
53020,Azimganj – Katwa Passenger,Pass,,,ogd2017
53021,Azimganj Bhagalpur Passenger,Pass,,,ogd2017
53022,Bhagalpur Azimganj Passenger,Pass,,,ogd2017
53023,Azimganj – Rampurhat Passenger,Pass,,,ogd2017
53024,Rampurhat – Azimganj Passenger,Pass,,,ogd2017
53025,Azimganj – Rampurhat Passenger,Pass,,,ogd2017
53026,Rampurhat – Azimganj Passenger,Pass,,,ogd2017
53027,Azimganj – Malda Town Passenger,Pass,,,ogd2017
53028,Malda Town – Azimganj Passenger,Pass,,,ogd2017
53029,Azimganj Bhagalpur Passenger,Pass,,,ogd2017
53030,Bhagalpur Azimganj Passenger,Pass,,,ogd2017
53031,Azimganj – Rampurhat Passenger,Pass,,,ogd2017
53034,Rampurhat – Azimganj Passenger,Pass,,,ogd2017
53035,Azimganj Barharwa Passenger,Pass,,,ogd2017
53036,Barharwa Azimganj Passenger,Pass,,,ogd2017
53037,Sahibganj – Bhagalpur Passenger,Pass,,,ogd2017
53038,Bhagalpur – Sahibganj Passenger,Pass,,,ogd2017
53041,Howrah - Jaynagar Passenger,Pass,,,ogd2017
53042,Jaynagar - Howrah Passenger,Pass,,,ogd2017
53043,Howrah-Rajgir Fast Passenger,Pass,,,ogd2017
53044,Rajgir-Howrah Fast Passenger,Pass,,,ogd2017
53045,Mayurakshi Fast Passenger,Pass,,,ogd2017
53046,Mayurakshi Fast Passenger,Pass,,,ogd2017
53047,Viswabharati Fast Passenger,Pass,Daily,wikipedia,ogd2017
53048,Viswabharati Fast Passenger,Pass,Daily,wikipedia,ogd2017
53049,Howrah Mokameh Passenger,Pass,,,ogd2017
53050,Mokameh Howrah Passenger,Pass,,,ogd2017
53061,Barddhaman-Hatia Passenger,Pass,,,ogd2017
53062,Hatia Barddhaman Passenger,Pass,,,ogd2017
53063,Barddhaman Barharwa Passenger,Pass,,,ogd2017
53064,Barharwa Barddhaman Passenger,Pass,,,ogd2017
53068,Rampurhat Barddhaman Passenger,Pass,,,ogd2017
53069,Barddhaman Rampurhat Passenger,Pass,,,ogd2017
53073,Rampurhat Sahibganj Passenger,Pass,,,ogd2017
53074,Sahibganj Rampurhat Passenger,Pass,,,ogd2017
53075,Rampurhat – Barharwa Passenger,Pass,,,ogd2017
53076,Barharwa – Rampurhat Passenger,Pass,,,ogd2017
53081,Rampurhat – Dumka Passenger,Pass,,,ogd2017
53131,Sealdah Muzaffarpur Fast Passenger,Pass,,,ogd2017
53132,Muzaffarpur Sealdah Passenger,Pass,,,ogd2017
53137,Rampurhat- Barharwa Passenger,Pass,,,ogd2017
53138,Barharwa- Rampurhat Passenger,Pass,,,ogd2017
53139,KolkataChitpur-Chittaranjan Passenger,Pass,,,ogd2017
53140,Chittranjan-KolkataChitpur Passenger,Pass,,,ogd2017
53171,Sealdah – Lalgola Passenger,Pass,,,ogd2017
53172,Lalgola Sealdah Passenger,Pass,,,ogd2017
53175,Sealdah Lalgola Passenger,Pass,,,ogd2017
53176,Lalgola – Sealdah Passenger,Pass,,,ogd2017
53177,Sealdah Lalgola Fast Passenger,Pass,,,ogd2017
53178,Lalgola Sealdah Fast Passenger,Pass,,,ogd2017
53179,Kolkata Lalgola Passenger,Pass,,,ogd2017
53180,Lalgola Kolkata Passenger,Pass,,,ogd2017
53181,Lalgola Passenger,Pass,,,ogd2017
53186,Lalgola – Sealdah Passenger,Pass,,,ogd2017
53207,Islampur Buxar Passenger,Pass,,,ogd2017
53208,Buxar Islampur Passenger,Pass,,,ogd2017
53209,Rajgir – Fatuha Passenger,Pass,,,ogd2017
53210,Fatuha – Rajgir Passenger,Pass,,,ogd2017
53211,Patna – Sasaram Passenger,Pass,Daily,wikipedia,ogd2017
53212,Sasaram – Patna Passenger,Pass,Daily,wikipedia,ogd2017
53213,Buxar Mughal Sarai Passenger,Pass,Daily,wikipedia,ogd2017
53214,Mughal Sarai Buxar Passenger,Pass,Daily,wikipedia,ogd2017
53221,Rajgir – Bakhtiyarpur Passenger,Pass,,,ogd2017
53222,Bakhtiyarpur – Rajgir Passenger,Pass,,,ogd2017
53223,Rajgir – Bakhtiyarpur Passenger,Pass,,,ogd2017
53224,Bakhtiyarpur – Rajgir Passenger,Pass,,,ogd2017
53225,Bakhtiyarpur – Gaya Passenger,Pass,,,ogd2017
53226,Gaya – Bakhtiyarpur Passenger,Pass,,,ogd2017
53229,Rajgir Danapur Passenger,Pass,,,ogd2017
53230,Danapur Rajgir Passenger,Pass,,,ogd2017
53231,Danapur Rajgir Passenger,Pass,,,ogd2017
53232,Rajgir Danapur Passenger,Pass,,,ogd2017
53323,Sindri Town Dhanbad Passsenge,Pass,,,ogd2017
53324,Dhanbad Sindri Town Passenger,Pass,,,ogd2017
53327,Sindri Town Gomoh Passenger,Pass,,,ogd2017
53328,Gomoh Sindri Town Passenger,Pass,,,ogd2017
53333,Sindri Town Dhanbad Passenger,Pass,,,ogd2017
53334,Dhanbad Sindri Town Passenger,Pass,,,ogd2017
53343,Nscb Gomoh - Chopan Passenger,Pass,,,ogd2017
53344,Chopan - Nscb Gomoh Passenger,Pass,,,ogd2017
53345,Chopan - Allahabad Passenger,Pass,,,ogd2017
53346,Allahabad - Chopan Passenger,Pass,,,ogd2017
53347,Gomoh Barwadih Passenger,Pass,,,ogd2017
53348,Barwadih Gomoh Passenger,Pass,,,ogd2017
53349,Barwadih Dehri on Sone Passenger,Pass,,,ogd2017
53350,Dehri on Sone Barwadih Passenger,Pass,,,ogd2017
53351,Barwadih-Chunar Passenger,Pass,,,ogd2017
53352,Chunar Chopan Passenger,Pass,,,ogd2017
53357,Barkakana – Dehri on Sone Passenger,Pass,,,ogd2017
53358,Dehari On Sone - Barkakana Passenger,Pass,,,ogd2017
53363,Gaya Dehri On Sone Passenger,Pass,,,ogd2017
53364,Dehri On Sone Gaya Passenger,Pass,,,ogd2017
53365,Kawar – Koderma Passenger,Pass,,,ogd2017
53366,Koderma – Kawar Passenger,Pass,,,ogd2017
53369,Kawar – Koderma Passenger,Pass,,,ogd2017
53370,Koderma – Kawar Passenger,Pass,,,ogd2017
53371,Koderma – Barkakana Passenger,Pass,,,ogd2017
53372,Barkakana – Koderma Passenger,Pass,,,ogd2017
53373,Koderma – Barkakana Passenger,Pass,,,ogd2017
53374,Barkakana – Koderma Passenger,Pass,,,ogd2017
53401,Sahibganj- Malda Town Passenger,Pass,,,ogd2017
53402,Malda Town- Sahibganj Passenger,Pass,,,ogd2017
53403,Rampurhat Gaya Passenger,Pass,,,ogd2017
53404,Gaya Jamalpur Passenger,Pass,,,ogd2017
53405,Rampurhat- Sahibganj Passenger,Pass,,,ogd2017
53406,Sahibganj- Rampurhat Passenger,Pass,,,ogd2017
53408,Jamalpur – Rampurhat Passenger,Pass,,,ogd2017
53411,Barharwa Sahibganj Passenger,Pass,,,ogd2017
53412,Sahibganj Barharwa Passenger,Pass,,,ogd2017
53415,Sahibganj Jamalpur Passenger,Pass,,,ogd2017
53416,Jamalpur Rampurhat Pass,Pass,,,ogd2017
53417,Barddhaman MaldaTown Passenger,Pass,,,ogd2017
53418,Malda Town Barddhaman Passenger,Pass,,,ogd2017
53423,Jamalpur Kiul Pass,Pass,,,ogd2017
53424,Kiul Jamalpur Pass,Pass,,,ogd2017
53431,Sahibganj Jamalpur Passenger,Pass,,,ogd2017
53432,Jamalpur Rampurhat Pass,Pass,,,ogd2017
53433,Azimganj – Barharwa Passenger,Pass,,,ogd2017
53434,Barharwa – Azimganj Passenger,Pass,,,ogd2017
53435,Katwa – Azimganj Passenger,Pass,,,ogd2017
53436,Azimganj – Katwa Passenger,Pass,,,ogd2017
53441,Mandar Parvat Bhagalpur Passenger,Pass,,,ogd2017
53442,Bhagalpur Mandar Hill Passenger,Pass,,,ogd2017
53443,Mandar Hill Bhagalpur Passenger,Pass,,,ogd2017
53444,Bhagalpur Mandar Hill Passenger,Pass,,,ogd2017
53445,Mandar Hill Bhagalpur Passenger,Pass,,,ogd2017
53446,Bhagalpur Mandar Hill Passenger,Pass,,,ogd2017
53447,Banka Bhagalpur Passenger,Pass,,,ogd2017
53448,Bhagalpur Banka Passenger,Pass,,,ogd2017
53449,Banka Bhagalpur Passenger,Pass,,,ogd2017
53450,Bhagalpur Banka Passenger,Pass,,,ogd2017
53451,Dumka – Hansdiha Passenger,Pass,,,ogd2017
53452,Hansdiha – Dumka Passenger,Pass,,,ogd2017
53479,Jamalpur – Kiul Passenger,Pass,,,ogd2017
53480,Kiul – Jamalpur Passenger,Pass,,,ogd2017
53481,Tinpahar Rajmahal Pass,Pass,,,ogd2017
53482,Rajmahal Tinpahar Passenger,Pass,,,ogd2017
53483,Tinpahar Rajmahal Pass,Pass,,,ogd2017
53484,Rajmahal Tinpahar Passenger,Pass,,,ogd2017
53485,Tinpahar Rajmahal Pass,Pass,,,ogd2017
53486,Rajmahal – Tinpahar Passenger,Pass,,,ogd2017
53487,Tinpahar Rajmahal Pass,Pass,,,ogd2017
53488,Rajmahal – Tinpahar Passenger,Pass,,,ogd2017
53489,Tinpahar – Rajmahal Passenger,Pass,,,ogd2017
53490,Rajmahal Tinpahar Passenger,Pass,,,ogd2017
53491,Tinpahar Rajmahal Pass,Pass,,,ogd2017
53492,Rajmahal Tinpahar Passenger,Pass,,,ogd2017
53493,Tinpahar Rajmahal Pass,Pass,,,ogd2017
53494,Rajmahal-Teenpahar Pass.,Pass,,,ogd2017
53495,Tinpahar – Rajmahal Passenger,Pass,,,ogd2017
53496,Rajmahal – Tinpahar Passenger,Pass,,,ogd2017
53497,Bhagalpur – Jamalpur Passenger,Pass,,,ogd2017
53498,Jamalpur – Bhagalpur Passenger,Pass,,,ogd2017
53511,Madhupur Giridih Pass,Pass,,,ogd2017
53512,Giridih Madhupur Pass,Pass,,,ogd2017
53513,Madhupur Giridih Pass,Pass,,,ogd2017
53514,Giridih-Madhupur Passenger,Pass,,,ogd2017
53515,Madhupur – Giridih Passenger,Pass,,,ogd2017
53516,Giridih – Madhupur Passenger,Pass,,,ogd2017
53517,Madhupur Giridih Pass,Pass,,,ogd2017
53518,Giridih Madhupur Pass,Pass,,,ogd2017
53519,Madhupur Giridih Pass,Pass,,,ogd2017
53520,Giridih-Madhupur Passenger,Pass,,,ogd2017
53523,Asansol – Barkakana Passenger,Pass,,,ogd2017
53524,Barkakana – Asansol Passenger,Pass,,,ogd2017
53525,Barkakana – Varanasi Passenger,Pass,,,ogd2017
53526,Varanasi – Barkakana Passenger,Pass,,,ogd2017
53551,Jasidih-Dumka Passenger,Pass,,,ogd2017
53552,Dumka-Jasidih Passenger,Pass,,,ogd2017
53553,Jasidih-Dumka Passenger,Pass,,,ogd2017
53554,Dumka-Jasidih Passenger,Pass,,,ogd2017
53555,Dumka – Jasidih Passenger,Pass,,,ogd2017
53556,Jasidih – Dumka Passenger,Pass,,,ogd2017
53611,Barwadih Dehri on Sone Passenger,Pass,,,ogd2017
53612,Dehri on Sone Barwadih Passenger,Pass,,,ogd2017
53615,Jamalpur Gaya Passenger,Pass,,,ogd2017
53616,Gaya Jamalpur Pass,Pass,,,ogd2017
53623,Jhajha - Gaya Passenger,Pass,,,ogd2017
53624,Gaya - Jhajha Passenger,Pass,,,ogd2017
53625,Kiul Gaya Passenger,Pass,,,ogd2017
53626,Gaya Kiul Passenger,Pass,,,ogd2017
53627,Kiul Gaya Passenger,Pass,,,ogd2017
53628,Gaya Kiul Passenger,Pass,,,ogd2017
53629,Kiul Gaya Passenger,Pass,,,ogd2017
53630,Gaya Kiul Passenger,Pass,,,ogd2017
53631,Kiul Gaya Passenger,Pass,,,ogd2017
53632,Gaya Kiul Passenger,Pass,,,ogd2017
53641,Dildarnagar Mughal Sarai Passenger,Pass,,,ogd2017
53642,Mughal Sarai Dildarnagar Passenger,Pass,,,ogd2017
53643,Dildarnagar Tarighat Passenger,Pass,,,ogd2017
53644,Tarighat Dildarnagar Passenger,Pass,,,ogd2017
53645,Dildarnagar Tarighat Passenger,Pass,,,ogd2017
53646,Tarighat Dildarnagar Passenger,Pass,,,ogd2017
53647,Dildarnagar Tarighat Passenger,Pass,,,ogd2017
53648,Tarighat Dildarnagar Passenger,Pass,,,ogd2017
54001,Tilak Bridge Rohtak Shuttle,Pass,,,ogd2017
54002,Rohtak Tilak Bridge Passenger,Pass,,,ogd2017
54005,Delhi Bhiwani Passenger,Pass,,,ogd2017
54006,Jind - Rohtak Passenger (UnReserved),Pass,,,ogd2017
54007,Rohtak - Panipat - Jind Passenger (UnReserved),Pass,,,ogd2017
54008,Jind - Rohtak Passenger,Pass,,,ogd2017
54009,Jind - Rohtak Passenger,Pass,,,ogd2017
54010,Narwana – Jind Passenger,Pass,,,ogd2017
54011,Rewari Passenger,Pass,,,ogd2017
54012,Rewari Tilak Bridge Passenger,Pass,,,ogd2017
54013,Rohtak Bhiwani Passenger,Pass,,,ogd2017
54014,Bhiwani Rohtak Passenger,Pass,,,ogd2017
54015,Rohtak Bhiwani Passenger,Pass,,,ogd2017
54016,Bhiwani Rohtak Passenger,Pass,,,ogd2017
54018,Bhiwani Rohtak Passenger,Pass,,,ogd2017
54019,Rewari – Rohtak Passenger,Pass,,,ogd2017
54023,Rohtak Jind Passenger,Pass,,,ogd2017
54024,Jind Delhi Passenger,Pass,,,ogd2017
54025,Rohtak – Panipat Passenger,Pass,,,ogd2017
54026,Panipat – Rohtak Passenger,Pass,,,ogd2017
54031,Delhi - Jind Passenger,Pass,,,ogd2017
54032,Jind - Delhi Passenger,Pass,,,ogd2017
54033,Old Delhi - Narwana Pass,Pass,,,ogd2017
54034,Jind - Delhi Pass,Pass,,,ogd2017
54035,Delhi - Jakhal Passenger,Pass,,,ogd2017
54036,Jakhal - Delhi Passenger,Pass,,,ogd2017
54037,Kurukshetra Jind Passenger,Pass,,,ogd2017
54038,Jind Kurukshetra Passenger,Pass,,,ogd2017
54039,Kurukshetra Jind Passenger,Pass,,,ogd2017
54040,Jind Kurukshetra Passenger,Pass,,,ogd2017
54041,Kurukshetra Jind Passenger,Pass,,,ogd2017
54042,Jind Kurukshetra Passenger,Pass,,,ogd2017
54043,Jind Sirsa Passenger,Pass,,,ogd2017
54044,Sirsa Jind Passenger,Pass,,,ogd2017
54045,Jind Firozpur Passenger,Pass,,,ogd2017
54046,Jind Firozpur Passenger,Pass,,,ogd2017
54047,Jind Kurukshetra Passenger,Pass,,,ogd2017
54048,Jind Nrw Kurukshetra Passenger,Pass,,,ogd2017
54049,Rohtak - Jind Passenger,Pass,,,ogd2017
54050,Rohtak - Jind Passenger,Pass,,,ogd2017
54051,Ludhiana Firozpur Passenger,Pass,,,ogd2017
54052,Ludhiana Firozpur Passenger,Pass,,,ogd2017
54053,Jakhal Ludhiana Passenger,Pass,,,ogd2017
54054,Ludhiana Jakhal Passenger,Pass,,,ogd2017
54055,Moradabad Delhi Passenger,Pass,,,ogd2017
54056,Delhi Moradabad Passenger,Pass,,,ogd2017
54057,Delhi Shamli Passenger,Pass,,,ogd2017
54058,Shamli Delhi Passenger,Pass,,,ogd2017
54059,Delhi Shamli Passenger,Pass,,,ogd2017
54060,Shamli Delhi Passenger,Pass,,,ogd2017
54075,Sitapur Delhi Passenger,Pass,,,ogd2017
54076,Delhi - Sitapur Cant Passenger,Pass,,,ogd2017
54077,Bareilly Delhi Passenger,Pass,,,ogd2017
54078,Shajahanpur Passenger Slip Ex Bareilly,Pass,,,ogd2017
54085,Delhi Rewari Pass,Pass,,,ogd2017
54086,Rewari Delhi Pass,Pass,,,ogd2017
54091,Najibabad Kotdwara Pass,Pass,,,ogd2017
54092,Kotdwara Najibabad Passenger,Pass,,,ogd2017
54101,Allahabad Kanpur Passenger,Pass,,,ogd2017
54102,Kanpur Allahabad Passenger,Pass,,,ogd2017
54103,Chunar Allahabad Passenger,Pass,,,ogd2017
54104,Mughal Sarai Allahabad Passenger,Pass,,,ogd2017
54107,Allahabad Jaunpur Passenger,Pass,,,ogd2017
54108,Allahabad Jaunpur Passenger,Pass,,,ogd2017
54109,Mughal Sarai Faizabad Passenger,Pass,,,ogd2017
54110,Faizabad Mughal Sarai Passenger,Pass,,,ogd2017
54152,Kanpur Fatehpur Passenger,Pass,,,ogd2017
54153,Rae Bareli Kanpur Passenger,Pass,,,ogd2017
54154,Kanpur Rae Bareli Passenger,Pass,,,ogd2017
54155,Manikpur Kanpur Passenger,Pass,,,ogd2017
54156,Kanpur Manikpur Passenger,Pass,,,ogd2017
54158,Kanpur Jhansi Passenger,Pass,,,ogd2017
54159,Jhansi Banda Passenger,Pass,,,ogd2017
54161,Khajuraho – Kanpur Passenger,Pass,,,ogd2017
54162,Kanpur – Khajuraho Passenger,Pass,,,ogd2017
54201,Lucknow Charbagh – Rahimabad Passenger,Pass,,,ogd2017
54211,Rae Bareli Kanpur Passenger,Pass,,,ogd2017
54212,Kanpur Rae Bareli Passenger,Pass,,,ogd2017
54221,Rbl Raghuraj Singh Pass,Pass,,,ogd2017
54222,Lalganj Dalmau Rai Bareli Passenger,Pass,,,ogd2017
54223,Rbl Raghuraj Singh Pass,Pass,,,ogd2017
54224,LalGanj Rae Bareli Passenger,Pass,,,ogd2017
54225,Unchahar Raebareli Shuttle,Pass,,,ogd2017
54226,Raibareli Unchahar Passenger,Pass,,,ogd2017
54227,Unchahar Raebareli Shuttle,Pass,,,ogd2017
54228,Raibareli Unchahar Passenger,Pass,,,ogd2017
54231,Faizabad Lucknow Passenger,Pass,,,ogd2017
54232,Lucknow-Faizabad Passenger,Pass,,,ogd2017
54233,Faizabad Lucknow Passenger,Pass,,,ogd2017
54234,Lucknow Faizabad Passenger,Pass,,,ogd2017
54237,Mankapur Ayodhya Passenger,Pass,,,ogd2017
54238,Faizabad Mankapur Passenger,Pass,,,ogd2017
54239,Mankapur Faizabad Passenger,Pass,,,ogd2017
54240,Ayodhya Mankapur Passenger,Pass,,,ogd2017
54243,Mankapur Ayodhya Passenger,Pass,,,ogd2017
54244,Ayodhya Mankapur Passenger,Pass,,,ogd2017
54251,Lucknow Saharanpur Passenger,Pass,,,ogd2017
54252,Saharanpur Lucknow Passenger,Pass,,,ogd2017
54253,Prayag Ghat Lucknow Passenger,Pass,,,ogd2017
54254,Lucknow Pratapgarh,Pass,,,ogd2017
54255,Varanasi - Lucknow Passenger,Pass,,,ogd2017
54256,Lucknow - Varanasi Passenger,Pass,,,ogd2017
54261,Mughal Sarai Jaunpur Passenger,Pass,,,ogd2017
54262,Mughal Sarai Jaunpur Passenger,Pass,,,ogd2017
54263,Varanasi Sultanpur Passenger,Pass,,,ogd2017
54264,Sultanpur Varanasi Passenger,Pass,,,ogd2017
54265,Varanasi Sultanpur Passenger,Pass,,,ogd2017
54266,Sultanpur Varanasi Passenger,Pass,,,ogd2017
54267,Mughal Sarai Varanasi Passenger,Pass,,,ogd2017
54268,Varanasi Mughal Sarai Passenger,Pass,,,ogd2017
54270,Varanasi Mughal Sarai Passenger,Pass,,,ogd2017
54271,Arrah-Sasaram-Mughal Sarai Passenger,Pass,,,ogd2017
54272,Mughal Sarai-Sasaram-Arrah Passenger,Pass,,,ogd2017
54273,Arrah Sasaram Passenger,Pass,,,ogd2017
54274,Sasaram Arrah Passenger,Pass,,,ogd2017
54281,Sultanpur Lucknow Passenger,Pass,,,ogd2017
54282,Lucknow Sultanpur Passenger,Pass,,,ogd2017
54283,Sultanpur Lucknow Passenger,Pass,,,ogd2017
54284,Lucknow Sultanpur Passenger,Pass,,,ogd2017
54291,Varanasi Partapgarh Passenger,Pass,,,ogd2017
54292,Partapgarh Varanasi Passenger,Pass,,,ogd2017
54293,Partapgarh Lucknow Passenger,Pass,,,ogd2017
54294,Lucknow Partapgarh Passenger,Pass,,,ogd2017
54303,Delhi Kalka Passenger,Pass,,,ogd2017
54304,Kalka Delhi Passenger,Pass,,,ogd2017
54307,Moradabad Delhi Passenger,Pass,,,ogd2017
54308,Delhi Moradabad Passenger,Pass,,,ogd2017
54309,Delhi Rewari Passenger,Pass,,,ogd2017
54310,Rewari Delhi Passenger,Pass,,,ogd2017
54311,Bareilly Moradabad Passenger,Pass,,,ogd2017
54312,Moradabad Bareilly Passenger,Pass,,,ogd2017
54313,Chandausi Moradabad Passenger,Pass,,,ogd2017
54314,Moradabad Chandausi Passenger,Pass,,,ogd2017
54321,Balamau Sitapur Cantt Passenger,Pass,,,ogd2017
54322,Sitapur Cantt Balamau Passenger,Pass,,,ogd2017
54323,Burhwal - Sitapur Cant Passenger,Pass,,,ogd2017
54324,Sitapur - Burhwal Passenger,Pass,,,ogd2017
54325,Sitapur Kanpur Dmu,Pass,,,ogd2017
54326,Kanpur Sitapur Pass,Pass,,,ogd2017
54327,Sitapur Shahjehanpur Passenger,Pass,,,ogd2017
54328,Shahjehanpur Sitapur Passenger,Pass,,,ogd2017
54329,Balamau Shahjahanpur Passenger,Pass,,,ogd2017
54330,Shahjehanpur Balamu Passenger,Pass,,,ogd2017
54331,Lucknow Balamau Passenger,Pass,,,ogd2017
54332,Balamu Lucknow Passenger,Pass,,,ogd2017
54333,Varanasi Lucknow Passenger,Pass,,,ogd2017
54334,Lucknow Varanasi Passenger,Pass,,,ogd2017
54335,Balamau Kanpur Passenger,Pass,,,ogd2017
54336,Kanpur Balamau Passenger,Pass,,,ogd2017
54341,Sharanpur Dehradun Passenger,Pass,,,ogd2017
54342,Dehradun Saharanpur Passenger,Pass,,,ogd2017
54351,Aligarh Bareilly Passenger,Pass,,,ogd2017
54352,Bareilly Aligarh Passenger,Pass,,,ogd2017
54353,Aligarh - Bareilly Passenger,Pass,,,ogd2017
54354,Bareilly - Aligarh Passenger,Pass,,,ogd2017
54355,Roza Bareilly Passenger,Pass,,,ogd2017
54356,Bareilley Roza junction passenger,Pass,,,ogd2017
54371,Prayag Faizabad Passenger,Pass,,,ogd2017
54372,Faizabad Prayag Passenger,Pass,,,ogd2017
54373,Prayag Faizabad Passenger,Pass,,,ogd2017
54374,Faizabad Prayag Passenger,Pass,,,ogd2017
54375,Prayag Jaunpur Passenger,Pass,Daily,wikipedia,ogd2017
54376,Jaunpur Prayag Passenger,Pass,Daily,wikipedia,ogd2017
54377,Allahabad Passenger,Pass,,,ogd2017
54378,Bareilly Allahabad Passenger,Pass,,,ogd2017
54381,Gajraula Najibabad Passenger,Pass,,,ogd2017
54382,Najibabad Gajraula Passenger,Pass,,,ogd2017
54383,Gajraula Najibabad Passenger,Pass,,,ogd2017
54384,Najibabad Gajraula Passenger,Pass,,,ogd2017
54385,Najibabad Kotdwara Passenger,Pass,,,ogd2017
54386,Kotdwara Najibabad Passenger,Pass,,,ogd2017
54387,Najibabad Kotdwara Pass,Pass,,,ogd2017
54388,Kotdwara Najibabad Pass,Pass,,,ogd2017
54389,Najibabad Kotdwara Pass,Pass,,,ogd2017
54390,Kotdwara Najibabad Pass,Pass,,,ogd2017
54391,Aligarh - Moradabad Passenger,Pass,,,ogd2017
54392,Moradabad - Aligarh Passenger,Pass,,,ogd2017
54393,Moradabad Gajraula Passenger,Pass,,,ogd2017
54394,Gajraula Moradabad Passenger,Pass,,,ogd2017
54395,Moradabad - Najibabad Passenger,Pass,,,ogd2017
54396,Najibabad - Moradabad Passenger,Pass,,,ogd2017
54397,Moradabad Sambahal Hatim Sarai Pass,Pass,,,ogd2017
54398,Moradabad Sambahal Hatim Sarai Pass,Pass,,,ogd2017
54401,Khurja Meerut Passenger,Pass,,,ogd2017
54402,Meerut Khurja Passenger,Pass,,,ogd2017
54403,Khurja Meerut Passenger,Pass,,,ogd2017
54404,Meerut City Khurja Passenger,Pass,,,ogd2017
54405,Khurja Meerut Passenger,Pass,,,ogd2017
54406,Meerut Khurja Passenger,Pass,,,ogd2017
54411,Rewari Meerut Cantt. Passenger,Pass,,,ogd2017
54412,Meerut Ndls Rewari Passenger,Pass,,,ogd2017
54413,Delhi Rewari Passenger,Pass,,,ogd2017
54414,Rewari Delhi Passenger,Pass,,,ogd2017
54416,Rewari Delhi Sarai Rohilla Passenger,Pass,,,ogd2017
54417,Delhi Rewari Passenger,Pass,,,ogd2017
54420,Rewari Delhi Passenger,Pass,,,ogd2017
54421,Rewari Delhi Sarai Rohilla Passenger,Pass,,,ogd2017
54423,Delhi – Bhiwani Passenger,Pass,,,ogd2017
54424,Bhiwani – Delhi Passenger,Pass,,,ogd2017
54461,Bandikui - Bareilly Passenger,Pass,,,ogd2017
54462,Bareilly - Bandikui Passenger,Pass,,,ogd2017
54463,Bandikui - Rishikesh Passenger,Pass,,,ogd2017
54464,Rishikesh - Bandikui Passenger,Pass,,,ogd2017
54465,Farrukhabad - Tundla Passenger,Pass,,,ogd2017
54466,Tundla - Farrukhabad Passenger,Pass,,,ogd2017
54467,Tundla Barhan Etah Passenger,Pass,,,ogd2017
54468,Etah Tundla Passenger,Pass,,,ogd2017
54469,Tundla Barhan Etah Passenger,Pass,,,ogd2017
54470,Etah Tundla Passenger,Pass,,,ogd2017
54471,Delhi Rishikesh Passenger,Pass,,,ogd2017
54472,Rishikesh Delhi Passenger,Pass,,,ogd2017
54473,Delhi Saharanpur Passenger,Pass,,,ogd2017
54474,Saharanpur Delhi Passenger,Pass,,,ogd2017
54475,Haridwar Passenger,Pass,,,ogd2017
54476,Haridwar Delhi Passenger,Pass,,,ogd2017
54481,Haridwar Rishikesh Passenger,Pass,,,ogd2017
54482,Rishikesh Haridwar Passenger,Pass,,,ogd2017
54483,Haridwar Rishikesh Passenger,Pass,,,ogd2017
54484,Rishikesh Haridwar Passenger,Pass,,,ogd2017
54485,Haridwar Rishikesh Passenger,Pass,,,ogd2017
54486,Rishikesh Haridwar Passenger,Pass,,,ogd2017
54531,Ambala Kalka Shuttle,Pass,,,ogd2017
54532,Ambala Kalka Passenger,Pass,,,ogd2017
54539,Nizamuddin Ambala Passenger,Pass,,,ogd2017
54540,Ambala Delhi Passenger,Pass,,,ogd2017
54541,Meerut Ambala Pass,Pass,,,ogd2017
54542,Ambala Meerut Pass,Pass,,,ogd2017
54551,Ambala Bhatinda Passenger,Pass,,,ogd2017
54552,Bhatinda Ambala Passenger,Pass,,,ogd2017
54553,Ambala Dhuri Passenger,Pass,,,ogd2017
54555,Dhuri Bathinda Passenger,Pass,,,ogd2017
54556,Bhatinda Ambala Passenger,Pass,,,ogd2017
54557,Ambala Patiala Passenger,Pass,,,ogd2017
54558,Patiala Ambala Passenger,Pass,,,ogd2017
54559,Bathinda Fazilka (Via Abohar) Passenger,Pass,,,ogd2017
54560,Fazilka Bathinda (Via Abohar) Passenger,Pass,,,ogd2017
54561,Firozpur Bhatinda Passenger,Pass,,,ogd2017
54562,Firozpur Bhatinda Passenger,Pass,,,ogd2017
54563,Firozpur Bhatinda Passenger,Pass,,,ogd2017
54564,Firozpur Bhatinda Passenger,Pass,,,ogd2017
54571,Ludhiana Firozpur Passenger,Pass,,,ogd2017
54572,Ludhiana Ferozpur Passenger,Pass,,,ogd2017
54575,Lohian Khas Ludhiana Passenger,Pass,,,ogd2017
54576,Lohian Khas Ludhiana Passenger,Pass,,,ogd2017
54581,Nangal Dam Una Himachal Passenger,Pass,Daily,wikipedia,ogd2017
54582,Una Nangal Dam Passenger,Pass,Daily,wikipedia,ogd2017
54601,Hisar Amritsar Passenger,Pass,,,ogd2017
54602,Amritsar Hisar Passenger,Pass,,,ogd2017
54603,Hisar Ludhiana Passenger,Pass,,,ogd2017
54604,Ludhiana Hisar Passenger,Pass,,,ogd2017
54605,Hisar Ludhiana Passenger,Pass,,,ogd2017
54606,Ludhiana Hisar Passenger,Pass,,,ogd2017
54611,Amritsar Batala Pathankot Dmu,Pass,,,ogd2017
54612,Amritsar Batala Pathankot,Pass,,,ogd2017
54613,Amritsar Pathankot Dmu,Pass,,,ogd2017
54614,Amritsar Batala Pathankot Passenger,Pass,,,ogd2017
54615,Amritsar Pathankot Dmu,Pass,,,ogd2017
54616,Amritsar Batala Pathankot Dmu,Pass,,,ogd2017
54621,Jalandhar Pathankot Passenger,Pass,,,ogd2017
54622,Pathankot Jalandhar Passenger,Pass,,,ogd2017
54625,Jaijon Doaba Jalandhar Passenger,Pass,,,ogd2017
54626,Jalandhar Jaijon Doaba Passenger,Pass,,,ogd2017
54631,Dhuri Jakhal Hisar Passenger,Pass,,,ogd2017
54632,Dhuri Hisar Passenger,Pass,,,ogd2017
54633,Hisar Ludhiana Passenger,Pass,,,ogd2017
54634,Ludhiana Hisar Passenger,Pass,,,ogd2017
54635,Hisar Ludhiana Passenger,Pass,,,ogd2017
54636,Ludhiana Hisar Passenger,Pass,,,ogd2017
54637,Hoshiarpur-Jalandhar City Dmu,Pass,,,ogd2017
54638,Jalandhar City Hoshiarpur Dmu,Pass,,,ogd2017
54641,Delhi - Firozpur Passenger,Pass,,,ogd2017
54642,Firozpur - Delhi Passenger,Pass,,,ogd2017
54643,Jalandhar City - Firozpur Cant Passenger,Pass,,,ogd2017
54644,Firozpur Cant - Jalandhar City Passenger,Pass,,,ogd2017
54645,Ludhiana Firozpur Passenger,Pass,,,ogd2017
54646,Ludhiana Firozpur Passenger,Pass,,,ogd2017
54651,Jammu Tawi – Udhampur DEMU,DEMU,,,ogd2017
54654,Udhampur Jammu Passenger,Pass,,,ogd2017
54701,Bhatinda Lalgarh Passenger,Pass,,,ogd2017
54702,Bikaner Abohar Passenger,Pass,,,ogd2017
54703,Abohar Jodhpur passenger,Pass,,,ogd2017
54704,Jodhpur Bhatinda Passenger,Pass,,,ogd2017
54751,Rewari Shri Ganganagar,Pass,,,ogd2017
54752,Shri Ganganagar Rewari,Pass,,,ogd2017
54753,Bhatinda Shri Ganganagar Passenger,Pass,,,ogd2017
54754,Shri Ganganagar Bhatinda Passenger,Pass,,,ogd2017
54755,Bhatinda Shri Ganganagar Passenger,Pass,,,ogd2017
54756,Sriganganagar Bathinda Passenger,Pass,,,ogd2017
54757,Ambala Cantt. Shri Ganganagar Passenger,Pass,,,ogd2017
54758,Shri Ganganagar Bathinda Passenger,Pass,,,ogd2017
54759,Sriganganagar – Suratgarh Passenger,Pass,,,ogd2017
54760,Suratgarh – Sriganganagar Passenger,Pass,,,ogd2017
54761,Sriganganagar – Suratgarh Passenger,Pass,,,ogd2017
54762,Suratgarh – Sriganganagar Passenger,Pass,,,ogd2017
54763,Sadulpur – Sriganganagar Passenger,Pass,,,ogd2017
54764,Sriganganagar – Sadulpur Passenger,Pass,,,ogd2017
54765,Dhuri – Bathinda Passenger,Pass,,,ogd2017
54766,Bathinda – Dhuri Passenger,Pass,,,ogd2017
54781,Bhatinda Rewari Passenger,Pass,,,ogd2017
54782,Rewari Bhatinda Passenger,Pass,,,ogd2017
54783,Fazilka Rewari Passenger,Pass,,,ogd2017
54784,Rewari Fazilka Passenger,Pass,,,ogd2017
54785,Firozpur Fazilka Passenger,Pass,,,ogd2017
54786,Fazilka Fir Passenger,Pass,,,ogd2017
54787,Bhiwani Rewari Passenger,Pass,,,ogd2017
54788,Rewari Bhiwani Passenger,Pass,,,ogd2017
54789,Rewari – Bikaner Passenger,Pass,,,ogd2017
54790,Bikaner – Rewari Passenger,Pass,,,ogd2017
54791,Mathura Alwar Bhiwani Passenger,Pass,Daily,wikipedia,ogd2017
54792,Bhiwani Mathura Passenger,Pass,Daily,wikipedia,ogd2017
54793,Sawai Madhopur Mathura Passenger,Pass,Daily,wikipedia,ogd2017
54794,Mathura Bayana Passenger,Pass,Daily,wikipedia,ogd2017
54803,Jodhpur - Ahmedabad Passenger,Pass,,,ogd2017
54804,Ahmedabad - Jodhpur Passenger,Pass,,,ogd2017
54805,Ahmedabad Ajmer Passenger,Pass,,,ogd2017
54806,Ajmer Ahmedabad Passenger,Pass,,,ogd2017
54809,Rewari-Degana Passenger,Pass,,,ogd2017
54810,Degana Rewari Pass,Pass,,,ogd2017
54813,Jodhpur Barmer Passenger,Pass,,,ogd2017
54819,Jaisalmer - Jodhpur Passenger,Pass,,,ogd2017
54820,Jodhpur - Jaisalmer Passenger,Pass,,,ogd2017
54822,Bhildi Jodhpur Passenger,Pass,,,ogd2017
54825,Jodhpur – Bilara Passenger,Pass,,,ogd2017
54826,Bilara – Jodhpur Passenger,Pass,,,ogd2017
54833,Jp Hsr Pass,Pass,,,ogd2017
54834,Hsr Jp Pass,Pass,,,ogd2017
54835,Hisar – Rewari Passenger,Pass,,,ogd2017
54836,Rewari – Hisar Passenger,Pass,,,ogd2017
54881,Barmer Munabao Passenger,Pass,,,ogd2017
54882,Munabao Barmer Passenger,Pass,,,ogd2017
55001,Gorakhpur Ayodhya Passenger,Pass,,,ogd2017
55002,Ayodhya Gorakhpur Passenger,Pass,,,ogd2017
55007,Hajipur Thawe Passenger,Pass,,,ogd2017
55008,Thawe Hajipur Passenger,Pass,,,ogd2017
55009,Bhatni Chhapra Passenger,Pass,,,ogd2017
55010,Chhapra Bhatni Passenger,Pass,,,ogd2017
55011,Siwan Gorakhpur Passenger,Pass,,,ogd2017
55012,Gorakhpur Siwan Passenger,Pass,,,ogd2017
55013,Chhapra Varanasi Passenger,Pass,,,ogd2017
55014,Manduadih Chhapra Passenger,Pass,,,ogd2017
55017,Chhapra-Mau Passenger,Pass,,,ogd2017
55018,Mau- Chhapra Passenger,Pass,,,ogd2017
55019,Chhapra Gorakhpur Passenger,Pass,,,ogd2017
55020,Gorakhpur Chhapra Passenger,Pass,,,ogd2017
55021,Samastipur Siwan InterCity Fast Passenger,Pass,,,ogd2017
55022,Siwan Samastipur Intercity Passenger,Pass,,,ogd2017
55025,Gorakhpur Gonda Passenger,Pass,,,ogd2017
55026,Gonda Gorakhpur Passenger,Pass,,,ogd2017
55027,Gorakhpur Gonda Passenger,Pass,,,ogd2017
55028,Gonda Gorakhpur Passenger,Pass,,,ogd2017
55029,Muzaffarpur Gorakhpur Passenger,Pass,,,ogd2017
55030,Lucknow Gonda Passenger,Pass,,,ogd2017
55031,Gonda Lucknow Passenger,Pass,,,ogd2017
55032,Lucknow Gonda Passenger,Pass,,,ogd2017
55033,Sitapur Gonda Passenger,Pass,,,ogd2017
55034,Gonda Sitapur Passenger,Pass,,,ogd2017
55035,Gonda - Sitapur Pass,Pass,,,ogd2017
55036,Sitapur -GONDA Pass,Pass,,,ogd2017
55037,Burhwal - Sitapur Pass,Pass,,,ogd2017
55038,Sitapur - Burhwal Pass,Pass,,,ogd2017
55041,Gorakhpur Nautanwa Pass,Pass,,,ogd2017
55042,Gorakhpur Hajipur Passenger,Pass,,,ogd2017
55043,Gorakhpur Nautanwa Passenger,Pass,,,ogd2017
55044,Nautanwa Gorakhpur Passenger,Pass,,,ogd2017
55045,Shahjehanpur Sitapur Passenger,Pass,,,ogd2017
55046,Shahjehanpur Sitapur Passenger,Pass,,,ogd2017
55049,Gonda Lucknow Passenger,Pass,,,ogd2017
55050,Lucknow-Gonda Passenger,Pass,,,ogd2017
55051,Gorakhpur – Nautanwa Passenger,Pass,,,ogd2017
55052,Nautanwa – Gorakhpur Passenger,Pass,,,ogd2017
55055,Kaptanganj – Gorakhpur Passenger,Pass,,,ogd2017
55056,Gorakhpur – Kaptanganj Passenger,Pass,,,ogd2017
55071,Narkatyaganj – Gorakhpur Passenger,Pass,,,ogd2017
55072,Gorakhpur – Narkatyaganj Passenger,Pass,,,ogd2017
55073,Narkatyaganj – Gorakhpur Passenger,Pass,,,ogd2017
55074,Gorakhpur – Narkatyaganj Passenger,Pass,,,ogd2017
55075,Siwan – Gorakhpur Passenger,Pass,,,ogd2017
55076,Gorakhpur – Siwan Passenger,Pass,,,ogd2017
55077,Gorakhpur – Barhni Passenger,Pass,,,ogd2017
55078,Barhni – Gorakhpur Passenger,Pass,,,ogd2017
55079,Bettiah – Gorakhpur Passenger,Pass,,,ogd2017
55080,Gorakhpur – Narkatyaganj Passenger,Pass,,,ogd2017
55081,Narkatyaganj – Gorakhpur Passenger,Pass,,,ogd2017
55082,Gorakhpur – Narkatyaganj Passenger,Pass,,,ogd2017
55101,Bhatani Barhaj Passenger,Pass,,,ogd2017
55102,Barhaj Bazar Bhatni Passenger,Pass,,,ogd2017
55103,Bhatani Barhaj Passenger,Pass,,,ogd2017
55104,Barhaj Bazar Bhatni Passenger,Pass,,,ogd2017
55105,Salempur – Barhaj Bazar Passenger,Pass,,,ogd2017
55106,Barhaj Bazar – Salempur Passenger,Pass,,,ogd2017
55107,Siwan Thawe Passenger,Pass,,,ogd2017
55108,Thawe Siwan Passenger,Pass,,,ogd2017
55109,Siwan Thawe Passenger,Pass,,,ogd2017
55110,Thawe Siwan Passenger,Pass,,,ogd2017
55111,Siwan Thawe Passenger,Pass,,,ogd2017
55112,Thawe Siwan Passenger,Pass,,,ogd2017
55113,Siwan Thawe Passenger,Pass,,,ogd2017
55114,Thawe Siwan Passenger,Pass,,,ogd2017
55115,Chhapra sv Passenger,Pass,,,ogd2017
55116,Siwan Chhapra Passenger,Pass,,,ogd2017
55119,Gorakhpur Varanasi Passenger,Pass,,,ogd2017
55120,Varanasi Gorakhpur Passenger,Pass,,,ogd2017
55122,Manduadih Bhatni Passenger,Pass,,,ogd2017
55123,Bhatani Manduadih Passenger,Pass,,,ogd2017
55125,Manduadih Allahabad Passenger,Pass,,,ogd2017
55126,Allahabad Varanasi Passenger,Pass,,,ogd2017
55127,Varanasi Allahabad Passenger,Pass,,,ogd2017
55128,Allahabad Manduadih Passenger,Pass,,,ogd2017
55129,Varanasi Allahabad Passenger,Pass,,,ogd2017
55130,Allahabad Varanasi Passenger,Pass,,,ogd2017
55131,Chhapra Varanasi Passenger,Pass,,,ogd2017
55132,Manduadih Chhapra Passenger,Pass,,,ogd2017
55133,Ballia Varanasi Passenger,Pass,,,ogd2017
55134,Manduadih Ballia Passenger,Pass,,,ogd2017
55135,Azamgarh Manduadih Pass,Pass,,,ogd2017
55136,Manduadih Azamgarh Pass,Pass,,,ogd2017
55137,Ballia Shahganj Passenger,Pass,,,ogd2017
55138,Shahganj Ballia Passenger,Pass,,,ogd2017
55139,Ballia Shahganj Passenger,Pass,,,ogd2017
55140,Shahganj Ballia Passenger,Pass,,,ogd2017
55141,Gorakhpur – Nautanwa Passenger,Pass,,,ogd2017
55142,Nautanwa Gorakhpur Passenger,Pass,,,ogd2017
55143,Aunrihar-Jaunpur Passenger,Pass,,,ogd2017
55144,Jaunpur-Aunrihar Passenger,Pass,,,ogd2017
55145,Salempur Barhaj Passenger,Pass,,,ogd2017
55146,Barhaj Bazar Salempur Passenger,Pass,,,ogd2017
55149,Gorakhpur Manduadih Passenger,Pass,,,ogd2017
55150,Manduadih-Gorakhpur Passenger,Pass,,,ogd2017
55159,Aunrihar- Jaunpur Passenger,Pass,,,ogd2017
55160,Jaunpur- Aunrihar Passenger,Pass,,,ogd2017
55163,Shahganj – Aunrihar Passenger,Pass,,,ogd2017
55164,Aunrihar – Shahganj Passenger,Pass,,,ogd2017
55165,Chhapra – Duraundha Passenger,Pass,,,ogd2017
55166,Duraundha – Chhapra Passenger,Pass,,,ogd2017
55167,Duraundha – Siwan Passenger,Pass,,,ogd2017
55168,Siwan – Duraundha Passenger,Pass,,,ogd2017
55169,Duraundha – Siwan Passenger,Pass,,,ogd2017
55170,Siwan – Duraundha Passenger,Pass,,,ogd2017
55171,Duraundha – Maharajganj Passenger,Pass,,,ogd2017
55172,Maharajganj – Duraundha Passenger,Pass,,,ogd2017
55173,Duraundha – Maharajganj Passenger,Pass,,,ogd2017
55174,Maharajganj – Duraundha Passenger,Pass,,,ogd2017
55175,Duraundha – Maharajganj Passenger,Pass,,,ogd2017
55176,Maharajganj – Duraundha Passenger,Pass,,,ogd2017
55177,Duraundha – Maharajganj Passenger,Pass,,,ogd2017
55178,Maharajganj – Duraundha Passenger,Pass,,,ogd2017
55179,Duraundha – Maharajganj Passenger,Pass,,,ogd2017
55180,Maharajganj – Duraundha Passenger,Pass,,,ogd2017
55181,Thawe – Chhapra Kacheri Passenger,Pass,,,ogd2017
55182,Chhapra Kacheri – Thawe Passenger,Pass,,,ogd2017
55183,Thawe – Chhapra Kacheri Passenger,Pass,,,ogd2017
55184,Chhapra Kacheri – Thawe Passenger,Pass,,,ogd2017
55207,Muzaffarpur Gorakhpur Passenger,Pass,,,ogd2017
55208,Narkatyaganj – Muzaffarpur Passenger,Pass,,,ogd2017
55209,Sonepur Gorakhpur Passenger,Pass,,,ogd2017
55211,Muzaffarpur Raxaul Passenger,Pass,,,ogd2017
55212,Raxaul Muzaffarpur Passenger,Pass,,,ogd2017
55213,Muzaffarpur – Narkatyaganj Passenger,Pass,,,ogd2017
55214,Narkatyaganj – Muzaffarpur Passenger,Pass,,,ogd2017
55215,Muzaffarpur – Patliputra Passenger,Pass,,,ogd2017
55216,Patliputra – Muzaffarpur Passenger,Pass,,,ogd2017
55217,Sonpur Chhapra Passenger,Pass,,,ogd2017
55218,Chhapra Sonpur Passenger,Pass,,,ogd2017
55220,Narkatyaganj – Muzaffarpur Passenger,Pass,,,ogd2017
55221,Katihar – Barauni Passenger,Pass,,,ogd2017
55222,Barauni – Katihar Passenger,Pass,,,ogd2017
55223,Katihar – Darbhanga Passenger,Pass,,,ogd2017
55224,Darbhanga – Katihar Passenger,Pass,,,ogd2017
55225,Muzaffarpur – Raxaul Passenger,Pass,,,ogd2017
55226,Raxaul – Muzaffarpur Passenger,Pass,,,ogd2017
55227,Samastipur – Muzaffarpur Passenger,Pass,,,ogd2017
55228,Muzaffarpur – Samastipur Passenger,Pass,,,ogd2017
55229,Barauni – Patliputra Passenger,Pass,,,ogd2017
55230,Patliputra – Barauni Passenger,Pass,,,ogd2017
55231,Begusarai Mokama Passenger,Pass,,,ogd2017
55232,Mokama Begusarai Passenger,Pass,,,ogd2017
55237,Barauni-Samastipur Passenger,Pass,,,ogd2017
55238,Samastipur-Barauni Passenger,Pass,,,ogd2017
55239,Samastipur Muzaffarpur Passenger,Pass,,,ogd2017
55240,Muzaffarpur-Samastipur Passenger,Pass,,,ogd2017
55301,Moradabad Kathgodam Passenger,Pass,,,ogd2017
55302,KGM-MB PASS.,Pass,,,ogd2017
55303,Moradabad - Kathgodam Pass,Pass,,,ogd2017
55304,Kathgodam - Moradabad Pass,Pass,,,ogd2017
55305,Moradabad - Ramnagar Fast Passenger,Pass,,,ogd2017
55306,Ramnagar - Moradabad Fast Passenger,Pass,,,ogd2017
55307,Moradabad - Ramnagar Passenger,Pass,,,ogd2017
55308,Ramnagar - Moradabad Passenger,Pass,,,ogd2017
55309,Moradabad - Ramnagar Passenger,Pass,,,ogd2017
55310,Ramnagar - Moradabad Passenger,Pass,,,ogd2017
55311,Moradabad - Kashipur Passenger,Pass,,,ogd2017
55312,Kashipur - Moradabad Passenger,Pass,,,ogd2017
55313,Kashipur Ramnagar Passenger,Pass,,,ogd2017
55314,Ramnagar Kashipur Passenger,Pass,,,ogd2017
55315,Lalkua Kashipur Passenger,Pass,,,ogd2017
55316,Kashipur Lalkuan Passenger,Pass,,,ogd2017
55317,Lalkua Kashipur Passenger,Pass,,,ogd2017
55318,Kashipur Lalkuan Passenger,Pass,,,ogd2017
55319,Lalkua Kashipur Passenger,Pass,,,ogd2017
55320,Kashipur Lalkuan Passenger,Pass,,,ogd2017
55321,Moradabad - Ramnagar Passenger,Pass,,,ogd2017
55322,Ramnagar - Varanasi Passenger,Pass,,,ogd2017
55323,Moradabad - Ramnagar Passenger,Pass,,,ogd2017
55324,Ramnagar - Moradabad Passenger,Pass,,,ogd2017
55325,Lucknow Kasganj Passenger,Pass,,,ogd2017
55326,Kasganj Lucknow Pass,Pass,,,ogd2017
55327,Kanpur Farrukhabad Passenger,Pass,,,ogd2017
55328,Farrukhabad Kanpur Passenger,Pass,,,ogd2017
55329,Shikohabad Farrukhabad Passenger,Pass,,,ogd2017
55330,Kasganj Shikohabad Passenger,Pass,,,ogd2017
55331,Farrukhabad Kasganj Passenger,Pass,,,ogd2017
55332,Kasganj Farrukhabad Passenger,Pass,,,ogd2017
55333,KasGanj-AgraFort Passenger,Pass,,,ogd2017
55334,Mathura-KasGanj Passenger,Pass,,,ogd2017
55335,Bareilly Lalkua Pass,Pass,,,ogd2017
55336,Lalkuan – Bareilly City Passenger,Pass,,,ogd2017
55337,Kasganj Achhnera Fast Passenger,Pass,,,ogd2017
55338,Achhnera Kasganj Fast Passenger,Pass,,,ogd2017
55339,KasGanj-Mathura Passenger,Pass,,,ogd2017
55340,Mathura – Kasganj Passenger,Pass,,,ogd2017
55341,KasGanj-Bharatpur Passenger,Pass,,,ogd2017
55342,Bte Ksj Pass,Pass,,,ogd2017
55343,Kasganj – Bareilly City Passenger,Pass,,,ogd2017
55344,Bareilly City – Kasganj Passenger,Pass,,,ogd2017
55345,Kasganj – Bareilly City Passenger,Pass,,,ogd2017
55346,Bareilly City – Kasganj Passenger,Pass,,,ogd2017
55347,Kasganj Mathura Passenger,Pass,,,ogd2017
55348,Lal Kuan - Bareilly City Passenger,Pass,,,ogd2017
55349,Bareilly City - Lal Kuan Passenger,Pass,,,ogd2017
55350,Lalkuan – Bareilly City Passenger,Pass,,,ogd2017
55351,Bareilly City – Lalkuan Passenger,Pass,,,ogd2017
55352,Lalkuan – Bareilly City Passenger,Pass,,,ogd2017
55353,Kasganj – Mathura Passenger,Pass,,,ogd2017
55354,Mathura – Kasganj Passenger,Pass,,,ogd2017
55355,Kasganj – Bareilly City Passenger,Pass,,,ogd2017
55356,Bareilly City – Kasganj Passenger,Pass,,,ogd2017
55357,Kasganj – Bareilly City Passenger,Pass,,,ogd2017
55358,Bareilly City – Kasganj Passenger,Pass,,,ogd2017
55359,Kasganj – Bareilly City Passenger,Pass,,,ogd2017
55360,Bareilly City – Kasganj Passenger,Pass,,,ogd2017
55361,Bareilly City – Pilibhit Passenger,Pass,,,ogd2017
55362,Pilibhit – Bareilly City Passenger,Pass,,,ogd2017
55363,Bareilly City – Pilibhit Passenger,Pass,,,ogd2017
55364,Pilibhit – Bareilly City Passenger,Pass,,,ogd2017
55365,Bareilly City – Pilibhit Passenger,Pass,,,ogd2017
55366,Pilibhit – Bareilly City Passenger,Pass,,,ogd2017
55367,Bareilly City – Pilibhit Passenger,Pass,,,ogd2017
55368,Pilibhit – Bareilly City Passenger,Pass,,,ogd2017
55369,Bareilly City – Pilibhit Passenger,Pass,,,ogd2017
55370,Pilibhit – Bareilly City Passenger,Pass,,,ogd2017
55371,Pilibhit – Majhola Pakarya Passenger,Pass,,,ogd2017
55372,Majhola Pakarya – Pilibhit Passenger,Pass,,,ogd2017
55373,Pilibhit – Majhola Pakarya Passenger,Pass,,,ogd2017
55374,Majhola Pakarya – Pilibhit Passenger,Pass,,,ogd2017
55375,Pilibhit – Majhola Pakarya Passenger,Pass,,,ogd2017
55376,Majhola Pakarya – Pilibhit Passenger,Pass,,,ogd2017
55421,Malda Town – Balurghat Passenger,Pass,,,ogd2017
55422,Balurghat – Malda Town Passenger,Pass,,,ogd2017
55465,Alipur Duar – Bamanhat Passenger,Pass,,,ogd2017
55466,Bamanhat – Alipur Duar Passenger,Pass,,,ogd2017
55467,Siliguri – Bamanhat Passenger,Pass,,,ogd2017
55468,Bamanhat – Siliguri Passenger,Pass,,,ogd2017
55513,Samastipur Jaynagar Passenger,Pass,,,ogd2017
55514,Jaynagar Samastipur Passenger,Pass,,,ogd2017
55517,Darbhanga Jaynagar Passenger,Pass,,,ogd2017
55518,Jaynagar-Darbhanga Passenger,Pass,,,ogd2017
55519,Darbhanga-Jaynagar Passenger,Pass,,,ogd2017
55520,Jaynagar Darbhanga Passenger,Pass,,,ogd2017
55525,Barauni-Samastipur Passenger,Pass,,,ogd2017
55526,Samastipur – Barauni Passenger,Pass,,,ogd2017
55527,Kamla Ganga,Pass,,,ogd2017
55528,Samastipur-Barauni Passenger,Pass,,,ogd2017
55533,Saharsa – Samastipur Passenger,Pass,,,ogd2017
55534,Samastipur – Saharsa Passenger,Pass,,,ogd2017
55537,Katihar-Samastipur Passenger,Pass,,,ogd2017
55538,Samastipur-Katihar Passenger,Pass,,,ogd2017
55539,Katihar Hajipur Passenger,Pass,,,ogd2017
55540,Hajipur-Katihar Passenger,Pass,,,ogd2017
55541,Hajipur-Fulwaria Passenger,Pass,,,ogd2017
55542,Phulwaria Hajipur Passenger,Pass,,,ogd2017
55549,Barauni-Hajipur Passenger,Pass,,,ogd2017
55550,Hajipur – Barauni Passenger,Pass,,,ogd2017
55553,Dauram Madhepura Samastipur Passenger,Pass,,,ogd2017
55554,Samastipur Dauram Madhepura Passenger,Pass,,,ogd2017
55555,Dauram Madhepura Samastipur Passenger,Pass,,,ogd2017
55556,Samastipur Dauram Madhepura Passenger,Pass,,,ogd2017
55559,Khagaria Samastipur Passenger,Pass,,,ogd2017
55560,Samastipur Khagaria Passenger,Pass,,,ogd2017
55563,Purniya – Saharsa Passenger,Pass,,,ogd2017
55564,Saharsa – Purniya Passenger,Pass,,,ogd2017
55565,Saharsa Samastipur Passenger,Pass,,,ogd2017
55566,Samastipur Saharsa Passenger,Pass,,,ogd2017
55567,Saharsa Samastipur Passenger,Pass,,,ogd2017
55568,Samastipur Saharsa Passenger,Pass,,,ogd2017
55569,DauramMadhepura-Saharsa Passenger,Pass,,,ogd2017
55570,Saharsa-DauramMadhepura Passenger,Pass,,,ogd2017
55571,Purniya – Saharsa Passenger,Pass,,,ogd2017
55572,Saharsa – Purniya Passenger,Pass,,,ogd2017
55575,Darbhanga-Biraul Passenger,Pass,,,ogd2017
55576,Biraul-Darbhanga Passenger,Pass,,,ogd2017
55577,Sakri Biraul Passenger,Pass,,,ogd2017
55578,Biraul Sakri Passenger,Pass,,,ogd2017
55583,Purniya – Saharsa Passenger,Pass,,,ogd2017
55584,Saharsa – Purniya Passenger,Pass,,,ogd2017
55601,Guwahati – Lumding Passenger,Pass,,,ogd2017
55602,Lumding – Guwahati Passenger,Pass,,,ogd2017
55603,Guwahati Mairabari Passenger,Pass,,,ogd2017
55604,Mairabari Guwahati Passenger,Pass,,,ogd2017
55615,Guwahati – Bhasha Shahid Passenger,Pass,,,ogd2017
55616,Bhasha Shahid – Guwahati Passenger,Pass,,,ogd2017
55661,Maishashan – Bhasha Shahid Passenger,Pass,,,ogd2017
55662,Bhasha Shahid – Maishashan Passenger,Pass,,,ogd2017
55663,Agartala – Bhasha Shahid Passenger,Pass,,,ogd2017
55664,Bhasha Shahid – Agartala Passenger,Pass,,,ogd2017
55665,Bhasha Shahid – Vangaichungpao Passenger,Pass,,,ogd2017
55666,Jiribam – Bhasha Shahid Passenger,Pass,,,ogd2017
55667,Bhasha Shahid – Bairabi Passenger,Pass,,,ogd2017
55668,Bairabi – Bhasha Shahid Passenger,Pass,,,ogd2017
55675,Agartala – Dharmanagar Passenger,Pass,,,ogd2017
55676,Dharmanagar – Agartala Passenger,Pass,,,ogd2017
55677,Bhasha Shahid – Dharmanagar Passenger,Pass,,,ogd2017
55678,Dharmanagar – Bhasha Shahid Passenger,Pass,,,ogd2017
55679,Agartala – Dharmanagar Passenger,Pass,,,ogd2017
55680,Dharmanagar – Agartala Passenger,Pass,,,ogd2017
55681,Udaipur – Agartala Passenger,Pass,,,ogd2017
55682,Agartala – Udaipur Passenger,Pass,,,ogd2017
55683,Udaipur – Agartala Passenger,Pass,,,ogd2017
55684,Agartala – Udaipur Passenger,Pass,,,ogd2017
55685,Maishashan – Bhasha Shahid Passenger,Pass,,,ogd2017
55686,Bhasha Shahid – Maishashan Passenger,Pass,,,ogd2017
55687,Dullabcherra – Bhasha Shahid Passenger,Pass,,,ogd2017
55688,Bhasha Shahid – Dullabcherra Passenger,Pass,,,ogd2017
55689,Dullabcherra – Badarpur Passenger,Pass,,,ogd2017
55690,Badarpur – Dullabcherra Passenger,Pass,,,ogd2017
55701,Malda Town – Katihar Passenger,Pass,,,ogd2017
55702,Katihar – Malda Town Passenger,Pass,,,ogd2017
55703,Malda Court – Katihar Passenger,Pass,,,ogd2017
55704,Katihar – Malda Court Passenger,Pass,,,ogd2017
55707,Radhikapur Katihar Passenger,Pass,,,ogd2017
55708,Katihar Radhikapur Passenger,Pass,,,ogd2017
55709,Singhabad – Old Malda Passenger,Pass,,,ogd2017
55710,Old Malda – Singhabad Passenger,Pass,,,ogd2017
55711,Malda Town New Jalpaiguri Passenger,Pass,,,ogd2017
55712,New Jalpaiguri Malda Town Passenger,Pass,,,ogd2017
55713,New Jalpaiguri - Dekargaon Pass,Pass,,,ogd2017
55714,Dekargaon - New Jalpaiguri Pass,Pass,,,ogd2017
55719,Dekargaon – Bhalukpong Passenger,Pass,,,ogd2017
55720,Bhalukpong – Dekargaon Passenger,Pass,,,ogd2017
55721,Malda Town Balurghat Passenger,Pass,,,ogd2017
55722,Balurghat Malda Town Passenger,Pass,,,ogd2017
55725,New Jalpaiguri Alipurduar Passenger,Pass,,,ogd2017
55726,Alipur Duar New Jalpaiguri Passenger,Pass,,,ogd2017
55727,Katihar Radhikapur Passenger,Pass,,,ogd2017
55728,Radhikapur Katihar Passenger,Pass,,,ogd2017
55729,Katihar Radhikapur Passenger,Pass,,,ogd2017
55730,Radhikapur Katihar Passenger,Pass,,,ogd2017
55733,Katihar Jogbani Passenger,Pass,,,ogd2017
55734,Jogbani Katihar Passenger,Pass,,,ogd2017
55735,Katihar Jogbani Passenger,Pass,,,ogd2017
55736,Jogbani Katihar Passenger,Pass,,,ogd2017
55740,Jogbani Katihar Passenger,Pass,,,ogd2017
55741,Katihar Jogbani Fast Passenger,Pass,,,ogd2017
55742,Jogbani Katihar Passenger,Pass,,,ogd2017
55743,Katihar Jogbani Passenger,Pass,,,ogd2017
55744,Jogbani Katihar Passenger,Pass,,,ogd2017
55749,New Jalpaiguri Haldibari Passenger,Pass,,,ogd2017
55750,Haldibari New Jalpaiguri Passenger,Pass,,,ogd2017
55751,New Jalpaiguri Haldibari Passenger,Pass,,,ogd2017
55752,Haldibari New Jalpaiguri Passenger,Pass,,,ogd2017
55753,Alipur Duar - Guwahati Sifung Pass,Pass,,,ogd2017
55754,Guwahati - Alipur Duar Sifung Pass,Pass,,,ogd2017
55755,Manihari Katihar Pass,Pass,,,ogd2017
55756,Katihar Manihari Pass,Pass,,,ogd2017
55763,Katihar – Jogbani Passenger,Pass,,,ogd2017
55764,Jogbani – Katihar Passenger,Pass,,,ogd2017
55769,Malda Court – Katihar Passenger,Pass,,,ogd2017
55770,Katihar – Malda Court Passenger,Pass,,,ogd2017
55771,Malda Court – Buniadpur Passenger,Pass,,,ogd2017
55772,Buniadpur – Malda Court Passenger,Pass,,,ogd2017
55801,Manas Rhino Passenger,Pass,Daily,wikipedia,ogd2017
55802,Manas Rhino Passenger,Pass,Daily,wikipedia,ogd2017
55803,New Bongaigaon – Guwahati Passenger,Pass,,,ogd2017
55804,Guwahati – New Bongaigaon Passenger,Pass,,,ogd2017
55809,New Bongaigaon Guwahati Passenger,Pass,,,ogd2017
55810,Guwahati New Bongaigaon Passenger,Pass,,,ogd2017
55811,Guwahati Lumding Passenger,Pass,,,ogd2017
55812,Lumding Guwahati Passenger,Pass,,,ogd2017
55813,Dekargaon – Murkongselek Passenger,Pass,,,ogd2017
55814,Murkongselek – Dekargaon Passenger,Pass,,,ogd2017
55817,Chaparmukh Silghat Town Passenger,Pass,,,ogd2017
55818,Silghat Town- Chaparmukh Passenger,Pass,,,ogd2017
55819,Mendipathar – Guwahati Passenger,Pass,Daily,wikipedia,ogd2017
55820,Guwahati – Mendipathar Passenger,Pass,Daily,wikipedia,ogd2017
55823,Rangpara North – Dekargaon Passenger,Pass,,,ogd2017
55824,Dekargaon – Rangpara North Passenger,Pass,,,ogd2017
55861,Rangiya – Dekargaon Passenger,Pass,,,ogd2017
55862,Dekargaon – Rangiya Passenger,Pass,,,ogd2017
55893,Rangiya – Rangpara North Passenger,Pass,"Mon,Tue,Wed,Thu,Fri,Sat",wikipedia,ogd2017
55894,Rangpara North – Rangiya Passenger,Pass,"Mon,Tue,Wed,Thu,Fri,Sat",wikipedia,ogd2017
55895,Rangiya – Murkongselek Passenger,Pass,,,ogd2017
55896,Murkongselek – Rangiya Passenger,Pass,,,ogd2017
55901,Lumding Tinsukia Passenger,Pass,,,ogd2017
55902,Tinsukia Lumding Passenger,Pass,,,ogd2017
55903,Furkating Mariani Passenger,Pass,,,ogd2017
55904,Mariani Furkating Passenger,Pass,,,ogd2017
55909,Simaluguri – Dibrugarh Town Passenger,Pass,,,ogd2017
55910,Dibrugarh Town – Simaluguri Passenger,Pass,,,ogd2017
55913,Jorhat Town Tinsukia Passenger,Pass,,,ogd2017
55914,Tinsukia Jorhat Town Passenger,Pass,,,ogd2017
56001,Chennai Arakkonam Passenger,Pass,,,ogd2017
56002,Arakkonam Chennai Passenger,Pass,,,ogd2017
56003,Arakkonam Chengalpattu Passenger,Pass,,,ogd2017
56004,Chengalpattu Arakkonam Passenger,Pass,,,ogd2017
56005,Arakkonam Chengulpattu Passenger,Pass,,,ogd2017
56006,Chengalpattu Arakkonam Passenger,Pass,,,ogd2017
56007,Arakkonam Katpadi Passenger,Pass,,,ogd2017
56008,Katpadi Arakkonam Passenger,Pass,,,ogd2017
56009,Arakkonam Vellore Cantt Passenger,Pass,,,ogd2017
56010,Vellore Cantt. Arakkonam Passenger,Pass,,,ogd2017
56011,Arakkonam Nandalur Passenger,Pass,,,ogd2017
56012,Nandalur Arakkonam Passenger,Pass,,,ogd2017
56013,Arakkonam-Vellore Cantt Passenger,Pass,,,ogd2017
56014,Vellore Cantt-Arakkonam Passenger,Pass,,,ogd2017
56033,Mayiladuthurai – Mannargudi Passenger,Pass,,,ogd2017
56034,Mannargudi – Mayiladuthurai Passenger,Pass,,,ogd2017
56035,Tiruchendur – Tirunelveli Passenger,Pass,,,ogd2017
56036,Tirunelveli – Tiruchendur Passenger,Pass,,,ogd2017
56037,Chennai Pondicherry Passenger,Pass,,,ogd2017
56038,Pondicherry Chennai Passenger,Pass,,,ogd2017
56041,Tirupati-Pondicherry Passenger,Pass,,,ogd2017
56042,Puducherry-Tirupati Passenger,Pass,,,ogd2017
56043,Guruvayur Thrissur Passenger,Pass,,,ogd2017
56044,Thrissur Guruvayur Passenger,Pass,,,ogd2017
56100,Erode - Metur Dam Passenger,Pass,,,ogd2017
56101,Metur Dam - Erode Passenger,Pass,,,ogd2017
56102,Salem Mtdm Passenger,Pass,,,ogd2017
56103,Mettur Dam Salem Passenger,Pass,,,ogd2017
56105,Salem – Karur Passenger,Pass,,,ogd2017
56106,Karur – Salem Passenger,Pass,,,ogd2017
56107,Salem – Karur Passenger,Pass,,,ogd2017
56108,Karur – Salem Passenger,Pass,,,ogd2017
56109,Tiruchchirappalli – Erode Passenger,Pass,,,ogd2017
56110,Erode – Tiruchchirappalli Passenger,Pass,,,ogd2017
56111,Jolarpettai – Erode Passenger,Pass,,,ogd2017
56112,Erode – Jolarpettai Passenger,Pass,,,ogd2017
56113,Mayiladuthurai – Tiruchchirappalli Passenger,Pass,,,ogd2017
56114,Tiruchchirappalli – Mayiladuthurai Passenger,Pass,,,ogd2017
56115,Mayiladuthurai – Thanjavur Passenger,Pass,,,ogd2017
56116,Thanjavur – Mayiladuthurai Passenger,Pass,,,ogd2017
56136,Mettupalayam-Ooty Passenger,Pass,,,ogd2017
56137,Ooty-Mettupalayam Passenger,Pass,,,ogd2017
56138,Coonoor Udagamandalam Passenger,Pass,,,ogd2017
56139,Coonoor Passenger,Pass,,,ogd2017
56140,Udagamandalam Coonoor Passenger,Pass,,,ogd2017
56141,Coonoor Udagamandalam Passenger,Pass,,,ogd2017
56142,(Ooty)Udagamandalam Coonoor Passenger,Pass,,,ogd2017
56143,Udhagamandalam Passenger,Pass,,,ogd2017
56144,Coimbatore Mettupalaiyam Passenger,Pass,,,ogd2017
56145,Mettupalaiyam Coimbatore Passenger,Pass,,,ogd2017
56146,Coimbatore-Mettupalayam Passenger,Pass,,,ogd2017
56147,Mettupalayam-Coimbatore Passenger,Pass,,,ogd2017
56148,CoimbatoreMettupalayam Passenger,Pass,,,ogd2017
56149,MettupalayamCoimbatore Passenger,Pass,,,ogd2017
56150,CoimbatoreMettupalayam Passenger,Pass,,,ogd2017
56151,MettupalayamCoimbatore Passenger,Pass,,,ogd2017
56201,Chamrajnagar Mysore Passenger,Pass,,,ogd2017
56202,Mysore Chamrajnagar passenger,Pass,,,ogd2017
56203,Chamarajnagar Mysore passenger,Pass,,,ogd2017
56204,Mysore Chamrajnagar Passenger,Pass,,,ogd2017
56205,Nanjangud Mysore Passenger,Pass,,,ogd2017
56206,Nanjangud Mysore Passenger,Pass,,,ogd2017
56207,Chamarajanagar – Mysore Passenger,Pass,,,ogd2017
56208,Mysore – Chamarajanagar Passenger,Pass,,,ogd2017
56209,Chamrajnagar Mysore Passenger,Pass,,,ogd2017
56210,Mysore Chamrajnagar passenger,Pass,,,ogd2017
56215,Yesvantpur – Mysore Passenger,Pass,,,ogd2017
56216,Mysore – Yesvantpur Passenger,Pass,,,ogd2017
56217,Talaguppa – Shimoga Town Passenger,Pass,,,ogd2017
56218,Shimoga Town – Talaguppa Passenger,Pass,,,ogd2017
56221,Bangalore Tumkur Passenger,Pass,,,ogd2017
56222,Tumkur Bangalore Passenger,Pass,,,ogd2017
56223,Bangalore Arisikere Passenger,Pass,,,ogd2017
56224,Arisikere Bangalore Passenger,Pass,,,ogd2017
56225,Bangalore Tumkur Passenger,Pass,,,ogd2017
56226,Tumkur Bangalore passenger,Pass,,,ogd2017
56227,Bangalore Shimoga Town Passenger,Pass,,,ogd2017
56228,Shimoga Bangalore Passenger,Pass,,,ogd2017
56231,Mysore Bangalore (PUSH-PULL) Passenger,Pass,,,ogd2017
56232,Bangalore Mysore (PUSH-PULL) Passenger(Shuttle),Pass,,,ogd2017
56237,Mysore Bangalore (PUSH-PULL) Passenger,Pass,,,ogd2017
56238,Bangalore Mysore (PUSH-PULL) Passenger,Pass,,,ogd2017
56241,Salem Yesvantpur passenger,Pass,,,ogd2017
56242,Yesvantpur Salem passenger,Pass,,,ogd2017
56261,Arakkonam - Bangalore Passenger,Pass,,,ogd2017
56262,Bangalore - Arakkonam Passenger,Pass,,,ogd2017
56263,Night Queen Passenger,Pass,,,ogd2017
56264,Night Queen Passenger,Pass,,,ogd2017
56265,Arsikere Mysore Passenger,Pass,,,ogd2017
56266,Mysore Arsikere Passenger,Pass,,,ogd2017
56267,Arsikere Mysore Passenger,Pass,Daily,wikipedia,ogd2017
56268,Mysore Arsikere Passenger,Pass,Daily,wikipedia,ogd2017
56269,Shimoga Mysore Passenger,Pass,,,ogd2017
56270,Mysore Shimoga Passenger,Pass,,,ogd2017
56271,Shimoga Birur Passenger,Pass,,,ogd2017
56272,Birur Shimoga Town Passenger,Pass,,,ogd2017
56273,Arsikere Hubli Passenger,Pass,,,ogd2017
56274,Hubli Arsikere Passenger,Pass,,,ogd2017
56275,Talaguppa – Mysore Passenger,Pass,,,ogd2017
56276,Mysore – Talaguppa Passenger,Pass,,,ogd2017
56277,Chikkamagaluru – Yesvantpur Passenger,Pass,,,ogd2017
56278,Yesvantpur – Chikkamagaluru Passenger,Pass,,,ogd2017
56281,Chamarajanagar – Krantivira Sangolli Rayanna Passenger,Pass,,,ogd2017
56282,Krantivira Sangolli Rayanna – Chamarajanagar Passenger,Pass,,,ogd2017
56300,Kollam Alappuzha Passenger,Pass,,,ogd2017
56301,Alappuzha Kollam Passenger,Pass,,,ogd2017
56302,Alappuzha Ernakulam Passenger,Pass,,,ogd2017
56303,Ernakulam Alappuzha Passenger,Pass,,,ogd2017
56304,Nagercoil Kottayam Passenger,Pass,,,ogd2017
56305,Kottayam Kollam Passenger,Pass,,,ogd2017
56307,Kollam Tiruvananthapuram Passenger,Pass,,,ogd2017
56308,Tiruvananthapuram Kollam Passenger,Pass,,,ogd2017
56309,Kollam Tiruvananthapuram Passenger,Pass,,,ogd2017
56310,Nagercoil Tiruvananthapuram Passenger,Pass,,,ogd2017
56311,Tiruvananthapuram Nagercoil Passenger,Pass,,,ogd2017
56313,Tiruvananthapuram Nagercoil Passenger,Pass,,,ogd2017
56315,Tiruvananthapuram Nagercoil Passenger,Pass,,,ogd2017
56316,Nagercoil Tiruvananthapuram Passenger,Pass,,,ogd2017
56317,Kochuveli Nagercoil Passenger,Pass,,,ogd2017
56318,Nagercoil Kochuveli Passenger,Pass,,,ogd2017
56319,Nagercoil Coimbatore Passenger,Pass,,,ogd2017
56320,Coimbatore Nagercoil Passenger,Pass,,,ogd2017
56323,Coimbatore Mangalore Fast Passenger,Pass,,,ogd2017
56324,Coimbatore Fast Passenger,Pass,,,ogd2017
56331,Punalur Kollam Passenger,Pass,,,ogd2017
56332,Kollam Punalur Passenger,Pass,,,ogd2017
56333,Punalur Kollam Passenger,Pass,,,ogd2017
56334,Kollam Punalur Passenger,Pass,,,ogd2017
56335,Punalur Kollam Passenger,Pass,,,ogd2017
56336,Kollam Punalur Passenger,Pass,,,ogd2017
56337,Punalur Kollam Passenger,Pass,,,ogd2017
56338,Kollam Punalur Passenger,Pass,,,ogd2017
56361,Shoranur – Ernakulam Passenger,Pass,,,ogd2017
56362,Ernakulam – Nilambur Road Passenger,Pass,,,ogd2017
56363,Nilambur Road – Ernakulam Passenger,Pass,,,ogd2017
56364,Ernakulam – Shoranur Passenger,Pass,,,ogd2017
56365,Guruvayur – Edamann Passenger,Pass,,,ogd2017
56366,Edamann – Guruvayur Passenger,Pass,,,ogd2017
56370,Ernakulam Guruvayur Passenger,Pass,,,ogd2017
56371,Guruvayur Ernakulam Passenger,Pass,,,ogd2017
56373,Guruvayur Thrissur Passenger,Pass,,,ogd2017
56374,Thrissur Guruvayur Passenger,Pass,,,ogd2017
56375,Guruvayur Ernakulam Passenger,Pass,,,ogd2017
56376,Ernakulam Guruvayur Passenger,Pass,,,ogd2017
56377,Allepey Kayankulam Passenger,Pass,,,ogd2017
56378,Kayankulam Alappuzha Passenger,Pass,,,ogd2017
56379,Ernakulam Alappuzha Passenger,Pass,,,ogd2017
56380,Kayankulam Ernakulam Passenger,Pass,,,ogd2017
56381,Ernakulam Kayankulam Passenger,Pass,,,ogd2017
56382,Kayankulam Ernakulam Passenger,Pass,,,ogd2017
56383,Ernakulam Kayankulam Passenger,Pass,,,ogd2017
56384,Alappuzha Ernakulam Passenger,Pass,,,ogd2017
56385,Ernakulam Kottayam Passenger,Pass,,,ogd2017
56386,Kottayam Ernakulam Passenger,Pass,,,ogd2017
56387,Ernakulam Kayamkulam Passenger,Pass,,,ogd2017
56388,Kayamkulam – Ernakulam Passenger,Pass,,,ogd2017
56389,Ernakulam Kottayam Passenger,Pass,,,ogd2017
56390,Kottayam Ernakulam Passenger,Pass,,,ogd2017
56391,Ernakulam Kollam Passenger,Pass,,,ogd2017
56392,Kollam Ernakulam Passenger,Pass,,,ogd2017
56393,Kottayam Kollam Passenger,Pass,,,ogd2017
56394,Kollam Kottayam Passenger,Pass,,,ogd2017
56501,Vijayawada Hubli Passenger,Pass,,,ogd2017
56502,Hubli Vijayawada Passenger,Pass,,,ogd2017
56503,Yesvantapur-Vijayawada Passenger,Pass,,,ogd2017
56504,Vijayawada Yesvantapur Passenger,Pass,,,ogd2017
56505,Bangarpet Marikuppam Passenger,Pass,,,ogd2017
56506,Marikuppam Bangarapet Passenger,Pass,,,ogd2017
56507,Swarna passenger Marikuppam Bangalore,Pass,,,ogd2017
56508,Bangalore-Marikuppam Swarna Pass.,Pass,,,ogd2017
56509,Marikuppam Bangalore Passenger,Pass,,,ogd2017
56510,Bangalore Marikuppam passenger,Pass,,,ogd2017
56511,Bangarpet Marikuppam Passenger,Pass,,,ogd2017
56512,Marikuppam Bangarpet passenger,Pass,,,ogd2017
56513,Salem Bangalore passenger,Pass,,,ogd2017
56514,Bangalore Salem Passenger,Pass,,,ogd2017
56515,Bangalore City - Hubli Pass,Pass,,,ogd2017
56516,Hubli - Bangalore Cy Passenger,Pass,,,ogd2017
56517,Chitradurga Harihar Passenger,Pass,,,ogd2017
56518,Harihar Chitradurga Passenger,Pass,,,ogd2017
56519,Bangalore Chitradurga Passenger,Pass,,,ogd2017
56520,Chitradura Bangalore Passenger,Pass,,,ogd2017
56600,Kozhikode Shoranur Passenger,Pass,,,ogd2017
56601,Shoranur Kozhikode Passenger,Pass,,,ogd2017
56602,Kannur Shoranur Passenger,Pass,,,ogd2017
56603,Thrissur Kannur Passenger,Pass,,,ogd2017
56604,Shoranur Coimbatore Passenger,Pass,,,ogd2017
56605,Coimbatore Thrissur Passenger,Pass,,,ogd2017
56610,Nilambur Palakkad Passenger,Pass,,,ogd2017
56611,Palakkad Nilambur Passenger,Pass,,,ogd2017
56612,Nilambur Shoranur Passenger,Pass,,,ogd2017
56613,Shoranur Nilambur Fast Passenger,Pass,,,ogd2017
56614,Nilambur Road Shoranur Passenger,Pass,,,ogd2017
56616,Nilambur Shoranur Fast Passenger,Pass,,,ogd2017
56617,Shoranur Nilambur Passenger,Pass,,,ogd2017
56619,Shoranur Nilambur Passenger,Pass,,,ogd2017
56620,Nilambur Road Shoranur Pass,Pass,,,ogd2017
56621,Shoranur Nilambur Road Pass,Pass,,,ogd2017
56640,Mangalore-Verna Passenger,Pass,,,ogd2017
56641,Verna Mangalore Passenger,Pass,,,ogd2017
56642,Kabakaputtur Mangalore Passenger,Pass,,,ogd2017
56643,Kabakaputtur Passenger,Pass,,,ogd2017
56644,Kabakaputtur Mangalore Passenger,Pass,,,ogd2017
56645,Kabakaputtur Passenger,Pass,,,ogd2017
56646,Subramanya Road Mangalore Passenger,Pass,,,ogd2017
56647,Subrahmanya Road Passenger,Pass,,,ogd2017
56650,Kannur Coimbatore Fast Passenger,Pass,,,ogd2017
56651,Coimbatore Kannur Fast Passenger,Pass,,,ogd2017
56652,Kannur Kozhikkode Passenger,Pass,,,ogd2017
56653,Kozhikode Kannur Passenger,Pass,,,ogd2017
56654,Kozhikode Passenger,Pass,,,ogd2017
56655,Kannur Mangalore Passenger,Pass,,,ogd2017
56656,Kannur Passenger,Pass,,,ogd2017
56657,Calicut Kannur Passenger,Pass,,,ogd2017
56659,Kannur Charvattur Passenger,Pass,,,ogd2017
56661,Charvattur Mangalore Passenger,Pass,,,ogd2017
56663,Canara Bank – Kozhikode Passenger,Pass,,,ogd2017
56664,Kozhikode – Canara Bank Passenger,Pass,,,ogd2017
56665,Kasaragod – Mookambika Road Byndoor Passenger,Pass,,,ogd2017
56666,Mookambika Road Byndoor – Kasaragod Passenger,Pass,,,ogd2017
56700,Madurai-Kollam Passenger,Pass,,,ogd2017
56701,Madurai Passenger,Pass,,,ogd2017
56703,Tiruchchirapali - Dindigul Passenger,Pass,,,ogd2017
56704,Dindigul - Tiruchchirapali Passenger,Pass,,,ogd2017
56705,Villupuram - Madurai Passenger,Pass,,,ogd2017
56706,Madurai - Villupuram Passenger,Pass,,,ogd2017
56707,Dindigul Madurai Passenger,Pass,,,ogd2017
56708,Madurai Dindigul Passenger,Pass,,,ogd2017
56709,Dindigul Madurai Passenger,Pass,,,ogd2017
56710,Madurai Dindigul Passenger,Pass,,,ogd2017
56711,Nagore Trichy Passenger,Pass,,,ogd2017
56714,Tiruchirapalli Nagore Passenger,Pass,,,ogd2017
56715,Punalur – Kanniyakumari Passenger,Pass,,,ogd2017
56716,Kanniyakumari – Punalur Passenger,Pass,,,ogd2017
56717,Kanniyakumari – Tirunelveli Passenger,Pass,,,ogd2017
56718,Tirunelveli – Nagercoil Passenger,Pass,,,ogd2017
56719,Nagercoil – Kanniyakumari Passenger,Pass,,,ogd2017
56721,Madurai Rameswaram Passenger,Pass,,,ogd2017
56722,Rameswaram Madurai Passenger,Pass,,,ogd2017
56723,Madurai Rameswaram Passenger,Pass,,,ogd2017
56724,Rameswaram Madurai Passenger,Pass,,,ogd2017
56725,Madurai Rameswaram Passenger,Pass,,,ogd2017
56726,Rameswaram Madurai Passenger,Pass,,,ogd2017
56731,Madurai - Sengottai Passenger,Pass,,,ogd2017
56732,Sengottai - Madurai Passenger,Pass,,,ogd2017
56733,Madurai - Sengottai Passenger,Pass,,,ogd2017
56734,Sengottai - Madurai Passenger,Pass,,,ogd2017
56735,Madurai - Sengottai Passenger,Pass,,,ogd2017
56736,Sengottail Madurai Passenger,Pass,,,ogd2017
56741,Tuticorin – Tirunelveli Passenger,Pass,,,ogd2017
56742,Tirunelveli – Tuticorin Passenger,Pass,,,ogd2017
56761,Tirunelveli Tiruchendur Passenger,Pass,,,ogd2017
56762,Tiruchendur Tirunelveli Passenger,Pass,,,ogd2017
56763,Tirunelveli Tiruchendur Passenger,Pass,,,ogd2017
56764,Tiruchendur Tirunelveli Passenger,Pass,,,ogd2017
56765,Tirunelveli Tiruchendur Passenger,Pass,,,ogd2017
56766,Tiruchendur Tirunelveli Passenger,Pass,,,ogd2017
56767,Tuticorin Tiruchendur Passenger,Pass,,,ogd2017
56768,Tiruchendur Tuticorin Passenger,Pass,,,ogd2017
56769,Palakkad – Tiruchendur Passenger,Pass,,,ogd2017
56770,Tiruchendur – Palakkad Passenger,Pass,,,ogd2017
56796,Sengottai – Tirunelveli Passenger,Pass,,,ogd2017
56797,Tirunelveli – Bhagavathipuram Passenger,Pass,,,ogd2017
56798,Bhagavathipuram – Tirunelveli Passenger,Pass,,,ogd2017
56799,Tirunelveli – Sengottai Passenger,Pass,,,ogd2017
56800,Sengottai – Tirunelveli Passenger,Pass,,,ogd2017
56801,Tirunelveli – Sengottai Passenger,Pass,,,ogd2017
56802,Sengottai – Tirunelveli Passenger,Pass,,,ogd2017
56803,Tirunelveli – Sengottai Passenger,Pass,,,ogd2017
56811,Mayiladuturai Tiruchchirapalli Passenger,Pass,,,ogd2017
56812,Tiruchchirapalli Mayiladuturai Passenger,Pass,,,ogd2017
56819,Kumbakonam – Thanjavur Passenger,Pass,,,ogd2017
56820,Thanjavur – Kumbakonam Passenger,Pass,,,ogd2017
56821,Mayiladuturai - Dindigul Passenger,Pass,,,ogd2017
56822,Dindigul - Mayiladuturai Passenger,Pass,,,ogd2017
56823,Mayiladuturai Tiruchchirapalli Passenger,Pass,,,ogd2017
56824,Tiruchchirapalli Mayiladuturai Passenger,Pass,,,ogd2017
56825,Erode Tirunelveli Passenger,Pass,,,ogd2017
56826,Tirnunelveli Erode Passenger,Pass,,,ogd2017
56829,Tiruchchirapalli Rameswaram Passenger,Pass,,,ogd2017
56830,Rameswaram Trichy Passenger,Pass,,,ogd2017
56839,Jolarpettai Erode Passenger,Pass,,,ogd2017
56840,Erode Jolarpettai Passenger,Pass,,,ogd2017
56841,Tiruchchirapalli Erode Passenger,Pass,,,ogd2017
56842,Erode Tiruchchirapalli Passenger,Pass,,,ogd2017
56843,Tiruchchirapalli Erode Passenger,Pass,,,ogd2017
56844,Erode-Tiruchchirapalli Passenger,Pass,,,ogd2017
56845,Jolarpettai Erode Passenger,Pass,,,ogd2017
56846,Erode Jolarpettai Passenger,Pass,,,ogd2017
56859,Tambaram Villupuram Passenger,Pass,,,ogd2017
56860,Villupuram Tambaram Passenger,Pass,,,ogd2017
56861,Villupuram-Puducherry Passenger,Pass,,,ogd2017
56862,Puducherry-Villupuram Passenger,Pass,,,ogd2017
56863,Villupuram-Puducherry Passenger,Pass,,,ogd2017
56864,Puducherry-Villupuram Passenger,Pass,,,ogd2017
56865,Puducherry-Villupuram Passenger,Pass,,,ogd2017
56866,Puducherry-Villupuram Passenger,Pass,,,ogd2017
56871,Mayiladuthurai – Thiruvarur Passenger,Pass,,,ogd2017
56872,Thiruvarur – Mayiladuthurai Passenger,Pass,,,ogd2017
56873,Villupuram Mayiladuthurai Passenger,Pass,,,ogd2017
56874,Mayiladuthurai Villupuram Passenger,Pass,,,ogd2017
56875,Viluppuram – Mayiladuthurai Passenger,Pass,,,ogd2017
56876,Mayiladuthurai – Viluppuram Passenger,Pass,,,ogd2017
56877,Villupuram-Mayiladuthurai Passenger,Pass,,,ogd2017
56878,Mayiladuthurai-Villupuram Passenger,Pass,,,ogd2017
56879,Mayiladuthurai – Thiruvarur Passenger,Pass,,,ogd2017
56880,Thiruvarur – Mayiladuthurai Passenger,Pass,,,ogd2017
56881,Katpadi – Viluppuram Passenger,Pass,,,ogd2017
56882,Viluppuram – Tirupati Passenger,Pass,,,ogd2017
56883,Katpadi – Viluppuram Passenger,Pass,,,ogd2017
56884,Viluppuram – Tirupati Passenger,Pass,,,ogd2017
56885,Tirupati – Viluppuram Passenger,Pass,,,ogd2017
56886,Viluppuram – Katpadi Passenger,Pass,,,ogd2017
56889,Tiruvarur Tiruturaipudi Passenger,Pass,,,ogd2017
56902,Dharwar Hubil Passenger,Pass,,,ogd2017
56903,Solapur - Dharwar Passenger,Pass,,,ogd2017
56904,Dharwar Solapur Passenger,Pass,,,ogd2017
56905,Solapur-Hubli Passenger,Pass,,,ogd2017
56906,Hubli - Solapur Passenger,Pass,,,ogd2017
56907,Hubli Dharwar Passenger,Pass,,,ogd2017
56909,Bangalore Hospet Passenger,Pass,,,ogd2017
56910,Bangalore Passenger,Pass,,,ogd2017
56911,Bangalore Hubli passenger,Pass,,,ogd2017
56912,Hubli Bangalore Passenger,Pass,,,ogd2017
56913,Bangalore Hubli Fast Passenger,Pass,,,ogd2017
56914,Hubli Bangalore passenger,Pass,,,ogd2017
56915,Hubli Passenger Slip,Pass,,,ogd2017
56916,Hubli Chikjajur Passenger,Pass,,,ogd2017
56917,Bangalore Shimoga Slip,Pass,,,ogd2017
56918,Shimoga Bangalore Passenger,Pass,,,ogd2017
56921,Hubballi – Belagavi Passenger,Pass,,,ogd2017
56922,Belagavi – Hubballi Passenger,Pass,,,ogd2017
56925,Krantivira Sangolli Rayanna – Tumakuru Passenger,Pass,,,ogd2017
56926,Tumakuru – Krantivira Sangolli Rayanna Passenger,Pass,,,ogd2017
56961,Kulem - Vasco Dagama Passenger,Pass,,,ogd2017
56962,Vasco Dagama - Kulem Passenger,Pass,,,ogd2017
56963,Kulem - Vasco Da Gama Passenger,Pass,,,ogd2017
56964,Vasco Da Gama - Kulem Passenger,Pass,,,ogd2017
56965,Kulem - Vasco Da Gama Passenger,Pass,,,ogd2017
56966,Vasco Da Gama - Kulem Passenger,Pass,,,ogd2017
57121,Kazipet Balharshah Passenger,Pass,,,ogd2017
57122,Sirpur Town Kazipet Passenger,Pass,,,ogd2017
57123,Bhadrachalam Sirpur Kagaznagar Passenger,Pass,,,ogd2017
57124,Balharshah Bhadrachalam Passenger,Pass,,,ogd2017
57129,Bijapur-Bolarum Passenger,Pass,,,ogd2017
57130,Hyderabad Bijapur Passenger,Pass,,,ogd2017
57131,Bolarum Hyderabad Passenger,Pass,,,ogd2017
57133,Bijapur Raichur Passenger,Pass,,,ogd2017
57134,Raichur Bijapur Passenger,Pass,,,ogd2017
57135,Nagpur Kazipet Passenger,Pass,,,ogd2017
57136,Kazipet Nagpur Passenger,Pass,,,ogd2017
57145,Dornakal Bhadrachalam Passenger,Pass,,,ogd2017
57146,Bhadrachalam Dornakal Passenger,Pass,,,ogd2017
57155,Gulbarga-Hyderabad Passenger,Pass,,,ogd2017
57156,Hyderabad Gulbarga Passenger,Pass,,,ogd2017
57225,Vijayawada Visakhapatnam Passenger,Pass,,,ogd2017
57226,Visakhapatnam Vijayawada Passenger,Pass,,,ogd2017
57229,Machilipatnam Visakhapatnam Fast Passenger,Pass,,,ogd2017
57230,Visakhapatnam Machilipatnam Fast Passenger,Pass,,,ogd2017
57231,Vijayawada Kakinada Port Fast Passenger,Pass,,,ogd2017
57232,Kakinada Port Vijayawada Passenger,Pass,,,ogd2017
57237,Kazipet Vijayawada Passenger,Pass,,,ogd2017
57238,Vijaywada Kazipet Passenger,Pass,,,ogd2017
57239,Chennai Gudur Passenger,Pass,,,ogd2017
57240,Bitragunta Chennai Passenger,Pass,,,ogd2017
57241,Bitragunta Vijayawada Passenger,Pass,,,ogd2017
57242,Vijayawada bitragunta Passenger,Pass,,,ogd2017
57255,Kakinada Port – Visakhapatnam Passenger,Pass,,,ogd2017
57256,Visakhapatnam Kakinada Port passenger,Pass,,,ogd2017
57257,Tirupati Kakinada Port Passenger,Pass,,,ogd2017
57258,Kakinada Port Tirupati Passenger,Pass,,,ogd2017
57264,Narasapur Visakhapatnam (LINK) Passenger,Pass,,,ogd2017
57265,Visakhapatnam Narasapur (LINK) Passenger,Pass,,,ogd2017
57271,Rayagada Passenger,Pass,,,ogd2017
57272,Rayagada Vijayawada Passenger,Pass,,,ogd2017
57273,Hubli Tirupati InterCity Passenger,Pass,,,ogd2017
57274,Tirupati Hubli InterCity Passenger,Pass,,,ogd2017
57277,Gudur Vijayawada Passenger,Pass,,,ogd2017
57278,Vijayawada Bitragunta Passenger,Pass,,,ogd2017
57305,Kacheguda Guntur Fast Passenger,Pass,,,ogd2017
57306,Guntur Secunderabad Passenger,Pass,,,ogd2017
57307,Secunderabad Medchal Suburban,Pass,,,ogd2017
57308,Medchal Secunderabad Suburban,Pass,,,ogd2017
57317,Mcla Pass,Pass,,,ogd2017
57320,Gnt Pass,Pass,,,ogd2017
57323,Mcla Pass,Pass,,,ogd2017
57324,Ndkd Pass,Pass,,,ogd2017
57325,Kacheguda - Guntur Pass,Pass,,,ogd2017
57326,Guntur - Kacheguda Pass,Pass,,,ogd2017
57327,Dronachellam Guntur Passenger,Pass,,,ogd2017
57328,Guntur Dhone Passenger,Pass,,,ogd2017
57329,Pass,Pass,,,ogd2017
57330,Paas,Pass,,,ogd2017
57381,Guntur Narasapur Fast Passenger,Pass,,,ogd2017
57382,Guntur Passenger,Pass,,,ogd2017
57401,Tirupati – Katpadi Passenger,Pass,,,ogd2017
57402,Passenger,Pass,,,ogd2017
57403,Demu,DEMU,,,ogd2017
57404,Katpadi – Tirupati Passenger,Pass,,,ogd2017
57405,Passenger,Pass,,,ogd2017
57406,Passenger,Pass,,,ogd2017
57411,Tirupati Gudur Passenger,Pass,,,ogd2017
57412,Gudur Tirupati Fast Passenger,Pass,,,ogd2017
57425,Kacheguda Guntakal Passenger,Pass,,,ogd2017
57426,Gunatkal Secunderabad Passenger,Pass,,,ogd2017
57429,Tirupati Gudur Passenger,Pass,,,ogd2017
57430,Gudur Tirupati Passenger,Pass,,,ogd2017
57435,Kacheguda Kurnool Town Passenger,Pass,,,ogd2017
57436,Sc Pass,Pass,,,ogd2017
57447,Secunderabad Mahbubnagar Passenger,Pass,,,ogd2017
57448,Mahbubnagar Secunderabad Passenger,Pass,,,ogd2017
57451,Chikjajur Guntakal Passenger,Pass,,,ogd2017
57452,Guntakal Chikjajur Passenger,Pass,,,ogd2017
57456,Mahbubnagar Secunderabad Passenger,Pass,,,ogd2017
57473,Secunderabad Bodhan Passenger,Pass,,,ogd2017
57474,Bodhan Mahbubnagar Passenger,Pass,,,ogd2017
57475,Tirupati Guntakal Passenger,Pass,,,ogd2017
57476,Guntakal Tirupati Passenger,Pass,,,ogd2017
57477,Tirupati – Rayadurg Passenger,Pass,,,ogd2017
57478,Rayadurg – Tirupati Passenger,Pass,,,ogd2017
57486,Mirzapali Secunderabad Passenger,Pass,,,ogd2017
57501,Nizamabad Bodhan Passenger,Pass,,,ogd2017
57502,Bodhan Nizamabad Passenger,Pass,,,ogd2017
57503,Nizamabad Bodhan Passenger,Pass,,,ogd2017
57504,Bodhan Nizamabad Passenger,Pass,,,ogd2017
57512,Parbhani Purna Passenger,Pass,,,ogd2017
57515,Daund Nanded Passenger,Pass,,,ogd2017
57516,Nanded-Daund Junction Passenger,Pass,,,ogd2017
57517,Hyderabad-Tandur Passenger,Pass,,,ogd2017
57518,Tandur Bolarum Passenger,Pass,,,ogd2017
57521,Parli-Vaijnath – Purna Passenger,Pass,,,ogd2017
57522,Purna – Parli-Vaijnath Passenger,Pass,,,ogd2017
57539,Akola Parli Vaijnath Passenger,Pass,,,ogd2017
57540,Akola Passenger,Pass,,,ogd2017
57541,Nagarsol Nanded Passenger,Pass,,,ogd2017
57542,Nanded Manmad Passenger,Pass,,,ogd2017
57547,Hyderabad Purna Passenger,Pass,Daily,wikipedia,ogd2017
57548,Purna Hyderabad Passenger,Pass,Daily,wikipedia,ogd2017
57549,Hyderabad Aurangabad Passenger,Pass,Daily,wikipedia,ogd2017
57550,Aurangabad-Hyderabad Passenger,Pass,Daily,wikipedia,ogd2017
57551,Purna Adilabad Passenger,Pass,,,ogd2017
57552,Adilabad Purna Passenger,Pass,,,ogd2017
57553,Parli Vaijnath Adilabad Passenger,Pass,,,ogd2017
57554,Adilabad Parli Vaijnath Passenger,Pass,,,ogd2017
57557,Nizamabad Nanded Passenger,Pass,,,ogd2017
57558,Nanded Nizamabad Passenger,Pass,,,ogd2017
57561,Kacheguda Manmad Passenger,Pass,,,ogd2017
57562,Manmad - Kacheguda Passenger,Pass,,,ogd2017
57563,Hyderabad-Parbhani Pass,Pass,,,ogd2017
57564,Nanded Hyderabad Passenger,Pass,,,ogd2017
57581,Akola Purna Passenger,Pass,,,ogd2017
57582,Purna Akola Passenger,Pass,,,ogd2017
57583,Akola Purna Passenger,Pass,,,ogd2017
57584,Purna Akola Passenger,Pass,,,ogd2017
57590,Nsl Pass,Pass,,,ogd2017
57593,Kacheguda Nanded Passenger,Pass,,,ogd2017
57594,Nanded Kacheguda Passenger,Pass,,,ogd2017
57601,Kacheguda – Nizamabad Passenger,Pass,,,ogd2017
57602,Nizamabad – Kacheguda Passenger,Pass,,,ogd2017
57605,Secunderabad Vikarabad Passenger,Pass,,,ogd2017
57606,Vikarabad Secunderabad,Pass,,,ogd2017
57625,Kakatiya Fast Passenger,Pass,,,ogd2017
57626,Kakatiya Fast Passenger,Pass,,,ogd2017
57628,Gulbarga Solapur Passenger,Pass,,,ogd2017
57631,Solapur-Raichur Passenger,Pass,,,ogd2017
57632,Guntakal Gulbarga Passenger,Pass,,,ogd2017
57641,Solapur - Gadag Passenger,Pass,,,ogd2017
57642,Gadag - Solapur Passenger,Pass,,,ogd2017
57649,Gulbarga Wadi Passenger,Pass,,,ogd2017
57650,Wadi Solapur Passenger,Pass,,,ogd2017
57651,Secunderabad Repalle Passenger,Pass,,,ogd2017
57652,Repalle Secunderabad Passenger,Pass,,,ogd2017
57657,Manuguru Kazipet Passenger,Pass,,,ogd2017
57658,Kazipet Manuguru Passenger,Pass,,,ogd2017
57659,Sholapur Falaknuma Passenger,Pass,,,ogd2017
57660,Falaknuma Gulbarga Passenger,Pass,,,ogd2017
57685,Solapur Bijapur Passenger,Pass,,,ogd2017
57686,Bijapur Solapur Passenger,Pass,,,ogd2017
57687,Nizamabad – Kacheguda Passenger,Pass,,,ogd2017
57688,Kacheguda – Nizamabad Passenger,Pass,,,ogd2017
57689,Nizamabad – Kacheguda Passenger,Pass,,,ogd2017
57690,Kacheguda – Nizamabad Passenger,Pass,,,ogd2017
58001,Howrah Puri Santragachi Passenger,Pass,,,ogd2017
58002,Puri Santargachi Passenger,Pass,,,ogd2017
58003,Howrah Bhadrak Passenger,Pass,,,ogd2017
58004,Bhadrak – Howrah Passenger,Pass,,,ogd2017
58005,Kharagpur Khurda Fast Passenger,Pass,,,ogd2017
58006,Kurdha road Kharagpur passenger,Pass,,,ogd2017
58007,Kharagpur Balasore Bhadrakh Passenger,Pass,,,ogd2017
58008,Jajpur Keonjhar kharagpur,Pass,,,ogd2017
58009,Kharagpur Jajpur Keonjhar Road Passenger,Pass,,,ogd2017
58010,Chakradharpur Adra Passenger,Pass,,,ogd2017
58011,Howrah Chakradharpur Passenger,Pass,,,ogd2017
58012,Chakradharpur Howrah Passenger,Pass,,,ogd2017
58013,Adra – Bokaro Steel City Passenger,Pass,,,ogd2017
58014,Bokaro Steel City-Howrah Fast Passenger,Pass,,,ogd2017
58015,Howrah Adra Memu Passenger,Pass,,,ogd2017
58016,Adra Howrah Passenger,Pass,,,ogd2017
58017,Kharagpur Asansol Passenger,Pass,,,ogd2017
58018,Asansol Adra Kharagpur Passenger,Pass,,,ogd2017
58019,Adra Asansol Passenger,Pass,,,ogd2017
58020,Asansol Adra Passenger,Pass,,,ogd2017
58021,Kharagpur Tatanagar Passenger,Pass,,,ogd2017
58022,Tatanagar Kharagpur Memu Passenger,Pass,,,ogd2017
58023,Tatanagar Barkakana Passenger,Pass,,,ogd2017
58024,Barkakana – Tatanagar Passenger,Pass,,,ogd2017
58025,Kharagpur-Hatia Passenger,Pass,,,ogd2017
58026,Hatia Kharagpur Passenger,Pass,,,ogd2017
58029,Balasore – Bhadrak Passenger,Pass,,,ogd2017
58030,Bhadrak – Balasore Passenger,Pass,,,ogd2017
58031,Chakulia – Tatanagar Passenger,Pass,,,ogd2017
58032,Tatanagar – Chakulia Passenger,Pass,,,ogd2017
58033,Bokaro Steel City – Ranchi Passenger,Pass,,,ogd2017
58034,Ranchi – Bokaro Steel City Passenger,Pass,,,ogd2017
58103,Tatanagar Barabil Passenger,Pass,,,ogd2017
58104,Barabil Tatanagar Passenger,Pass,,,ogd2017
58109,Tatanagar Gua Passenger,Pass,,,ogd2017
58110,Gua Tatanagar Passenger,Pass,,,ogd2017
58111,Tatanagar - Itwari Passenger,Pass,,,ogd2017
58112,Itwari - Tatanagar Passenger,Pass,,,ogd2017
58113,Tata Bsp Pass,Pass,,,ogd2017
58114,Bsp Tata Passenger,Pass,,,ogd2017
58117,Jharsuguda Gondia Passenger,Pass,,,ogd2017
58118,Gondia Jharsuguda Passenger,Pass,,,ogd2017
58131,Rourkela-Puri Passenger,Pass,,,ogd2017
58132,Puri Rourkela Passenger,Pass,,,ogd2017
58133,Rourkela Jharsuguda Passenger,Pass,,,ogd2017
58134,Jhsrsuguda Rourkela Passenger,Pass,,,ogd2017
58135,Jharsuguda Sambalpur Passenger,Pass,,,ogd2017
58136,Sambalpur – Jharsuguda Passenger,Pass,,,ogd2017
58137,Jharsuguda Sambalpur Passenger,Pass,,,ogd2017
58138,Sambalpur – Jharsuguda Passenger,Pass,,,ogd2017
58143,Tatanagar – Hatia Passenger,Pass,,,ogd2017
58151,Birmitrapur Barsuan Passenger,Pass,,,ogd2017
58152,Barsuan Birmitrapur Passenger,Pass,,,ogd2017
58161,Hatia - Jharsuguda Passenger (UnReserved),Pass,,,ogd2017
58162,Jharsuguda - Hatia Passenger (UnReserved),Pass,,,ogd2017
58163,Garbeta – Ranchi Passenger,Pass,,,ogd2017
58164,Ranchi – Garbeta Passenger,Pass,,,ogd2017
58201,Bilaspur Raipur Passenger,Pass,,,ogd2017
58202,Raipur Bilaspur Memu Local,Pass,,,ogd2017
58203,Gevra Raipur Passenger,Pass,,,ogd2017
58204,Raipur Gevra Road Passenger,Pass,,,ogd2017
58205,Raipur Itwari Pass,Pass,,,ogd2017
58206,Itwari Raipur Memu Pass,Pass,,,ogd2017
58207,Raipur Kesinga Passenger,Pass,,,ogd2017
58208,Khariar Raipur Passenger,Pass,,,ogd2017
58209,Gevra Bilaspur Passenger,Pass,,,ogd2017
58210,Bilaspur Gevra Passenger,Pass,,,ogd2017
58212,Bilaspur Gevra Passenger,Pass,,,ogd2017
58213,Jharsuguda Bilaspur Passenger,Pass,,,ogd2017
58214,Bilaspur Jharsuguda Passenger,Pass,,,ogd2017
58217,Titlagarh Raipur Passenger,Pass,,,ogd2017
58218,Raipur Titagarh Passenger,Pass,,,ogd2017
58219,Bilaspur Chirmiri Passenger,Pass,,,ogd2017
58220,Chirmiri Bilaspur Passenger,Pass,,,ogd2017
58221,Chirmiri Chandia Passenger,Pass,,,ogd2017
58222,Chandia Chirmiri Passenger,Pass,,,ogd2017
58223,Manendragarh Ambikapur Passang,Pass,,,ogd2017
58224,Ambikapur Manendragarh Passang,Pass,,,ogd2017
58227,Anuppur – Manendragarh Passenger,Pass,,,ogd2017
58301,Sambalpur – Koraput Passenger,Pass,,,ogd2017
58302,Koraput – Sambalpur Passenger,Pass,,,ogd2017
58303,Lanjigarh Road – Junagarh Road Passenger,Pass,,,ogd2017
58304,Junagarh Road – Lanjigarh Road Passenger,Pass,,,ogd2017
58401,Cuttack Paradip Passenger,Pass,,,ogd2017
58402,Paradip Cuttack Passenger,Pass,,,ogd2017
58403,Khurda Road – Puri Passenger,Pass,,,ogd2017
58404,Puri – Khurda Road Passenger,Pass,,,ogd2017
58405,Cuttack Paradip Passenger,Pass,,,ogd2017
58406,Paradip Cuttack Passenger,Pass,,,ogd2017
58408,Puri Khurda Road Passenger,Pass,,,ogd2017
58409,Khurda Puri Passenger,Pass,,,ogd2017
58410,Puri Khurda Road Passenger,Pass,,,ogd2017
58411,Bhubaneswar – Brahmapur Passenger,Pass,,,ogd2017
58412,Brahmapur – Bhubaneswar Passenger,Pass,,,ogd2017
58413,Dhenkanal Puri Passenger,Pass,,,ogd2017
58414,Puri Talcher Passenger,Pass,,,ogd2017
58415,Puri Cuttack Passenger,Pass,,,ogd2017
58416,Cuttack Puri Passenger,Pass,,,ogd2017
58417,Puri Gunupur Passenger,Pass,,,ogd2017
58418,Parlakhemundi Puri Passenger,Pass,,,ogd2017
58419,Bhubaneswar – Palasa Passenger,Pass,,,ogd2017
58420,Palasa – Bhubaneswar Passenger,Pass,,,ogd2017
58421,Angul Puri Fast Passenger,Pass,,,ogd2017
58422,Puri Angul Fast Passenger,Pass,,,ogd2017
58423,Bhadrak Cuttack Passenger,Pass,,,ogd2017
58424,Cuttack Bhadrakh Passenger,Pass,,,ogd2017
58425,Kendujhargarh-Bhubaneswar Fast Passenger,Pass,,,ogd2017
58426,Bhubaneswar-Kendujhargarh Fast Passenger,Pass,,,ogd2017
58427,Palasa – Gunupur Passenger,Pass,,,ogd2017
58428,Gunupur – Palasa Passenger,Pass,,,ogd2017
58429,Khurda Road – Nayagarh Town Passenger,Pass,,,ogd2017
58430,Nayagarh Town – Khurda Road Passenger,Pass,,,ogd2017
58431,Khurda Road – Nayagarh Town Passenger,Pass,,,ogd2017
58432,Nayagarh Town – Khurda Road Passenger,Pass,,,ogd2017
58433,Cuttack Berhampur Fast Passenger,Pass,,,ogd2017
58434,Berhampur Cuttack Fast Passenger,Pass,,,ogd2017
58435,Bhadrakh Cuttack Fast Passenger,Pass,,,ogd2017
58436,Cuttack Bhadrakh Fast Passenger,Pass,,,ogd2017
58501,Visakhapatnam Kirandul Passenger,Pass,,,ogd2017
58502,Kirandul – Visakhapatnam Passenger,Pass,,,ogd2017
58503,Rayagada – Visakhapatnam Passenger,Pass,,,ogd2017
58504,Visakhapatnam – Rayagada Passenger,Pass,,,ogd2017
58505,Gunupur – Visakhapatnam Passenger,Pass,,,ogd2017
58506,Visakhapatnam – Gunupur Passenger,Pass,,,ogd2017
58525,Palasa Visakhapatnam Passenger,Pass,,,ogd2017
58526,Visakhapatnam – Palasa Passenger,Pass,,,ogd2017
58527,Raipur Vishakhapatnam Passenger,Pass,,,ogd2017
58528,Visakhapatnam Raipur Passenger,Pass,,,ogd2017
58529,Durg Visakhapatnam Passenger,Pass,,,ogd2017
58530,Visakhapatnam Durg Passenger,Pass,,,ogd2017
58531,Palasa – Visakhapatnam Passenger,Pass,,,ogd2017
58532,Visakhapatnam – Palasa Passenger,Pass,,,ogd2017
58533,Cuttack – Palasa Passenger,Pass,,,ogd2017
58534,Palasa – Cuttack Passenger,Pass,,,ogd2017
58535,Cuttack – Paradeep Passenger,Pass,,,ogd2017
58536,Paradeep – Cuttack Passenger,Pass,,,ogd2017
58537,Rayagada Vishakhapatnam Passenger,Pass,,,ogd2017
58538,Visakhapatnam Rayagada Passenger,Pass,,,ogd2017
58601,Kharagpur Adra Passenger,Pass,,,ogd2017
58602,Adra Kharagpur Passenger,Pass,,,ogd2017
58603,Kharagpur-Dhanbad Passenger,Pass,,,ogd2017
58604,Dhanbad Kharagpur Passenger,Pass,,,ogd2017
58621,Adra Barkakana Passenger,Pass,,,ogd2017
58622,Barkakana – Adra Passenger,Pass,,,ogd2017
58651,Ranchi Lohardaga Passenger,Pass,,,ogd2017
58652,Lohardaga Ranchi Passenger,Pass,,,ogd2017
58653,Ranchi - Lohardaga - Barkichampi Passenger,Pass,,,ogd2017
58654,Barkichampi - Lohardaga - Ranchi Passenger,Pass,,,ogd2017
58655,Ranchi Lohardaga Passenger,Pass,,,ogd2017
58656,Lohardaga Ranchi Passenger,Pass,,,ogd2017
58657,Ranchi Lohardaga Passenger,Pass,,,ogd2017
58658,Lohardaga Ranchi Passenger,Pass,,,ogd2017
58659,Hatia – Rourkela Passenger,Pass,,,ogd2017
58660,Rourkela – Hatia Passenger,Pass,,,ogd2017
58661,Tatanagar Hatia Passenger,Pass,,,ogd2017
58662,Hatia Tatanagar Passenger,Pass,,,ogd2017
58701,Shahdol Ambikapur Passenger,Pass,,,ogd2017
58702,Ambikapur Shahdol Passenger,Pass,,,ogd2017
58711,Telibandha Dhamtari Passenger,Pass,,,ogd2017
58712,Dhamtari Telibandha Passenger,Pass,,,ogd2017
58713,Telibandha Dhamtari Passenger,Pass,,,ogd2017
58714,Dhamtari Telibandha Passenger,Pass,,,ogd2017
58715,Telibandha Dhamtari Passenger,Pass,,,ogd2017
58716,Dhamtari Telibandha Passenger,Pass,,,ogd2017
58717,Telibandha Rajim Passenger,Pass,,,ogd2017
58718,Rajim Telibandha Pass,Pass,,,ogd2017
58719,Abhanpur Rajim Pass,Pass,,,ogd2017
58720,Rajim Abhanpur Pass,Pass,,,ogd2017
58721,Abhanpur Rajim Pass,Pass,,,ogd2017
58722,Rajim Abhanpur Pass,Pass,,,ogd2017
58801,Ballarshar Gondia Passenger(Via Nagbhir ),Pass,,,ogd2017
58802,Gondia Nagbhir Ballarshah Passenger,Pass,,,ogd2017
58803,Chanda Fort Gondia Passenger,Pass,,,ogd2017
58804,Gondia Chanda Fort Passenger,Pass,,,ogd2017
58805,Chanda Fort Gondia Passenger,Pass,,,ogd2017
58806,Gondia Wadsa Passenger,Pass,,,ogd2017
58808,Wadsa Chanda Fort Passenger,Pass,,,ogd2017
58809,Ramtek itwari Passenger,Pass,,,ogd2017
58810,Nagpur Ramtek Passenger,Pass,,,ogd2017
58811,Ramtek Nagpur Passenger,Pass,,,ogd2017
58813,Ramtek itwari Passenger,Pass,,,ogd2017
58815,Itwari Tirodi Passenger,Pass,,,ogd2017
58816,Tirodi Itwari Passenger,Pass,,,ogd2017
58843,Nagpur Nagbhir Passenger,Pass,,,ogd2017
58844,Nagbhir Nagpur Passenger,Pass,,,ogd2017
58845,Itwari Nagbahir Passenger,Pass,,,ogd2017
58846,Nagbhir Itwari Passenger,Pass,,,ogd2017
58847,Nagpur Nagbhir Passenger,Pass,,,ogd2017
58848,Nagbhir Nagpur Passenger,Pass,,,ogd2017
58877,Itwari Jn – Nagbhir Passenger,Pass,,,ogd2017
58878,Nagbhir – Itwari Jn Passenger,Pass,,,ogd2017
59013,Bhusaval Passenger,Pass,,,ogd2017
59014,Surat Passenger,Pass,,,ogd2017
59023,Mumbai Valsad Passenger,Pass,Daily,wikipedia,ogd2017
59024,Valsad Mumbai Passenger,Pass,Daily,wikipedia,ogd2017
59037,Virar Surat Passenger,Pass,Daily,wikipedia,ogd2017
59038,Surat Virar Passenger,Pass,Daily,wikipedia,ogd2017
59039,Virar Valsad Shuttle,Pass,Daily,wikipedia,ogd2017
59040,Vapi Virar Shuttle,Pass,Daily,wikipedia,ogd2017
59045,Vapi Passenger,Pass,,,ogd2017
59046,Valsad-Bandra Passenger,Pass,Daily,wikipedia,ogd2017
59048,Surat Virar Passenger,Pass,,,ogd2017
59049,Valsad Viramgam Passenger,Pass,,,ogd2017
59050,Viramgam Valsad Passenger,Pass,,,ogd2017
59075,Bhusaval Passenger,Pass,,,ogd2017
59076,Surat Passenger,Pass,,,ogd2017
59077,Surat-Bhusaval Passenger,Pass,,,ogd2017
59078,Bhusaval-Surat Passenger,Pass,,,ogd2017
59101,Vadodara Kathana Passenger,Pass,,,ogd2017
59102,Kathana Vadodara Passenger,Pass,,,ogd2017
59103,Vadodara Kathana Passenger,Pass,,,ogd2017
59104,Kathana Vadodara Passenger,Pass,,,ogd2017
59117,Pratapnagar Bodeli Passenger,Pass,,,ogd2017
59118,Chhota Udepur Pratapnagar Passenger,Pass,,,ogd2017
59119,Pratapnagar Chhota Udepur Passenger,Pass,,,ogd2017
59120,Chhota Udepur Pratap Nagar Passenger,Pass,,,ogd2017
59121,Pratapnagar Chhota Udepur Passenger,Pass,,,ogd2017
59122,Bodeli Pratapnagar Passenger,Pass,,,ogd2017
59151,Nadiad Modasa Passenger,Pass,,,ogd2017
59152,Modasa Nadiad Passenger,Pass,,,ogd2017
59153,Nadiad – Modasa Passenger,Pass,,,ogd2017
59154,Modasa – Nadiad Passenger,Pass,,,ogd2017
59161,Bharuch Vadtal Swaminarayan Passenger,Pass,,,ogd2017
59162,Vadtal Swaminarayan Bharuch Passenger,Pass,,,ogd2017
59163,Anand Vadtal Passenger,Pass,,,ogd2017
59164,Vadtal Swaminarayan Anand Passenger,Pass,,,ogd2017
59167,Ankleshwar – Rajpipla Passenger,Pass,Daily,wikipedia,ogd2017
59168,Rajpipla – Ankleshwar Passenger,Pass,Daily,wikipedia,ogd2017
59169,Anand – Vadtal Swaminarayan Passenger,Pass,,,ogd2017
59170,Vadtal Swaminarayan – Anand Passenger,Pass,,,ogd2017
59201,Palitana – Bhavnagar Passenger,Pass,,,ogd2017
59202,Bhavnagar – Palitana Passenger,Pass,,,ogd2017
59203,Surendranagar – Bhavnagar Passenger,Pass,,,ogd2017
59204,Bhavnagar – Surendranagar Passenger,Pass,,,ogd2017
59205,Wansjaliya Porbandar Passenger,Pass,,,ogd2017
59206,Porbandar Wansjaliya Passenger,Pass,,,ogd2017
59207,Bhavnagar Okha Passenger,Pass,,,ogd2017
59208,Bhavnagar Passenger,Pass,,,ogd2017
59211,Rajkot Porbandar Fast Passenger,Pass,Daily,wikipedia,ogd2017
59212,Porbandar Rajkot Fast Passenger,Pass,Daily,wikipedia,ogd2017
59213,Bhanvad Porbandar Passenger,Pass,,,ogd2017
59214,Porbandar Bhanvad Passenger,Pass,,,ogd2017
59215,Bhanvad Porbandar Passenger,Pass,,,ogd2017
59216,Porbandar Bhanvad Passenger,Pass,,,ogd2017
59225,Bhavnagar Mahuva Passenger,Pass,,,ogd2017
59226,Mahuva Bhavnagar Passenger,Pass,,,ogd2017
59227,Botad Bhavnagar Passenger,Pass,,,ogd2017
59228,Bhavnagar-Botad Passenger,Pass,,,ogd2017
59229,Botad Jn-Bhavnagar T Passenger,Pass,,,ogd2017
59230,Bhavnagar Botad Passenger,Pass,,,ogd2017
59231,Surendranagar Botad Passenger,Pass,,,ogd2017
59232,Botad Surendranagar Passenger,Pass,,,ogd2017
59233,Surendranagar Bhavnagar Passenger,Pass,,,ogd2017
59234,Bhavnagar Surendranagar Passenger,Pass,,,ogd2017
59235,Dhola Mahuva Passenger,Pass,,,ogd2017
59236,Mahuva Dhola Passenger,Pass,,,ogd2017
59243,Rajula Mahuva Passenger,Pass,,,ogd2017
59244,Mahuva Rajula Passenger,Pass,,,ogd2017
59267,Palitana Bhavnagar Passenger,Pass,,,ogd2017
59268,Bhavnagar Palitana Passenger,Pass,,,ogd2017
59269,Palitana Bhavnagar Passenger,Pass,,,ogd2017
59270,Bhavnagar Palitana Passenger,Pass,,,ogd2017
59271,Surendranagar Bhavnagar Fast Passenger,Pass,,,ogd2017
59272,Bhavnagar Surendranagar Passenger,Pass,,,ogd2017
59295,Palitana Bhavnagar Passenger,Pass,,,ogd2017
59296,Bhavnagar Palitana Passenger,Pass,,,ogd2017
59297,Porbandar Veraval Passenger,Pass,,,ogd2017
59298,Veraval Porbandar Passenger,Pass,,,ogd2017
59306,Ujjain-Indore Passenger,Pass,,,ogd2017
59307,Indore Jaipur link Express,Pass,,,ogd2017
59317,Nagda Ujjain Passenger,Pass,,,ogd2017
59318,Ujjain Nagda Passenger,Pass,,,ogd2017
59319,Ujjain Bhopal Passenger,Pass,,,ogd2017
59320,Bhopal Ujjain Passenger,Pass,,,ogd2017
59341,Nagda Bina Passenger,Pass,,,ogd2017
59342,Bina Nagda Passenger,Pass,,,ogd2017
59345,Ratlam Nagda Passenger,Pass,,,ogd2017
59346,Nagda Ratlam Passenger,Pass,,,ogd2017
59353,Nagda Ujjain Passenger,Pass,,,ogd2017
59354,Ujjain Nagda Passenger,Pass,,,ogd2017
59355,Ratlam Mathura Passenger,Pass,,,ogd2017
59356,Mathura Ratlam Passenger,Pass,,,ogd2017
59357,Bayana Yamunabridge Passenger,Pass,,,ogd2017
59358,Yamuna Bridge Bayana Passenger,Pass,,,ogd2017
59359,Bayana – Mathura Passenger,Pass,,,ogd2017
59360,Mathura – Bayana Passenger,Pass,,,ogd2017
59379,Indore Maksi Passenger,Pass,,,ogd2017
59380,Maksi Indore Bg Passenger,Pass,,,ogd2017
59385,Panchvalley Fast Passenger,Pass,,,ogd2017
59386,Panchvalley Passenger,Pass,,,ogd2017
59387,Nagda Indore Bg Passenger,Pass,,,ogd2017
59388,Indore Bg Nagda Passenger,Pass,,,ogd2017
59393,Dahod Habibganj Fast Pass,Pass,Daily,wikipedia,ogd2017
59394,Habibganj Dahod Fast Pass,Pass,Daily,wikipedia,ogd2017
59395,Amla Chhindwara Passenger,Pass,,,ogd2017
59396,Chhindwara Amla Passenger,Pass,,,ogd2017
59421,Rajkot Veraval Passenger,Pass,,,ogd2017
59422,Somnath Rajkot Passenger,Pass,,,ogd2017
59423,Rajkot Somnath Passenger,Pass,Daily,wikipedia,ogd2017
59424,Veraval Rajkot Passenger,Pass,Daily,wikipedia,ogd2017
59425,Bhuj – Palanpur Passenger,Pass,,,ogd2017
59426,Palanpur – Bhuj Passenger,Pass,,,ogd2017
59439,Ahmadabad Passenger,Pass,,,ogd2017
59440,Ahmedabad Passenger,Pass,,,ogd2017
59441,Mumbai Central-Ahmedabad Passenger,Pass,,,ogd2017
59442,Ahmedabad Mumbai Central Passenger,Pass,,,ogd2017
59473,Adi - Ptn Passenger,Pass,,,ogd2017
59474,Patan - Ahmedabad Passenger,Pass,,,ogd2017
59475,Mahesana Patan Passenger,Pass,,,ogd2017
59476,Patan Mehsana Passenger,Pass,,,ogd2017
59477,Mahesana Patan Passenger,Pass,,,ogd2017
59478,Patan Mehsana Passenger,Pass,,,ogd2017
59481,Haldighati Passenger,Pass,,,ogd2017
59482,Patan Mahesana Passenger,Pass,,,ogd2017
59483,Ahmedabad Patan Pass,Pass,,,ogd2017
59484,Patan Mahesana Dmu,Pass,,,ogd2017
59503,Viramgam Okha Fast Passenger,Pass,,,ogd2017
59504,Okha Viramgam Fast Passenger,Pass,,,ogd2017
59507,Rajkot – Somnath Passenger,Pass,,,ogd2017
59508,Somnath – Rajkot Passenger,Pass,,,ogd2017
59509,Mahesana Viramgam Passenger,Pass,,,ogd2017
59510,Viramgam Mahesana Passenger,Pass,,,ogd2017
59511,Mahesana Viramgam,Pass,,,ogd2017
59512,Viramgam Mahesana,Pass,,,ogd2017
59547,Ahmedabad Okha Passenger,Pass,,,ogd2017
59548,Okha Ahmedabad Passenger,Pass,,,ogd2017
59549,Vadodara – Ahmedabad Passenger,Pass,,,ogd2017
59550,Ahmedabad – Vadodara Passenger,Pass,,,ogd2017
59601,Beawar Ajmer Passenger,Pass,,,ogd2017
59602,Ajmer Beawar Passenger,Pass,,,ogd2017
59603,Ajmer Udaipur Passenger,Pass,,,ogd2017
59604,Udaipur Ajmer Passenger,Pass,,,ogd2017
59605,Chittaurgarh Udaipur Passenger,Pass,,,ogd2017
59606,Udaipur Chittaurgarh Passenger,Pass,,,ogd2017
59607,Ajmer – Pushkar Passenger,Pass,,,ogd2017
59608,Pushkar – Ajmer Passenger,Pass,,,ogd2017
59705,Suratgarh Jaipur Passenger,Pass,,,ogd2017
59706,Jaipur Suratgarh Passenger,Pass,,,ogd2017
59707,Anupgarh - Suratgarh Passenger,Pass,,,ogd2017
59708,Suratgarh - Anupgarh Passenger,Pass,,,ogd2017
59709,APH-SOG Passanger,Pass,,,ogd2017
59710,Suratgarh Anupgarh Passenger,Pass,,,ogd2017
59711,Bhatinda Suratgarh Passenger,Pass,,,ogd2017
59712,Suratgarh Bhatinda Passenger,Pass,,,ogd2017
59713,Phulera Jaipur Passenger,Pass,,,ogd2017
59714,Jaipur Phulera Passenger,Pass,,,ogd2017
59715,Phulera Rewari Passenger,Pass,,,ogd2017
59716,Rewari Phulera Passenger,Pass,,,ogd2017
59717,Phulera Rewari Passenger,Pass,,,ogd2017
59718,Rewari Phulera Passenger,Pass,,,ogd2017
59719,Phulera – Rewari Passenger,Pass,,,ogd2017
59720,Rewari – Phulera Passenger,Pass,,,ogd2017
59721,Jaipur Hisar Passenger,Pass,,,ogd2017
59722,Hisar - Jaipur Fast Passenger,Pass,,,ogd2017
59727,Sikar – Rewari Passenger,Pass,,,ogd2017
59728,Rewari – Sikar Passenger,Pass,,,ogd2017
59729,Sikar – Rewari Passenger,Pass,,,ogd2017
59730,Rewari – Sikar Passenger,Pass,,,ogd2017
59731,Anupgarh – Suratgarh Passenger,Pass,,,ogd2017
59732,Suratgarh – Anupgarh Passenger,Pass,,,ogd2017
59733,Anupgarh – Suratgarh Passenger,Pass,,,ogd2017
59734,Suratgarh – Anupgarh Passenger,Pass,,,ogd2017
59735,Fatehpur Shekhawati – Sikar Passenger,Pass,,,ogd2017
59736,Sikar – Fatehpur Shekhawati Passenger,Pass,,,ogd2017
59803,Nagda Kota Passenger,Pass,,,ogd2017
59804,Kota – Ratlam Passenger,Pass,,,ogd2017
59805,Bayana Jaipur Fast Passenger,Pass,,,ogd2017
59806,Jaipur Bayana Fast Passenger,Pass,,,ogd2017
59811,Haldighati Passenger,Pass,,,ogd2017
59812,Haldighati Passenger,Pass,,,ogd2017
59813,Kota Agra Yamuna Bridge Passenger,Pass,,,ogd2017
59814,Agra Fort Bayana Passenger,Pass,,,ogd2017
59821,Kota - Bhind Passenger,Pass,,,ogd2017
59822,Bhind - Kota Passenger,Pass,,,ogd2017
59823,Gwalior – Bhind Passenger,Pass,,,ogd2017
59824,Bhind – Gwalior Passenger,Pass,,,ogd2017
59825,Gwalior – Bhind Passenger,Pass,,,ogd2017
59826,Bhind – Gwalior Passenger,Pass,,,ogd2017
59827,Bhind – Etawah Passenger,Pass,,,ogd2017
59828,Etawah – Bhind Passenger,Pass,,,ogd2017
59831,Vadodara Kota Passenger,Pass,,,ogd2017
59832,Kota Vadodara Passenger,Pass,,,ogd2017
59833,Kota Nimach Passenger,Pass,,,ogd2017
59834,Nimach Kota Passenger,Pass,,,ogd2017
59835,Nimach Udaipur Passenger,Pass,,,ogd2017
59836,Udaipur Nimach Passenger,Pass,,,ogd2017
59837,Jhalawar City – Kota Passenger,Pass,,,ogd2017
59838,Kota – Jhalawar City Passenger,Pass,,,ogd2017
59839,Jhalawar City – Kota Passenger,Pass,,,ogd2017
59840,Kota – Jhalawar City Passenger,Pass,,,ogd2017
61631,Bhopal – Bina MEMU,MEMU,,,ogd2017
61632,Bina – Bhopal MEMU,MEMU,,,ogd2017
63105,Sealdah – Lalgola MEMU,MEMU,,,ogd2017
63108,Lalgola – Sealdah MEMU,MEMU,,,ogd2017
63141,Sealdah – Rampurhat MEMU,MEMU,,,ogd2017
63142,Rampurhat – Sealdah MEMU,MEMU,,,ogd2017
63151,Jasidih Baidyanathdham Passenger,MEMU,,,ogd2017
63153,Jasidih Baidyanath Pass,Pass,,,ogd2017
63154,Baidyanath Jasidih Pass,Pass,,,ogd2017
63155,Jasidih Baidyanath Pass,Pass,,,ogd2017
63156,Baidyanath Jasidih Pass,Pass,,,ogd2017
63157,Jasidih Baidyanathdham Passenger,MEMU,,,ogd2017
63158,Baidyanathdham – Jasidih MEMU,MEMU,,,ogd2017
63159,Jasidih – Baidyanathdham MEMU,MEMU,,,ogd2017
63160,Baidyanath Jasidih Pass,Pass,,,ogd2017
63161,Jasidih Baidyanath Pass,Pass,,,ogd2017
63162,Baidyanath Jasidih Pass,Pass,,,ogd2017
63163,Jasidih Baidyanath Pass,Pass,,,ogd2017
63164,Baidyanath Jasidih Pass,Pass,,,ogd2017
63165,Jasidih Baidyanath Pass,Pass,,,ogd2017
63166,Baidyanath Jasidih Pass,Pass,,,ogd2017
63167,Jasidih Baidyanath Pass,Pass,,,ogd2017
63168,Baidyanath Jasidih Pass,Pass,,,ogd2017
63169,Jasidih – Baidyanathdham MEMU,MEMU,,,ogd2017
63203,Kiul – Mokameh MEMU,MEMU,,,ogd2017
63204,Mokameh – Kiul MEMU,MEMU,,,ogd2017
63205,Kiul – Patna MEMU,MEMU,,,ogd2017
63206,Patna – Kiul MEMU,MEMU,,,ogd2017
63207,Jhajha Patna Passenger Memu,MEMU,,,ogd2017
63208,Patna Jhajha Passenger Memu,MEMU,,,ogd2017
63209,Jhajha Patna Memu,MEMU,,,ogd2017
63210,Patna - Jhajha Passenger,MEMU,,,ogd2017
63211,Jasidih - Patna Memu,MEMU,,,ogd2017
63212,Patna-Jhajha Passenger Memu,MEMU,,,ogd2017
63213,Patna – Ara MEMU,MEMU,,,ogd2017
63214,Ara – Patna MEMU,MEMU,,,ogd2017
63217,Mokama Danapur Passenger,MEMU,,,ogd2017
63218,Danapur Mokameh passenger,MEMU,,,ogd2017
63219,Danapur Ara Memu,MEMU,,,ogd2017
63220,Ara Danapur Passenger,MEMU,,,ogd2017
63221,Mokameh – Patna MEMU,MEMU,,,ogd2017
63222,Patna – Mokameh MEMU,MEMU,,,ogd2017
63223,Patna Ara Passenger Demu,MEMU,,,ogd2017
63224,Ara Patna Memu,MEMU,,,ogd2017
63225,Patna Buxar Passenger Memu,MEMU,,,ogd2017
63226,Buxar Patna Passenger,MEMU,,,ogd2017
63227,Patna Buxar Passenger Memu,MEMU,,,ogd2017
63228,Baxur Patna Passenger Memu,MEMU,,,ogd2017
63231,Patna Buxar Passenger Dmu,MEMU,,,ogd2017
63232,Buxar Patna Passenger,MEMU,,,ogd2017
63233,Patna – Varanasi MEMU,MEMU,,,ogd2017
63234,Mughal Sarai – Patna MEMU,MEMU,,,ogd2017
63235,Buxar – Mughal Sarai MEMU,MEMU,,,ogd2017
63237,Mughal Sarai – Allahabad MEMU,MEMU,,,ogd2017
63238,Allahabad – Mughal Sarai MEMU,MEMU,,,ogd2017
63240,Mughal Sarai – Buxar MEMU,MEMU,,,ogd2017
63241,Patna Gaya Passenger Memu,MEMU,,,ogd2017
63242,Gaya Patna Passenger Memu,MEMU,,,ogd2017
63243,Patna Gaya Passenger Memu,MEMU,,,ogd2017
63244,Gaya Patna Passenger Memu,MEMU,,,ogd2017
63245,Patna Gaya Passenger Memu,MEMU,,,ogd2017
63246,Gaya Patna Passenger Memu,MEMU,,,ogd2017
63247,Patna Gaya Passenger Memu,MEMU,,,ogd2017
63248,Gaya Patna Passenger Memu,MEMU,,,ogd2017
63249,Patna Gaya Passenger Memu,MEMU,,,ogd2017
63250,Gaya Patna Passenger Memu,MEMU,,,ogd2017
63251,Patna Gaya Passenger Memu,MEMU,,,ogd2017
63252,Gaya Patna Passenger Memu,MEMU,,,ogd2017
63253,Patna Gaya Passenger Memu,MEMU,,,ogd2017
63254,Gaya Patna Passenger Memu,MEMU,,,ogd2017
63255,Patna Gaya Passenger Memu,MEMU,,,ogd2017
63256,Gaya Patna Passenger Memu,MEMU,,,ogd2017
63257,Patna – Gaya MEMU,MEMU,,,ogd2017
63258,Gaya – Patna MEMU,MEMU,,,ogd2017
63259,Patna – Gaya MEMU,MEMU,,,ogd2017
63260,Gaya – Patna MEMU,MEMU,,,ogd2017
63261,Fatuha – Buxar MEMU,MEMU,,,ogd2017
63262,Buxar – Fatuha MEMU,MEMU,,,ogd2017
63263,Patna – Buxar MEMU,MEMU,,,ogd2017
63264,Mughal Sarai – Patna MEMU,MEMU,,,ogd2017
63271,Mokameh – Patna MEMU,MEMU,,,ogd2017
63272,Patna – Mokameh MEMU,MEMU,,,ogd2017
63273,Barauni – Mokameh MEMU,MEMU,,,ogd2017
63274,Mokameh – Barauni MEMU,MEMU,,,ogd2017
63275,Barauni – Mokameh MEMU,MEMU,,,ogd2017
63276,Mokameh – Barauni MEMU,MEMU,,,ogd2017
63279,Barauni – Sonpur MEMU,MEMU,,,ogd2017
63280,Patna – Barauni MEMU,MEMU,,,ogd2017
63283,Barauni – Patna MEMU,MEMU,,,ogd2017
63284,Patna – Barauni MEMU,MEMU,,,ogd2017
63285,Barauni – Patna MEMU,MEMU,,,ogd2017
63286,Sonpur – Barauni MEMU,MEMU,,,ogd2017
63289,Gaya – Dehri on Sone MEMU,MEMU,,,ogd2017
63290,Dehri on Sone – Gaya MEMU,MEMU,,,ogd2017
63291,Gaya – Dehri on Sone MEMU,MEMU,,,ogd2017
63292,Dehri on Sone – Gaya MEMU,MEMU,,,ogd2017
63293,Dehri on Sone – Mughal Sarai MEMU,MEMU,,,ogd2017
63294,Mughal Sarai – Dehri on Sone MEMU,MEMU,,,ogd2017
63295,Gaya – Mughal Sarai MEMU,MEMU,,,ogd2017
63296,Mughal Sarai – Gaya MEMU,MEMU,,,ogd2017
63501,Hwh Bwn Fast,MEMU,,,ogd2017
63502,Bwn Howrah Emu,MEMU,,,ogd2017
63505,Barddhaman Asansol mEMU,MEMU,,,ogd2017
63506,Asansol – Barddhaman MEMU,MEMU,,,ogd2017
63507,Barddhaman – Asansol MEMU,MEMU,,,ogd2017
63508,Asansol – Barddhaman MEMU,MEMU,,,ogd2017
63509,Barddhaman Asansol mEMU,MEMU,,,ogd2017
63510,Asansol – Barddhaman MEMU,MEMU,,,ogd2017
63511,Barddhaman Asansol mEMU,MEMU,,,ogd2017
63512,Asansol – Barddhaman MEMU,MEMU,,,ogd2017
63513,Barddhaman Asansol mEMU,MEMU,,,ogd2017
63514,Asansol – Barddhaman MEMU,MEMU,,,ogd2017
63515,Barddhaman Asansol mEMU,MEMU,,,ogd2017
63516,Asansol – Barddhaman MEMU,MEMU,,,ogd2017
63517,Barddhaman – Asansol MEMU,MEMU,,,ogd2017
63518,Asansol Barddhaman Passenger,MEMU,,,ogd2017
63519,Barddhaman Asansol mEMU,MEMU,,,ogd2017
63520,Asansol – Barddhaman MEMU,MEMU,,,ogd2017
63521,Barddhaman Asansol mEMU,MEMU,,,ogd2017
63522,Asansol – Barddhaman MEMU,MEMU,,,ogd2017
63523,Barddhaman Asansol mEMU,MEMU,,,ogd2017
63524,Asansol – Barddhaman MEMU,MEMU,,,ogd2017
63525,Barddhaman Asansol mEMU,MEMU,,,ogd2017
63526,Asansol – Barddhaman MEMU,MEMU,,,ogd2017
63527,Durgapur – Asansol MEMU,MEMU,,,ogd2017
63528,Asansol – Durgapur MEMU,MEMU,,,ogd2017
63529,Andal – Rampurhat Passenger,Pass,,,ogd2017
63530,Rampurhat – Andal Passenger,Pass,,,ogd2017
63531,Andal – Sainthia MEMU,MEMU,,,ogd2017
63532,Sainthia – Andal MEMU,MEMU,,,ogd2017
63533,Andal – Sainthia MEMU,MEMU,,,ogd2017
63534,Sainthia – Andal MEMU,MEMU,,,ogd2017
63535,Andal – Sainthia Passenger,Pass,,,ogd2017
63536,Sainthia – Andal MEMU,MEMU,,,ogd2017
63537,Andal – Sainthia MEMU,MEMU,,,ogd2017
63538,Sainthia – Andal MEMU,MEMU,,,ogd2017
63541,ASANSOL-GOMOH Passenger (MEMU),MEMU,,,ogd2017
63542,Gomoh-Asansol Memu,MEMU,,,ogd2017
63543,Asansol Gomoh Pass,MEMU,,,ogd2017
63544,Gomoh Asansol Passenger Memu,MEMU,,,ogd2017
63545,Asansol Dhanbad Passenger,MEMU,,,ogd2017
63546,Dhanbad Asansol Passenger Memu,MEMU,,,ogd2017
63547,Dhanbad Hazaribagh Passenger Memu,MEMU,,,ogd2017
63548,Gaya Koderma Passenger Memu,MEMU,,,ogd2017
63549,Hazaribagh Road-Gaya Passenger,MEMU,,,ogd2017
63550,Koderma Dhanbad Passenger Memu,MEMU,,,ogd2017
63551,Asansol Dhanbad Passenger Memu,MEMU,,,ogd2017
63552,Dhanbad Asansol Passenger Memu,MEMU,,,ogd2017
63553,Asansol – Varanasi Passenger,Pass,,,ogd2017
63554,Asansol-Bokaro Steel City Memu Passenger,MEMU,,,ogd2017
63561,asansol jasidih mEMU,MEMU,,,ogd2017
63562,baidyanath dham asansol passenger,MEMU,,,ogd2017
63563,Asansol Jasidh Memu,MEMU,,,ogd2017
63564,jasidih Asansol mEMU,MEMU,,,ogd2017
63565,Jasidih – Jhajha MEMU,MEMU,,,ogd2017
63566,Jhajha Jasidih Passenger,MEMU,,,ogd2017
63567,Asansol Jhajha Passenger,MEMU,,,ogd2017
63568,jhajha asansol memu,MEMU,,,ogd2017
63569,Asansol jasidih mEMU,MEMU,,,ogd2017
63570,Baidyanathdham Asansol Passenger,MEMU,,,ogd2017
63571,Jasidih – Mokameh MEMU,MEMU,,,ogd2017
63572,Kiul Jasidih Passenger Memu,MEMU,,,ogd2017
63573,Jasidih – Kiul MEMU,MEMU,,,ogd2017
63574,Kiul Jhajha Passenger,MEMU,,,ogd2017
63581,Barddhaman – Rampurhat Passenger,Pass,,,ogd2017
63582,Rampurhat – Barddhaman Passenger,Pass,,,ogd2017
63583,Barddhaman – Rampurhat Passenger,Pass,,,ogd2017
63584,Rampurhat – Barddhaman Passenger,Pass,,,ogd2017
63591,Bokaro Steel City-Asansol Memu,MEMU,,,ogd2017
63592,Asansol-Bokaro Steel City Memu,MEMU,,,ogd2017
63593,Purulia Asansol Memu Passenger,MEMU,,,ogd2017
63594,Asansol-Purulia Memu,MEMU,,,ogd2017
63595,Bokaro Steel City-Asansol Memu,MEMU,,,ogd2017
63596,Asansol-Bokaro Steel City Memu,MEMU,,,ogd2017
63597,Ranchi Asansol Memu,MEMU,,,ogd2017
63598,Asansol Ranchi Memu,MEMU,,,ogd2017
64001,Delhi Panipat Emu,MEMU,,,ogd2017
64002,Panipat Delhi Emu,MEMU,,,ogd2017
64003,New Delhi – Sonipat MEMU,MEMU,,,ogd2017
64004,Sonipat – Sahibabad MEMU,MEMU,,,ogd2017
64011,Palwal – Shakurbasti MEMU,MEMU,,,ogd2017
64012,Shakurbasti – Palwal MEMU,MEMU,,,ogd2017
64013,Palwal – Shakurbasti MEMU,MEMU,,,ogd2017
64014,Shakurbasti – Palwal MEMU,MEMU,,,ogd2017
64015,Palwal – Shakurbasti MEMU,MEMU,,,ogd2017
64017,Palwal – Shakurbasti MEMU,MEMU,,,ogd2017
64031,Ghaziabad – Shakurbasti MEMU,MEMU,,,ogd2017
64032,Shakurbasti – Ghaziabad MEMU,MEMU,,,ogd2017
64034,Shakurbasti – Ghaziabad MEMU,MEMU,,,ogd2017
64036,Shakurbasti – Ghaziabad MEMU,MEMU,,,ogd2017
64051,Palwal – Ghaziabad MEMU,MEMU,,,ogd2017
64052,Ghaziabad – Palwal MEMU,MEMU,,,ogd2017
64053,Palwal – Ghaziabad MEMU,MEMU,,,ogd2017
64055,Palwal – Ghaziabad MEMU,MEMU,,,ogd2017
64057,Palwal – Ghaziabad MEMU,MEMU,,,ogd2017
64073,Kosi Kalan – New Delhi MEMU,MEMU,,,ogd2017
64074,New Delhi – Kosi Kalan MEMU,MEMU,,,ogd2017
64075,Palwal – New Delhi MEMU,MEMU,,,ogd2017
64076,New Delhi – Palwal MEMU,MEMU,,,ogd2017
64078,New Delhi – Palwal MEMU,MEMU,,,ogd2017
64080,New Delhi – Palwal MEMU,MEMU,,,ogd2017
64087,Hazrat Nizamuddin – New Delhi MEMU,MEMU,,,ogd2017
64088,Hazrat Nizamuddin – New Delhi MEMU,MEMU,,,ogd2017
64091,Nizamuddin Nizamuddin Parikrama Emu,MEMU,,,ogd2017
64093,Nizamuddin Shakurbasti Parikrama,MEMU,,,ogd2017
64094,Nizamuddin Parikrama,MEMU,,,ogd2017
64095,Shakurbasti New Delhi Parikrama,MEMU,,,ogd2017
64096,Nizamuddin Parikrama Emu,MEMU,,,ogd2017
64097,New Delhi – Shakurbasti MEMU,MEMU,,,ogd2017
64101,Aligarh – Delhi MEMU,MEMU,,,ogd2017
64102,Delhi – Aligarh MEMU,MEMU,,,ogd2017
64103,Aligarh – Delhi MEMU,MEMU,,,ogd2017
64104,Delhi – Dankaur MEMU,MEMU,,,ogd2017
64105,Aligarh – New Delhi MEMU,MEMU,,,ogd2017
64106,Delhi – Khurja Juction MEMU,MEMU,,,ogd2017
64107,Dankaur – Delhi MEMU,MEMU,,,ogd2017
64108,Delhi – Khurja Juction MEMU,MEMU,,,ogd2017
64109,Dankaur – Shakurbasti MEMU,MEMU,,,ogd2017
64110,New Delhi – Aligarh MEMU,MEMU,,,ogd2017
64111,Khurja Juction – Shakurbasti MEMU,MEMU,,,ogd2017
64112,Shakurbasti – Dankaur MEMU,MEMU,,,ogd2017
64113,Khurja Juction – Shakurbasti MEMU,MEMU,,,ogd2017
64114,New Delhi – Aligarh MEMU,MEMU,,,ogd2017
64151,Aligarh – Delhi MEMU,MEMU,,,ogd2017
64152,Delhi – Aligarh MEMU,MEMU,,,ogd2017
64153,Kanpur – Etawah MEMU,MEMU,,,ogd2017
64154,Aligarh – Tundla MEMU,MEMU,,,ogd2017
64155,Etawah – Tundla MEMU,MEMU,,,ogd2017
64156,Etawah – Kanpur MEMU,MEMU,,,ogd2017
64157,Etawah – Agra Cantonment MEMU,MEMU,,,ogd2017
64158,Tundla – Etawah MEMU,MEMU,,,ogd2017
64159,Kanpur – Phaphund MEMU,MEMU,,,ogd2017
64160,Agra Cantonment – Etawah MEMU,MEMU,,,ogd2017
64161,Phaphund – Shikohabad MEMU,MEMU,,,ogd2017
64162,Phaphund – Kanpur MEMU,MEMU,,,ogd2017
64163,Kanpur – Panki MEMU,MEMU,,,ogd2017
64164,Shikohabad – Phaphund MEMU,MEMU,,,ogd2017
64165,Tundla – Aligarh MEMU,MEMU,,,ogd2017
64201,Lucknow Charbagh – Kanpur MEMU,MEMU,,,ogd2017
64202,Kanpur – Lucknow Charbagh MEMU,MEMU,,,ogd2017
64203,Lucknow Charbagh – Kanpur MEMU,MEMU,,,ogd2017
64204,Kanpur – Lucknow Charbagh MEMU,MEMU,,,ogd2017
64205,Lucknow Charbagh – Kanpur MEMU,MEMU,,,ogd2017
64206,Kanpur – Lucknow Charbagh MEMU,MEMU,,,ogd2017
64207,Lucknow Charbagh – Kanpur MEMU,MEMU,,,ogd2017
64208,Kanpur – Lucknow Charbagh MEMU,MEMU,,,ogd2017
64209,Lucknow Charbagh – Kanpur MEMU,MEMU,,,ogd2017
64210,Kanpur – Lucknow Charbagh MEMU,MEMU,,,ogd2017
64211,Lucknow Charbagh – Kanpur MEMU,MEMU,,,ogd2017
64212,Kanpur – Lucknow Charbagh MEMU,MEMU,,,ogd2017
64213,Lucknow Charbagh – Kanpur MEMU,MEMU,,,ogd2017
64214,Kalianpur – Lucknow Charbagh MEMU,MEMU,,,ogd2017
64216,Kalianpur – Lucknow Charbagh MEMU,MEMU,,,ogd2017
64221,Lucknow Charbagh – Shahjahanpur MEMU,MEMU,,,ogd2017
64222,Shahjahanpur – Lucknow Charbagh MEMU,MEMU,,,ogd2017
64231,Barabanki – Lucknow Charbagh MEMU,MEMU,,,ogd2017
64232,Lucknow Charbagh – Barabanki MEMU,MEMU,,,ogd2017
64234,Lucknow Charbagh – Barabanki MEMU,MEMU,,,ogd2017
64235,Barabanki – Kanpur MEMU,MEMU,,,ogd2017
64236,Kanpur – Barabanki MEMU,MEMU,,,ogd2017
64251,Lucknow – Kanpur MEMU,MEMU,,,ogd2017
64252,Kanpur – Lucknow MEMU,MEMU,,,ogd2017
64253,Lucknow – Kalianpur MEMU,MEMU,,,ogd2017
64254,Kanpur – Lucknow MEMU,MEMU,,,ogd2017
64255,Lucknow – Kalianpur MEMU,MEMU,,,ogd2017
64257,Lucknow – Kanpur MEMU,MEMU,,,ogd2017
64260,Panki – Lucknow MEMU,MEMU,,,ogd2017
64271,Barabanki – Lucknow MEMU,MEMU,,,ogd2017
64272,Lucknow – Barabanki MEMU,MEMU,,,ogd2017
64273,Barabanki – Lucknow MEMU,MEMU,,,ogd2017
64274,Lucknow – Barabanki MEMU,MEMU,,,ogd2017
64275,Barabanki – Lucknow MEMU,MEMU,,,ogd2017
64281,Sultanpur – Lucknow Charbagh MEMU,MEMU,,,ogd2017
64282,Lucknow Charbagh – Sultanpur MEMU,MEMU,,,ogd2017
64401,Ghaziabad – Delhi MEMU,MEMU,,,ogd2017
64402,Delhi – Ghaziabad MEMU,MEMU,,,ogd2017
64403,Ghaziabad – Delhi MEMU,MEMU,,,ogd2017
64404,Delhi – Ghaziabad MEMU,MEMU,,,ogd2017
64406,Delhi – Ghaziabad MEMU,MEMU,,,ogd2017
64408,Delhi – Ghaziabad MEMU,MEMU,,,ogd2017
64409,Ghaziabad – New Delhi MEMU,MEMU,,,ogd2017
64410,New Delhi – Ghaziabad MEMU,MEMU,,,ogd2017
64412,Delhi – Ghaziabad MEMU,MEMU,,,ogd2017
64417,Ghaziabad – Delhi MEMU,MEMU,,,ogd2017
64418,Delhi – Ghaziabad MEMU,MEMU,,,ogd2017
64419,Hazrat Nizamuddin – Ghaziabad MEMU,MEMU,,,ogd2017
64420,Ghaziabad – Hazrat Nizamuddin MEMU,MEMU,,,ogd2017
64421,Ghaziabad – New Delhi MEMU,MEMU,,,ogd2017
64422,New Delhi – Ghaziabad MEMU,MEMU,,,ogd2017
64425,Ghaziabad – New Delhi MEMU,MEMU,,,ogd2017
64426,New Delhi – Ghaziabad MEMU,MEMU,,,ogd2017
64427,Ghaziabad – New Delhi MEMU,MEMU,,,ogd2017
64429,Ghaziabad – New Delhi MEMU,MEMU,,,ogd2017
64430,New Delhi – Ghaziabad MEMU,MEMU,,,ogd2017
64434,Delhi – Ghaziabad MEMU,MEMU,,,ogd2017
64437,Ghaziabad – Delhi MEMU,MEMU,,,ogd2017
64439,Ghaziabad – Delhi MEMU,MEMU,,,ogd2017
64441,Ghaziabad – New Delhi MEMU,MEMU,,,ogd2017
64443,Ghaziabad – Delhi MEMU,MEMU,,,ogd2017
64445,Ghaziabad – Delhi MEMU,MEMU,,,ogd2017
64449,Ghaziabad New Delhi Ladies Special,MEMU,,,ogd2017
64450,New Delhi Ghaziabad Ladies Special,MEMU,,,ogd2017
64451,Delhi – Panipat MEMU,MEMU,,,ogd2017
64452,Kurukshetra – Delhi MEMU,MEMU,,,ogd2017
64453,Delhi – Panipat MEMU,MEMU,,,ogd2017
64454,Kurukshetra – Delhi MEMU,MEMU,,,ogd2017
64461,Hazrat Nizamuddin – Kurukshetra MEMU,MEMU,,,ogd2017
64462,Kurukshetra – Hazrat Nizamuddin MEMU,MEMU,,,ogd2017
64463,New Delhi – Kurukshetra MEMU,MEMU,,,ogd2017
64464,Panipat – New Delhi MEMU,MEMU,,,ogd2017
64465,New Delhi – Kurukshetra MEMU,MEMU,,,ogd2017
64466,Panipat – New Delhi MEMU,MEMU,,,ogd2017
64470,Panipat – New Delhi MEMU,MEMU,,,ogd2017
64471,Ghaziabad – Panipat MEMU,MEMU,,,ogd2017
64472,Panipat – Ghaziabad MEMU,MEMU,,,ogd2017
64481,Panipat – Ambala Cantonment MEMU,MEMU,,,ogd2017
64482,Ambala Cantonment – Kurukshetra MEMU,MEMU,,,ogd2017
64483,Kurukshetra – Ambala Cantonment MEMU,MEMU,,,ogd2017
64491,Palwal Ndls Ladies Special,MEMU,,,ogd2017
64492,New Delhi Palwal Ladies Special,MEMU,,,ogd2017
64493,Palwal – Hazrat Nizamuddin MEMU,MEMU,,,ogd2017
64494,Hazrat Nizamuddin – Palwal MEMU,MEMU,,,ogd2017
64501,Saharanpur – Ambala Cantonment Passenger,Pass,,,ogd2017
64502,Ambala Cantonment – Saharanpur Passenger,Pass,,,ogd2017
64504,Ambala Cantonment – Saharanpur Passenger,Pass,,,ogd2017
64511,Saharanpur – Nangal Dam MEMU,MEMU,,,ogd2017
64512,Nangal Dam – Saharanpur MEMU,MEMU,,,ogd2017
64513,Saharanpur – Nangal Dam MEMU,MEMU,,,ogd2017
64514,Nangal Dam – Ambala Cantonment MEMU,MEMU,Daily,wikipedia,ogd2017
64515,Ambala Cantonment – Nangal Dam MEMU,MEMU,Daily,wikipedia,ogd2017
64516,Nangal Dam – Ambala Cantonment MEMU,MEMU,,,ogd2017
64517,Ambala Cantonment – Nangal Dam MEMU,MEMU,,,ogd2017
64518,Nangal Dam – Ambala Cantonment MEMU,MEMU,,,ogd2017
64521,Ambala Cantonment – Ludhiana Passenger,Pass,,,ogd2017
64522,Ludhiana – Ambala Cantonment MEMU,MEMU,,,ogd2017
64523,Ambala Cantonment – Ludhiana MEMU,MEMU,,,ogd2017
64524,Ludhiana – Ambala Cantonment MEMU,MEMU,,,ogd2017
64531,Delhi – Panipat Passenger,Pass,,,ogd2017
64532,Ambala Cantonment – Panipat MEMU,MEMU,,,ogd2017
64533,Delhi – Panipat MEMU,MEMU,,,ogd2017
64534,Panipat – Ghaziabad MEMU,MEMU,,,ogd2017
64536,Panipat – Delhi MEMU,MEMU,,,ogd2017
64541,Panipat – Ambala Cantonment MEMU,MEMU,,,ogd2017
64542,Ambala Cantonment – Panipat Passenger,Pass,,,ogd2017
64543,Panipat – Ambala Cantonment MEMU,MEMU,,,ogd2017
64545,Kurukshetra – Ambala Cantonment MEMU,MEMU,,,ogd2017
64546,Ambala Cantonment – Kurukshetra MEMU,MEMU,,,ogd2017
64547,Kurukshetra – Ambala Cantonment MEMU,MEMU,,,ogd2017
64548,Ambala Cantonment – Kurukshetra MEMU,MEMU,,,ogd2017
64551,Ludhiana – Amritsar MEMU,MEMU,,,ogd2017
64552,Amritsar – Ludhiana MEMU,MEMU,,,ogd2017
64553,Moradabad – Anand Vihar Terminal MEMU,MEMU,,,ogd2017
64554,Anand Vihar Terminal – Moradabad MEMU,MEMU,,,ogd2017
64555,Anand Vihar Terminal – Meerut City MEMU,MEMU,,,ogd2017
64556,Meerut City – Anand Vihar Terminal MEMU,MEMU,,,ogd2017
64557,Delhi – Saharanpur MEMU,MEMU,,,ogd2017
64558,Saharanpur – Delhi MEMU,MEMU,,,ogd2017
64559,Delhi – Saharanpur MEMU,MEMU,,,ogd2017
64560,Saharanpur – Delhi MEMU,MEMU,,,ogd2017
64561,Delhi – Ambala Cantonment MEMU,MEMU,,,ogd2017
64562,Ambala Cantonment – Delhi MEMU,MEMU,,,ogd2017
64563,Ambala Cantonment – Amb Andaura MEMU,MEMU,,,ogd2017
64564,Amb Andaura – Ambala Cantonment MEMU,MEMU,,,ogd2017
64565,Moradabad – Saharanpur MEMU,MEMU,,,ogd2017
64566,Saharanpur – Moradabad MEMU,MEMU,,,ogd2017
64567,Bulandshahr – Tilak Bridge Passenger,Pass,,,ogd2017
64568,Tilak Bridge – Bulandshahr MEMU,MEMU,,,ogd2017
64569,Kosi Kalan – Hazrat Nizamuddin Passenger,Pass,,,ogd2017
64570,Hazrat Nizamuddin – Kosi Kalan Passenger,Pass,,,ogd2017
64581,Hathras Qila – Delhi MEMU,MEMU,,,ogd2017
64582,Delhi – Hathras Qila MEMU,MEMU,,,ogd2017
64583,Tundla – Delhi MEMU,MEMU,,,ogd2017
64584,Delhi – Tundla MEMU,MEMU,,,ogd2017
64585,Hathras Qila – Hathras MEMU,MEMU,,,ogd2017
64586,Hathras – Hathras Qila MEMU,MEMU,,,ogd2017
64587,Kanpur – Tundla MEMU,MEMU,,,ogd2017
64588,Tundla – Kanpur MEMU,MEMU,,,ogd2017
64589,Kanpur – Phaphund MEMU,MEMU,,,ogd2017
64590,Phaphund – Kanpur MEMU,MEMU,,,ogd2017
64591,Allahabad – Kanpur MEMU,MEMU,,,ogd2017
64592,Kanpur – Allahabad MEMU,MEMU,,,ogd2017
64593,Fatehpur – Kanpur MEMU,MEMU,,,ogd2017
64594,Kanpur – Fatehpur MEMU,MEMU,,,ogd2017
64595,Mughal Sarai – Allahabad MEMU,MEMU,,,ogd2017
64596,Allahabad – Mughal Sarai MEMU,MEMU,,,ogd2017
64901,Kosi Kalan – Ghaziabad MEMU,MEMU,,,ogd2017
64902,Ghaziabad – Kosi Kalan MEMU,MEMU,,,ogd2017
64903,Mathura – Ghaziabad MEMU,MEMU,,,ogd2017
64904,Ghaziabad – Mathura MEMU,MEMU,,,ogd2017
64905,Mathura – New Delhi MEMU,MEMU,,,ogd2017
64906,Ghaziabad – Palwal MEMU,MEMU,,,ogd2017
64908,Shakurbasti – Ballabgarh MEMU,MEMU,,,ogd2017
64910,Shakurbasti – Mathura MEMU,MEMU,,,ogd2017
64911,New Delhi – Rohtak MEMU,MEMU,,,ogd2017
64912,Rohtak – New Delhi MEMU,MEMU,,,ogd2017
64913,Delhi – Rohtak MEMU,MEMU,,,ogd2017
64914,Rohtak – Delhi MEMU,MEMU,,,ogd2017
64915,Delhi – Rohtak MEMU,MEMU,,,ogd2017
64916,Rohtak – Delhi MEMU,MEMU,,,ogd2017
64931,Delhi – Rohtak MEMU,MEMU,,,ogd2017
64932,Rohtak – Delhi MEMU,MEMU,,,ogd2017
64951,Bayana – Agra Cantonment MEMU,MEMU,,,ogd2017
64952,Agra Cantonment – Bayana MEMU,MEMU,,,ogd2017
64955,Agra Cantonment – Tundla MEMU,MEMU,,,ogd2017
64956,Tundla – Agra Cantonment MEMU,MEMU,,,ogd2017
64957,Agra Cantonment – Palwal MEMU,MEMU,,,ogd2017
64958,Palwal – Agra Cantonment MEMU,MEMU,,,ogd2017
64959,Kosi Kalan – Agra Cantonment MEMU,MEMU,,,ogd2017
66000,Avadi – Moor Market MEMU,MEMU,,,ogd2017
66002,Avadi – Moor Market MEMU,MEMU,,,ogd2017
66003,Moor Market – Avadi MEMU,MEMU,,,ogd2017
66004,Avadi – Moor Market Passenger,Pass,,,ogd2017
66005,Moor Market – Avadi Passenger,Pass,,,ogd2017
66006,Avadi – Moor Market Passenger,Pass,,,ogd2017
66008,Arakkonam – Moor Market Passenger,Pass,,,ogd2017
66009,Moor Market – Arakkonam Passenger,Pass,,,ogd2017
66010,Arakkonam – Moor Market Passenger,Pass,,,ogd2017
66011,Moor Market – Arakkonam Passenger,Pass,,,ogd2017
66012,Tiruvallur – Moor Market MEMU,MEMU,,,ogd2017
66014,Tirupati – Arakkonam MEMU,MEMU,,,ogd2017
66015,Moor Market – Arakkonam MEMU,MEMU,,,ogd2017
66016,Arakkonam – Chennai Beach Passenger,Pass,,,ogd2017
66017,Chennai Beach – Vellore Cantonment Passenger,Pass,,,ogd2017
66018,Vellore Cantonment – Chennai Beach Passenger,Pass,,,ogd2017
66019,Katpadi – Salem Passenger,Pass,,,ogd2017
66020,Salem – Katpadi Passenger,Pass,,,ogd2017
66021,Moor Market – Arakkonam MEMU,MEMU,,,ogd2017
66022,Arakkonam – Moor Market MEMU,MEMU,,,ogd2017
66025,Moor Market – Sullurupeta Passenger,Pass,,,ogd2017
66026,Sullurupeta – Moor Market Passenger,Pass,,,ogd2017
66027,Moor Market – Sullurupeta Passenger,Pass,,,ogd2017
66028,Sullurupeta – Moor Market MEMU,MEMU,,,ogd2017
66029,Sullurupeta – Nellore Passenger,Pass,,,ogd2017
66030,Nellore – Sullurupeta Passenger,Pass,,,ogd2017
66031,Sullurupeta – Nellore Passenger,Pass,,,ogd2017
66032,Nellore – Sullurupeta Passenger,Pass,,,ogd2017
66033,Tirupati – Nellore MEMU,MEMU,,,ogd2017
66034,Nellore – Tirupati MEMU,MEMU,,,ogd2017
66035,Moor Market – Sullurupeta Passenger,Pass,,,ogd2017
66036,Sullurupeta – Moor Market MEMU,MEMU,,,ogd2017
66037,Sullurupeta – Nellore MEMU,MEMU,,,ogd2017
66038,Nellore – Sullurupeta MEMU,MEMU,,,ogd2017
66039,Arakkonam – Tirupati MEMU,MEMU,,,ogd2017
66040,Arakkonam – Moor Market MEMU,MEMU,,,ogd2017
66041,Chennai Beach – Tirumalpur MEMU,MEMU,,,ogd2017
66043,Chennai Beach – Melmaruvattur MEMU,MEMU,,,ogd2017
66044,Melmaruvattur – Chennai Beach MEMU,MEMU,,,ogd2017
66045,Melmaruvattur – Viluppuram Passenger,Pass,,,ogd2017
66046,Viluppuram – Melmaruvattur Passenger,Pass,,,ogd2017
66047,Moor Market – Tirupati MEMU,MEMU,,,ogd2017
66048,Tirupati – Moor Market MEMU,MEMU,,,ogd2017
66049,Arakkonam – Tirupati MEMU,MEMU,,,ogd2017
66050,Tirupati – Arakkonam MEMU,MEMU,,,ogd2017
66051,Moor Market – Avadi MEMU,MEMU,,,ogd2017
66052,Avadi – Moor Market MEMU,MEMU,,,ogd2017
66300,Kollam – Ernakulam Passenger,Pass,,,ogd2017
66301,Ernakulam – Kollam Passenger,Pass,,,ogd2017
66302,Kollam – Ernakulam Passenger,Pass,,,ogd2017
66303,Ernakulam – Kollam Passenger,Pass,,,ogd2017
66304,Kollam – Kanniyakumari MEMU,MEMU,,,ogd2017
66305,Kanniyakumari – Kollam MEMU,MEMU,,,ogd2017
66307,Ernakulam – Kollam MEMU,MEMU,,,ogd2017
66308,Kollam – Ernakulam MEMU,MEMU,,,ogd2017
66309,Ernakulam – Kollam MEMU,MEMU,,,ogd2017
66310,Kollam – Ernakulam MEMU,MEMU,,,ogd2017
66511,Krantivira Sangolli Rayanna – Marikuppam MEMU,MEMU,,,ogd2017
66512,Marikuppam – Krantivira Sangolli Rayanna MEMU,MEMU,,,ogd2017
66513,Bangarpet – Marikuppam MEMU,MEMU,,,ogd2017
66514,Marikuppam – Baiyyappanahalli MEMU,MEMU,,,ogd2017
66515,Baiyyappanahalli – Marikuppam MEMU,MEMU,,,ogd2017
66516,Marikuppam – Bangarpet MEMU,MEMU,,,ogd2017
66517,Marikuppam – Bangarpet Passenger,Pass,,,ogd2017
66518,Bangarpet – Marikuppam MEMU,MEMU,,,ogd2017
66519,Marikuppam – Krantivira Sangolli Rayanna Passenger,Pass,,,ogd2017
66520,Krantivira Sangolli Rayanna – Marikuppam Passenger,Pass,,,ogd2017
66523,Krantivira Sangolli Rayanna – Hindupur Passenger,Pass,,,ogd2017
66524,Hindupur – Krantivira Sangolli Rayanna Passenger,Pass,,,ogd2017
66527,Kuppam – Bangarpet MEMU,MEMU,,,ogd2017
66528,Bangarpet – Kuppam MEMU,MEMU,,,ogd2017
66529,Kuppam – Krantivira Sangolli Rayanna Passenger,Pass,,,ogd2017
66530,Krantivira Sangolli Rayanna – Bangarpet Passenger,Pass,,,ogd2017
66531,Bangarpet – Krantivira Sangolli Rayanna Passenger,Pass,,,ogd2017
66532,Krantivira Sangolli Rayanna – Marikuppam Passenger,Pass,,,ogd2017
66533,Marikuppam – Baiyyappanahalli MEMU,MEMU,,,ogd2017
66534,Baiyyappanahalli – Kuppam MEMU,MEMU,,,ogd2017
66535,Krantivira Sangolli Rayanna – Ramanagaram MEMU,MEMU,,,ogd2017
66536,Ramanagaram – Krantivira Sangolli Rayanna MEMU,MEMU,,,ogd2017
66537,Krantivira Sangolli Rayanna – Ramanagaram MEMU,MEMU,,,ogd2017
66538,Rmgm,MEMU,,,ogd2017
66539,Krantivira Sangolli Rayanna – Ramanagaram MEMU,MEMU,,,ogd2017
66540,Rmgm,MEMU,,,ogd2017
66541,Whitefield – Krantivira Sangolli Rayanna MEMU,MEMU,,,ogd2017
66542,Krantivira Sangolli Rayanna – Whitefield MEMU,MEMU,,,ogd2017
66543,Kuppam – Krantivira Sangolli Rayanna MEMU,MEMU,,,ogd2017
66544,Krantivira Sangolli Rayanna – Kuppam MEMU,MEMU,,,ogd2017
66600,Coimbatore – Erode Passenger,Pass,,,ogd2017
66601,Erode – Coimbatore Passenger,Pass,,,ogd2017
66602,Coimbatore – Salem Passenger,Pass,,,ogd2017
66603,Salem – Coimbatore Passenger,Pass,,,ogd2017
66604,Shoranur – Coimbatore Passenger,Pass,,,ogd2017
66605,Coimbatore – Shoranur Passenger,Pass,,,ogd2017
66606,Palghat Town – Coimbatore MEMU,MEMU,,,ogd2017
66607,Coimbatore – Palghat Town MEMU,MEMU,,,ogd2017
66608,Palghat Town – Erode MEMU,MEMU,,,ogd2017
66609,Erode – Palghat Town MEMU,MEMU,,,ogd2017
66611,Palakkad – Ernakulam MEMU,MEMU,,,ogd2017
66612,Ernakulam – Palakkad MEMU,MEMU,,,ogd2017
67247,Ravikampadu – Visakhapatnam MEMU,MEMU,,,ogd2017
67248,Tuni – Rajahmundry MEMU,MEMU,,,ogd2017
67249,Tandur – Secunderabad MEMU,MEMU,,,ogd2017
67250,Secunderabad – Tandur MEMU,MEMU,,,ogd2017
67251,Pushpull,MEMU,,,ogd2017
67253,Pushpull,MEMU,,,ogd2017
67254,Pushpull,MEMU,,,ogd2017
67255,Pushpull,MEMU,,,ogd2017
67256,Pushpull,MEMU,,,ogd2017
67257,Pushpull,MEMU,,,ogd2017
67258,Pushpull,MEMU,,,ogd2017
67259,Pushpull,MEMU,,,ogd2017
67260,Pushpull,MEMU,,,ogd2017
67261,Pushpull,MEMU,,,ogd2017
67262,Pushpull,MEMU,,,ogd2017
67263,Pushpull,MEMU,,,ogd2017
67264,Pushpull,MEMU,,,ogd2017
67265,Pushpull,MEMU,,,ogd2017
67266,Pushpull,MEMU,,,ogd2017
67267,Pushpull,MEMU,,,ogd2017
67269,Pushpull,MEMU,,,ogd2017
67270,Pushpull,MEMU,,,ogd2017
67271,Pushpull,MEMU,,,ogd2017
67272,Pushpull,MEMU,,,ogd2017
67273,Pushpull,MEMU,,,ogd2017
67274,Pushpull,MEMU,,,ogd2017
67275,Falaknuma – Bhongir MEMU,MEMU,,,ogd2017
67276,Bhongir – Falaknuma MEMU,MEMU,,,ogd2017
67277,Falaknuma – Jangaon MEMU,MEMU,,,ogd2017
67278,Jangaon – Falaknuma MEMU,MEMU,,,ogd2017
67279,Gudur – Ongole MEMU,MEMU,,,ogd2017
67280,Ongole – Gudur MEMU,MEMU,,,ogd2017
67282,Palasa – Vizianagaram MEMU,MEMU,,,ogd2017
67291,Vizianagaram – Visakhapatnam MEMU,MEMU,,,ogd2017
67292,Visakhapatnam – Vizianagaram MEMU,MEMU,,,ogd2017
67293,Vizianagaram – Visakhapatnam MEMU,MEMU,,,ogd2017
67294,Visakhapatnam – Srikakulam Road MEMU,MEMU,,,ogd2017
67295,Rajahmundry Visakhapatnam Pass,Pass,,,ogd2017
67296,Visakhapatnam Rajahmundry Pass,Pass,,,ogd2017
67297,Bzapass,Pass,,,ogd2017
67298,Vijayawada – Ongole Passenger,Pass,,,ogd2017
67299,Ee Pass,Pass,,,ogd2017
67300,Vijayawada – Rajahmundry Passenger,Pass,,,ogd2017
68001,Santragachi – Jhargram MEMU,MEMU,,,ogd2017
68003,Howrah – Ghatsila MEMU,MEMU,,,ogd2017
68004,Ghatsila – Howrah MEMU,MEMU,,,ogd2017
68005,Kharagpur – Tatanagar MEMU,MEMU,,,ogd2017
68006,Tatanagar – Kharagpur MEMU,MEMU,,,ogd2017
68007,Howrah – Jaleswar MEMU,MEMU,,,ogd2017
68008,Jhargram – Santragachi MEMU,MEMU,,,ogd2017
68009,Tatanagar – Chakradharpur MEMU,MEMU,,,ogd2017
68010,Chakradharpur – Tatanagar MEMU,MEMU,,,ogd2017
68013,Kharagpur – Tatanagar MEMU,MEMU,,,ogd2017
68017,Netaji SC Bose Junction Gomoh – Chakradharpur Passenger,Pass,,,ogd2017
68018,Chakradharpur – Netaji SC Bose Junction Gomoh Passenger,Pass,,,ogd2017
68019,Jhargram – Phulwartanr MEMU,MEMU,,,ogd2017
68020,Phulwartanr – Jhargram MEMU,MEMU,,,ogd2017
68021,Kharagpur – Balasore MEMU,MEMU,,,ogd2017
68022,Balasore – Kharagpur MEMU,MEMU,,,ogd2017
68023,Jhargram – Purulia MEMU,MEMU,,,ogd2017
68024,Purulia – Jhargram MEMU,MEMU,,,ogd2017
68047,Kharagpur – Belda MEMU,MEMU,,,ogd2017
68048,Belda – Kharagpur MEMU,MEMU,,,ogd2017
68059,Barabhum – Asansol MEMU,MEMU,,,ogd2017
68060,Asansol – Barabhum MEMU,MEMU,,,ogd2017
68063,Adra – Asansol MEMU,MEMU,,,ogd2017
68073,Bhojudih – Bhaga Passenger,Pass,,,ogd2017
68074,Khanudih – Bhojudih Passenger,Pass,,,ogd2017
68079,Bhojudih – Chandrapura MEMU,MEMU,,,ogd2017
68080,Chandrapura – Bhojudih MEMU,MEMU,,,ogd2017
68091,Midnapore – Jhargram MEMU,MEMU,,,ogd2017
68092,Jhargram – Midnapore MEMU,MEMU,,,ogd2017
68093,Midnapore – Jhargram MEMU,MEMU,,,ogd2017
68094,Jhargram – Midnapore MEMU,MEMU,,,ogd2017
68098,Adra – Garbeta MEMU,MEMU,,,ogd2017
68643,Kharagpur – Hijli MEMU,MEMU,,,ogd2017
68644,Hijli – Kharagpur MEMU,MEMU,,,ogd2017
68645,Kharagpur – Hijli MEMU,MEMU,,,ogd2017
68646,Hijli – Kharagpur MEMU,MEMU,,,ogd2017
68686,Digha – Panskura MEMU,MEMU,,,ogd2017
68689,Panskura – Digha MEMU,MEMU,,,ogd2017
68701,Raipur – Durg MEMU,MEMU,,,ogd2017
68702,Durg – Raipur MEMU,MEMU,,,ogd2017
68703,Raipur – Durg MEMU,MEMU,,,ogd2017
68704,Durg – Raipur MEMU,MEMU,,,ogd2017
68705,Raipur – Dongargarh MEMU,MEMU,,,ogd2017
68706,Dongargarh – Bilaspur MEMU,MEMU,,,ogd2017
68707,Raipur – Durg MEMU,MEMU,,,ogd2017
68708,Durg – Raipur MEMU,MEMU,,,ogd2017
68709,Raipur – Dongargarh MEMU,MEMU,,,ogd2017
68710,Dongargarh – Raipur MEMU,MEMU,,,ogd2017
68711,Dongargarh – Gondia MEMU,MEMU,,,ogd2017
68712,Gondia – Dongargarh MEMU,MEMU,,,ogd2017
68713,Gondia – Itwari MEMU,MEMU,,,ogd2017
68715,Gondia – Itwari MEMU,MEMU,,,ogd2017
68716,Itwari – Gondia MEMU,MEMU,,,ogd2017
68717,Raipur – Durg MEMU,MEMU,,,ogd2017
68718,Durg – Raipur MEMU,MEMU,,,ogd2017
68719,Bilaspur – Raipur MEMU,MEMU,,,ogd2017
68721,Raipur – Dongargarh MEMU,MEMU,,,ogd2017
68723,Dongargarh – Gondia MEMU,MEMU,,,ogd2017
68725,Raipur – Durg MEMU,MEMU,,,ogd2017
68726,Durg – Raipur MEMU,MEMU,,,ogd2017
68727,Bilaspur – Raipur MEMU,MEMU,,,ogd2017
68728,Raipur – Bilaspur MEMU,MEMU,,,ogd2017
68729,Raipur – Dongargarh MEMU,MEMU,,,ogd2017
68730,Dongargarh – Raipur MEMU,MEMU,,,ogd2017
68731,Gevra Road – Bilaspur MEMU,MEMU,,,ogd2017
68732,Bilaspur – Gevra Road MEMU,MEMU,,,ogd2017
68733,Gevra Road – Bilaspur MEMU,MEMU,,,ogd2017
68734,Bilaspur – Gevra Road MEMU,MEMU,,,ogd2017
68735,Raigarh – Bilaspur MEMU,MEMU,,,ogd2017
68736,Bilaspur – Raigarh MEMU,MEMU,,,ogd2017
68737,Raigarh – Bilaspur MEMU,MEMU,,,ogd2017
68738,Bilaspur – Raigarh MEMU,MEMU,,,ogd2017
68739,Pendra Road – Bilaspur MEMU,MEMU,,,ogd2017
68740,Bilaspur – Pendra Road MEMU,MEMU,,,ogd2017
68741,Durg – Gondia MEMU,MEMU,,,ogd2017
68742,Gondia – Durg MEMU,MEMU,,,ogd2017
68743,Gondia – Itwari MEMU,MEMU,,,ogd2017
68744,Itwari – Gondia MEMU,MEMU,,,ogd2017
68745,Gevra Road – Raipur MEMU,MEMU,,,ogd2017
68746,Raipur – Gevra Road MEMU,MEMU,,,ogd2017
68747,Bilaspur – Katni MEMU,MEMU,,,ogd2017
68748,Katni – Bilaspur MEMU,MEMU,,,ogd2017
68749,Shahdol – Ambikapur MEMU,MEMU,,,ogd2017
68750,Ambikapur – Shahdol MEMU,MEMU,,,ogd2017
69101,Vadodara – Ahmedabad MEMU,MEMU,,,ogd2017
69102,Ahmedabad – Vadodara MEMU,MEMU,,,ogd2017
69104,Anand – Vadodara MEMU,MEMU,,,ogd2017
69105,Anand – Ahmedabad MEMU,MEMU,,,ogd2017
69106,Ahmedabad – Anand MEMU,MEMU,,,ogd2017
69107,Vadodara – Ahmedabad MEMU,MEMU,,,ogd2017
69108,Ahmedabad – Vadodara MEMU,MEMU,,,ogd2017
69109,Surat – Vadodara MEMU,MEMU,Daily,wikipedia,ogd2017
69110,Vadodara – Surat MEMU,MEMU,Daily,wikipedia,ogd2017
69111,Surat – Vadodara MEMU,MEMU,Daily,wikipedia,ogd2017
69112,Vadodara – Surat MEMU,MEMU,Daily,wikipedia,ogd2017
69113,Vadodara – Ahmedabad MEMU,MEMU,,,ogd2017
69114,Ahmedabad – Vadodara MEMU,MEMU,,,ogd2017
69115,Vadodara – Ahmedabad MEMU,MEMU,,,ogd2017
69116,Ahmedabad – Anand MEMU,MEMU,,,ogd2017
69117,Vadodara – Dahod MEMU,MEMU,,,ogd2017
69118,Dahod – Vadodara MEMU,MEMU,,,ogd2017
69119,Vadodara – Dahod MEMU,MEMU,Daily,wikipedia,ogd2017
69120,Dahod – Vadodara MEMU,MEMU,Daily,wikipedia,ogd2017
69121,Vadodara – Godhra MEMU,MEMU,,,ogd2017
69122,Godhra – Vadodara MEMU,MEMU,,,ogd2017
69123,Anand – Godhra MEMU,MEMU,,,ogd2017
69124,Godhra – Anand MEMU,MEMU,,,ogd2017
69125,Anand – Godhra MEMU,MEMU,,,ogd2017
69126,Godhra – Anand MEMU,MEMU,,,ogd2017
69127,Anand – Ahmedabad MEMU,MEMU,,,ogd2017
69128,Ahmedabad – Anand MEMU,MEMU,,,ogd2017
69129,Anand – Ahmedabad MEMU,MEMU,,,ogd2017
69130,Ahmedabad – Anand MEMU,MEMU,,,ogd2017
69131,Ahmedabad – Gandhinagar Capital MEMU,MEMU,Daily,wikipedia,ogd2017
69132,Gandhinagar Capital – Ahmedabad MEMU,MEMU,Daily,wikipedia,ogd2017
69133,Anand – Dakor MEMU,MEMU,,,ogd2017
69134,Dakor – Anand MEMU,MEMU,,,ogd2017
69135,Anand – Dakor MEMU,MEMU,,,ogd2017
69136,Dakor – Anand MEMU,MEMU,,,ogd2017
69137,Vadodara – Anand MEMU,MEMU,,,ogd2017
69138,Anand – Vadodara MEMU,MEMU,,,ogd2017
69139,Bvi St Memu,MEMU,Daily,wikipedia,ogd2017
69140,Surat Vr,MEMU,,,ogd2017
69141,Sanjan – Surat MEMU,MEMU,Daily,wikipedia,ogd2017
69142,Surat – Sanjan MEMU,MEMU,Daily,wikipedia,ogd2017
69143,Virar – Sanjan MEMU,MEMU,,,ogd2017
69144,Sanjan – Virar MEMU,MEMU,,,ogd2017
69145,Anand – Godhra MEMU,MEMU,,,ogd2017
69146,Godhra Annd,MEMU,,,ogd2017
69147,Annd Godhra,MEMU,,,ogd2017
69149,Virar Bh,MEMU,,,ogd2017
69150,Bh Virar,MEMU,,,ogd2017
69151,Valsad – Surat MEMU,MEMU,Daily,wikipedia,ogd2017
69152,Surat – Valsad MEMU,MEMU,Daily,wikipedia,ogd2017
69153,Umbergaon Road – Valsad MEMU,MEMU,Daily,wikipedia,ogd2017
69154,Valsad – Umbergaon Road MEMU,MEMU,Daily,wikipedia,ogd2017
69161,Panvel – Dahanu Road MEMU,MEMU,Daily,wikipedia,ogd2017
69164,Dahanu Road – Panvel MEMU,MEMU,Daily,wikipedia,ogd2017
69165,Panvel – Vasai Road MEMU,MEMU,Daily,wikipedia,ogd2017
69166,Vasai Road – Panvel MEMU,MEMU,Daily,wikipedia,ogd2017
69167,Panvel – Vasai Road MEMU,MEMU,Daily,wikipedia,ogd2017
69168,Vasai Road – Panvel MEMU,MEMU,Daily,wikipedia,ogd2017
69169,Surat – Nandurbar MEMU,MEMU,,,ogd2017
69171,Surat – Bharuch MEMU,MEMU,Daily,wikipedia,ogd2017
69172,Bharuch – Surat MEMU,MEMU,Daily,wikipedia,ogd2017
69173,Vr Drd,MEMU,,,ogd2017
69174,Dahanu Road – Borivali MEMU,MEMU,,,ogd2017
69181,Dahod – Ratlam MEMU,MEMU,,,ogd2017
69182,Ratlam – Dahod MEMU,MEMU,,,ogd2017
69183,Ratlam – Nagda MEMU,MEMU,,,ogd2017
69184,Nagda – Ratlam MEMU,MEMU,,,ogd2017
69185,Nagda – Ujjain MEMU,MEMU,,,ogd2017
69186,Ujjain – Nagda MEMU,MEMU,,,ogd2017
69187,Dahod – Ratlam MEMU,MEMU,Daily,wikipedia,ogd2017
69188,Ratlam – Dahod MEMU,MEMU,Daily,wikipedia,ogd2017
69189,Anand – Dahod MEMU,MEMU,,,ogd2017
69190,Dahod – Anand MEMU,MEMU,,,ogd2017
69191,Anand – Gandhinagar Capital MEMU,MEMU,Daily,wikipedia,ogd2017
69192,Gandhinagar Capital – Anand MEMU,MEMU,Daily,wikipedia,ogd2017
69195,Bharuch – Dahej MEMU,MEMU,,,ogd2017
69196,Dahej – Bharuch MEMU,MEMU,,,ogd2017
70101,Madgaon Karwar Passenger,Pass,,,ogd2017
70102,Karwar – Pernem DEMU,DEMU,,,ogd2017
70103,Pernem – Karwar DEMU,DEMU,,,ogd2017
70104,Karwar – Pernem DEMU,DEMU,,,ogd2017
70105,Madgaon – Mangaluru DEMU,DEMU,,,ogd2017
70106,Mangaluru – Madgaon DEMU,DEMU,,,ogd2017
71081,Vasai Road – Diva DEMU,DEMU,,,ogd2017
71082,Dombivli Ctl – Boisar DEMU,DEMU,,,ogd2017
71083,Vasai Road – Diva DEMU,DEMU,Daily,wikipedia,ogd2017
71084,Diva – Vasai Road DEMU,DEMU,Daily,wikipedia,ogd2017
71085,Vasai Road – Diva DEMU,DEMU,Daily,wikipedia,ogd2017
71086,Diva – Vasai Road DEMU,DEMU,Daily,wikipedia,ogd2017
71088,Boisar – Vasai Road DEMU,DEMU,,,ogd2017
71089,Diva – Roha DEMU,DEMU,,,ogd2017
71092,Roha – Diva DEMU,DEMU,,,ogd2017
71093,Vasai Road – Diva DEMU,DEMU,Daily,wikipedia,ogd2017
71094,Diva – Vasai Road DEMU,DEMU,Daily,wikipedia,ogd2017
71095,Diva – Roha DEMU,DEMU,,,ogd2017
71096,Roha – Diva DEMU,DEMU,,,ogd2017
71401,Daund – Baramati DEMU,DEMU,,,ogd2017
71402,Baramati – Pune DEMU,DEMU,,,ogd2017
71403,Pune – Daund DEMU,DEMU,,,ogd2017
71404,Baramati – Pune DEMU,DEMU,,,ogd2017
71405,Daund – Baramati DEMU,DEMU,,,ogd2017
71407,Pune – Daund DEMU,DEMU,,,ogd2017
71408,Daund – Pune DEMU,DEMU,,,ogd2017
71409,Pune – Daund DEMU,DEMU,,,ogd2017
71410,Daund – Pune DEMU,DEMU,,,ogd2017
71411,Pune – Daund DEMU,DEMU,,,ogd2017
71413,Pune – Solapur DEMU,DEMU,,,ogd2017
71414,Solapur – Pune DEMU,DEMU,,,ogd2017
71415,Pune – Solapur DEMU,DEMU,,,ogd2017
71416,Solapur – Pune DEMU,DEMU,,,ogd2017
71901,Idgah Agra – Bharatpur DEMU,DEMU,,,ogd2017
71902,Bharatpur – Idgah Agra DEMU,DEMU,,,ogd2017
71903,Idgah Agra – Bandikui DEMU,DEMU,,,ogd2017
71904,Bandikui – Idgah Agra DEMU,DEMU,,,ogd2017
71905,Idgah Agra – Bharatpur DEMU,DEMU,,,ogd2017
71906,Bharatpur – Idgah Agra DEMU,DEMU,,,ogd2017
71907,Idgah Agra – Bandikui DEMU,DEMU,,,ogd2017
71908,Bandikui – Idgah Agra DEMU,DEMU,,,ogd2017
71909,Agra Cantonment – Etawah DEMU,DEMU,,,ogd2017
71910,Etawah – Agra Cantonment DEMU,DEMU,,,ogd2017
72171,Railbus,DEMU,,,ogd2017
72172,Vrindavan – Mathura DEMU,DEMU,,,ogd2017
72173,Mathura – Vrindavan DEMU,DEMU,,,ogd2017
72174,Railbus,DEMU,,,ogd2017
72175,Railbus,DEMU,,,ogd2017
72176,Vrindavan – Mathura DEMU,DEMU,,,ogd2017
72177,Mathura – Vrindavan DEMU,DEMU,,,ogd2017
72178,Vrindavan – Mathura DEMU,DEMU,,,ogd2017
72179,Mathura – Vrindavan DEMU,DEMU,,,ogd2017
72180,Vrindavan – Mathura DEMU,DEMU,,,ogd2017
72203,Indara – Dohrighat DEMU,DEMU,,,ogd2017
72204,Dohrighat – Indara DEMU,DEMU,,,ogd2017
72205,Indara – Dohrighat DEMU,DEMU,,,ogd2017
72206,Dohrighat – Indara DEMU,DEMU,,,ogd2017
72207,Indara – Dohrighat DEMU,DEMU,,,ogd2017
72208,Dohrighat – Indara DEMU,DEMU,,,ogd2017
72209,Indara – Dohrighat DEMU,DEMU,,,ogd2017
72210,Dohrighat – Indara DEMU,DEMU,,,ogd2017
72451,Kalka – Shimla DEMU,DEMU,,,ogd2017
72452,Shimla – Kalka DEMU,DEMU,,,ogd2017
73011,Barddhaman – Rampurhat DEMU,DEMU,,,ogd2017
73012,Rampurhat – Barddhaman DEMU,DEMU,,,ogd2017
73021,Azimganj – Rampurhat DEMU,DEMU,,,ogd2017
73022,Rampurhat – Azimganj DEMU,DEMU,,,ogd2017
73031,Katwa – Azimganj DEMU,DEMU,,,ogd2017
73032,Azimganj – Katwa DEMU,DEMU,,,ogd2017
73033,Azimganj – Nalhati Passenger,Pass,,,ogd2017
73034,Nalhati – Azimganj Passenger,Pass,,,ogd2017
73035,Katwa – Nimtita DEMU,DEMU,,,ogd2017
73036,Nimtita – Katwa DEMU,DEMU,,,ogd2017
73037,Azimganj – Nimtita DEMU,DEMU,,,ogd2017
73038,Nimtita – Azimganj DEMU,DEMU,,,ogd2017
73151,Sealdah – Jangipur Road DEMU,DEMU,,,ogd2017
73152,Jangipur Road – Sealdah DEMU,DEMU,,,ogd2017
73211,Patna Ghat – Patna DEMU,DEMU,,,ogd2017
73212,Patna – Patna Ghat DEMU,DEMU,,,ogd2017
73213,Patna Ghat – Digha Ghat DEMU,DEMU,,,ogd2017
73214,Digha Ghat – Patna Ghat DEMU,DEMU,,,ogd2017
73215,Digha Ghat – R Block Halt DEMU,DEMU,,,ogd2017
73216,R Block Halt – Digha Ghat DEMU,DEMU,,,ogd2017
73261,Islampur – Patna DEMU,DEMU,,,ogd2017
73262,Patna – Islampur DEMU,DEMU,,,ogd2017
73263,Islampur – Patna DEMU,DEMU,,,ogd2017
73264,Patna – Islampur DEMU,DEMU,,,ogd2017
73421,Jamalpur – Kiul DEMU,DEMU,,,ogd2017
73422,Kiul – Jamalpur DEMU,DEMU,,,ogd2017
73425,Jamalpur – Kiul DEMU,DEMU,,,ogd2017
73426,Kiul – Jamalpur DEMU,DEMU,,,ogd2017
73427,Jamalpur – Kiul Passenger,Pass,,,ogd2017
73428,Kiul – Jamalpur Passenger,Pass,,,ogd2017
73429,Bhagalpur – Jamalpur DEMU,DEMU,,,ogd2017
73430,Jamalpur – Bhagalpur DEMU,DEMU,,,ogd2017
73451,Tilrath – Jamalpur DEMU,DEMU,,,ogd2017
73452,Jamalpur – Tilrath DEMU,DEMU,,,ogd2017
73453,Tilrath – Jamalpur DEMU,DEMU,,,ogd2017
73454,Jamalpur – Tilrath DEMU,DEMU,,,ogd2017
73461,Khagaria – Jamalpur DEMU,DEMU,,,ogd2017
73462,Jamalpur – Khagaria DEMU,DEMU,,,ogd2017
73463,Kgg Jmp Dem,DEMU,,,ogd2017
73464,Jamalpur – Khagaria DEMU,DEMU,,,ogd2017
73538,Jasidih – Andal DEMU,DEMU,,,ogd2017
73539,Andal – Jasidih DEMU,DEMU,,,ogd2017
73581,Jasidih – Banka DEMU,DEMU,,,ogd2017
73582,Banka – Jasidih DEMU,DEMU,,,ogd2017
73901,Jamalpur – Dhanauri DEMU,DEMU,,,ogd2017
73902,Dhanauri – Jamalpur DEMU,DEMU,,,ogd2017
73903,Jamalpur – Dhanauri DEMU,DEMU,,,ogd2017
73904,Dhanauri – Jamalpur DEMU,DEMU,,,ogd2017
73905,Jamalpur – Dhanauri DEMU,DEMU,,,ogd2017
73911,Sultanganj – Jamalpur DEMU,DEMU,,,ogd2017
73912,Jamalpur – Sultanganj DEMU,DEMU,,,ogd2017
73913,Sultanganj – Jamalpur DEMU,DEMU,,,ogd2017
73914,Jamalpur – Sultanganj DEMU,DEMU,,,ogd2017
73916,Jamalpur – Sultanganj DEMU,DEMU,,,ogd2017
74001,Delhi – Rewari DEMU,DEMU,,,ogd2017
74002,Rewari – Delhi DEMU,DEMU,,,ogd2017
74003,Delhi – Rewari DEMU,DEMU,,,ogd2017
74004,Rewari – Delhi DEMU,DEMU,,,ogd2017
74011,Delhi – Rohtak DEMU,DEMU,,,ogd2017
74012,Rohtak – Delhi DEMU,DEMU,,,ogd2017
74013,Delhi – Kurukshetra DEMU,DEMU,,,ogd2017
74014,Kurukshetra – Delhi DEMU,DEMU,,,ogd2017
74015,Rewari – Jind DEMU,DEMU,,,ogd2017
74016,Jind – Rewari DEMU,DEMU,,,ogd2017
74017,Rewari – Rohtak DEMU,DEMU,,,ogd2017
74018,Rohtak – Rewari DEMU,DEMU,,,ogd2017
74019,Sonipat – Jind DEMU,DEMU,,,ogd2017
74020,Jind – Sonipat DEMU,DEMU,,,ogd2017
74021,Delhi – Saharanpur DEMU,DEMU,,,ogd2017
74022,Shamli – Delhi DEMU,DEMU,,,ogd2017
74023,Delhi – Shamli DEMU,DEMU,,,ogd2017
74024,Saharanpur – Delhi DEMU,DEMU,,,ogd2017
74025,Delhi – Shamli DEMU,DEMU,,,ogd2017
74026,Shamli – Delhi DEMU,DEMU,,,ogd2017
74027,Delhi – Baraut DEMU,DEMU,,,ogd2017
74028,Baraut – Delhi DEMU,DEMU,,,ogd2017
74029,Sonipat – Jind DEMU,DEMU,,,ogd2017
74030,Jind – Sonipat DEMU,DEMU,,,ogd2017
74031,Garhi Harsaru – Farrukhnagar DEMU,DEMU,,,ogd2017
74032,Farrukhnagar – Delhi Sarai Rohilla DEMU,DEMU,,,ogd2017
74033,Delhi Sarai Rohilla – Farrukhnagar DEMU,DEMU,,,ogd2017
74034,Farrukhnagar – Garhi Harsaru DEMU,DEMU,,,ogd2017
74035,Garhi Harsaru – Farrukhnagar DEMU,DEMU,,,ogd2017
74036,Farrukhnagar – Delhi Sarai Rohilla DEMU,DEMU,,,ogd2017
74037,Delhi Sarai Rohilla – Farrukhnagar DEMU,DEMU,,,ogd2017
74038,Farrukhnagar – Garhi Harsaru DEMU,DEMU,,,ogd2017
74201,Partapgarh – Lucknow Charbagh DEMU,DEMU,,,ogd2017
74202,LKO/PBH Dmu,DEMU,,,ogd2017
74301,Sambhal – Moradabad DEMU,DEMU,,,ogd2017
74302,Moradabad – Sambhal DEMU,DEMU,,,ogd2017
74303,Sambhal – Moradabad DEMU,DEMU,,,ogd2017
74304,Moradabad – Sambhal DEMU,DEMU,,,ogd2017
74305,Sambhal – Moradabad DEMU,DEMU,,,ogd2017
74306,Moradabad – Sambhal DEMU,DEMU,,,ogd2017
74601,Beas – Tarn Taran DEMU,DEMU,,,ogd2017
74602,Tarn Taran – Beas DEMU,DEMU,,,ogd2017
74603,Beas – Tarn Taran DEMU,DEMU,,,ogd2017
74604,Tarn Taran – Beas DEMU,DEMU,,,ogd2017
74605,Beas – Tarn Taran DEMU,DEMU,,,ogd2017
74606,Tarn Taran – Beas DEMU,DEMU,,,ogd2017
74607,Beas – Tarn Taran DEMU,DEMU,,,ogd2017
74608,Tarn Taran – Beas DEMU,DEMU,,,ogd2017
74611,Banihal – Badgam station DEMU,DEMU,,,ogd2017
74612,Badgam station – Banihal DEMU,DEMU,,,ogd2017
74613,Badgam station – Baramula DEMU,DEMU,,,ogd2017
74614,Baramula – Banihal DEMU,DEMU,,,ogd2017
74615,Banihal – Baramula DEMU,DEMU,,,ogd2017
74616,Baramula – Badgam station DEMU,DEMU,,,ogd2017
74617,Badgam station – Baramula DEMU,DEMU,,,ogd2017
74618,Baramula – Badgam station DEMU,DEMU,,,ogd2017
74619,Banihal – Baramula DEMU,DEMU,,,ogd2017
74620,Baramula – Banihal DEMU,DEMU,,,ogd2017
74621,Badgam station – Baramula DEMU,DEMU,,,ogd2017
74622,Baramula – Badgam station DEMU,DEMU,,,ogd2017
74623,Badgam station – Baramula DEMU,DEMU,,,ogd2017
74624,Baramula – Badgam station DEMU,DEMU,,,ogd2017
74625,Banihal – Baramula DEMU,DEMU,,,ogd2017
74626,Baramula – Banihal DEMU,DEMU,,,ogd2017
74627,Banihal – Baramula DEMU,DEMU,,,ogd2017
74628,Baramula – Banihal DEMU,DEMU,,,ogd2017
74629,Banihal – Baramula DEMU,DEMU,,,ogd2017
74630,Baramula – Banihal DEMU,DEMU,,,ogd2017
74631,Banihal – Badgam station DEMU,DEMU,,,ogd2017
74632,Badgam station – Banihal DEMU,DEMU,,,ogd2017
74633,Banihal – Badgam station DEMU,DEMU,,,ogd2017
74634,Badgam station – Banihal DEMU,DEMU,,,ogd2017
74635,Banihal – Badgam station DEMU,DEMU,,,ogd2017
74636,Badgam station – Banihal DEMU,DEMU,,,ogd2017
74637,Banihal – Badgam station DEMU,DEMU,,,ogd2017
74638,Badgam station – Banihal DEMU,DEMU,,,ogd2017
74639,Banihal – Badgam station DEMU,DEMU,,,ogd2017
74640,Badgam station – Banihal DEMU,DEMU,,,ogd2017
74641,Jalandhar City – Manawala DEMU,DEMU,,,ogd2017
74642,Amritsar – Jalandhar City DEMU,DEMU,,,ogd2017
74643,Jalandhar City – Amritsar DEMU,DEMU,Daily,wikipedia,ogd2017
74644,Amritsar – Jalandhar City DEMU,DEMU,Daily,wikipedia,ogd2017
74645,Ambala Cantonment – Jalandhar City Passenger,Pass,,,ogd2017
74646,Jalandhar City – Ambala Cantonment Passenger,Pass,,,ogd2017
74647,Ludhiana – Jalandhar City DEMU,DEMU,,,ogd2017
74648,Jalandhar City – Ludhiana DEMU,DEMU,,,ogd2017
74651,Amritsar – Dera Baba Nanak DEMU,DEMU,,,ogd2017
74652,Dera Baba Nanak – Verka DEMU,DEMU,,,ogd2017
74653,Verka – Dera Baba Nanak DEMU,DEMU,,,ogd2017
74654,Dera Baba Nanak – Verka DEMU,DEMU,,,ogd2017
74655,Verka – Dera Baba Nanak DEMU,DEMU,,,ogd2017
74656,Dera Baba Nanak – Verka DEMU,DEMU,,,ogd2017
74657,Verka – Dera Baba Nanak DEMU,DEMU,,,ogd2017
74658,Dera Baba Nanak – Amritsar DEMU,DEMU,,,ogd2017
74661,Amritsar – Attari DEMU,DEMU,,,ogd2017
74662,Attari – Amritsar DEMU,DEMU,,,ogd2017
74663,Amritsar – Attari DEMU,DEMU,,,ogd2017
74664,Attari – Amritsar DEMU,DEMU,,,ogd2017
74671,Amritsar – Pathankot DEMU,DEMU,,,ogd2017
74672,Pathankot – Amritsar DEMU,DEMU,,,ogd2017
74673,Verka – Pathankot DEMU,DEMU,,,ogd2017
74674,Pathankot – Verka DEMU,DEMU,,,ogd2017
74675,Amritsar – Pathankot DEMU,DEMU,,,ogd2017
74676,Pathankot – Amritsar DEMU,DEMU,,,ogd2017
74681,Khem Karan – Amritsar DEMU,DEMU,,,ogd2017
74682,Amritsar – Khem Karan DEMU,DEMU,,,ogd2017
74683,Khem Karan – Bhagtanwala DEMU,DEMU,,,ogd2017
74684,Amritsar – Khem Karan DEMU,DEMU,,,ogd2017
74685,Khem Karan – Bhagtanwala DEMU,DEMU,,,ogd2017
74686,Bhagtanwala – Khem Karan DEMU,DEMU,,,ogd2017
74687,Khem Karan – Amritsar DEMU,DEMU,,,ogd2017
74688,Bhagtanwala – Khem Karan DEMU,DEMU,,,ogd2017
74691,Amritsar – Qadian DEMU,DEMU,,,ogd2017
74692,Qadian – Amritsar DEMU,DEMU,,,ogd2017
74801,Merta City – Merta Road DEMU,DEMU,,,ogd2017
74802,Merta Road – Merta City DEMU,DEMU,,,ogd2017
74803,Merta City – Merta Road DEMU,DEMU,,,ogd2017
74804,Merta Road – Merta City DEMU,DEMU,,,ogd2017
74805,Merta City – Merta Road DEMU,DEMU,,,ogd2017
74806,Merta Road – Merta City DEMU,DEMU,,,ogd2017
74807,Merta City – Merta Road DEMU,DEMU,,,ogd2017
74808,Merta Road – Merta City DEMU,DEMU,,,ogd2017
74809,Merta City – Merta Road DEMU,DEMU,,,ogd2017
74810,Merta Road – Merta City DEMU,DEMU,,,ogd2017
74811,Merta City – Merta Road DEMU,DEMU,,,ogd2017
74812,Merta Road – Merta City DEMU,DEMU,,,ogd2017
74813,Merta City – Merta Road DEMU,DEMU,,,ogd2017
74814,Merta Road – Merta City DEMU,DEMU,,,ogd2017
74815,Merta City – Merta Road DEMU,DEMU,,,ogd2017
74816,Merta Road – Merta City DEMU,DEMU,,,ogd2017
74817,Merta City – Merta Road DEMU,DEMU,,,ogd2017
74818,Merta Road – Merta City DEMU,DEMU,,,ogd2017
74831,Bikaner – Churu Passenger,Pass,,,ogd2017
74832,Churu – Bikaner Passenger,Pass,,,ogd2017
74833,Bikaner – Hisar Passenger,Pass,,,ogd2017
74834,Hisar – Bikaner Passenger,Pass,,,ogd2017
74835,Ju Hsr Pass,Pass,,,ogd2017
74836,Hsr Ju Pass,Pass,,,ogd2017
74837,Jodhpur – Palanpur Passenger,Pass,,,ogd2017
74838,Palanpur – Jodhpur Passenger,Pass,,,ogd2017
74839,Ju Bme Pass,Pass,,,ogd2017
74840,Bme Ju Pass,Pass,,,ogd2017
74841,Jodhpur – Bhildi Passenger,Pass,,,ogd2017
74842,Bhildi – Jodhpur Passenger,Pass,,,ogd2017
74843,Ju Bme Pass,Pass,,,ogd2017
74844,Bme Ju Pass,Pass,,,ogd2017
74845,Re Sdlp Hsr,DEMU,,,ogd2017
74846,Hsr Sdlp Re,DEMU,,,ogd2017
74847,Re Sdlp Hsr,DEMU,,,ogd2017
74848,Hsr Sdlp Re,DEMU,,,ogd2017
74849,Rtgh Srdr,DEMU,,,ogd2017
74850,Srdr Rtgh,DEMU,,,ogd2017
74851,Rtgh Srdr,DEMU,,,ogd2017
74852,Srdr Rtgh,DEMU,,,ogd2017
74853,Rtgh Srdr,DEMU,,,ogd2017
74854,Srdr Rtgh,DEMU,,,ogd2017
74855,Bikaner – Ratangarh DEMU,DEMU,,,ogd2017
74856,Ratangarh – Bikaner DEMU,DEMU,,,ogd2017
74857,Sikar – Churu DEMU,DEMU,,,ogd2017
74858,Churu – Sikar DEMU,DEMU,,,ogd2017
74901,Jalandhar City – Pathankot DEMU,DEMU,,,ogd2017
74902,Pathankot – Jalandhar City DEMU,DEMU,,,ogd2017
74903,Jalandhar City – Pathankot DEMU,DEMU,,,ogd2017
74904,Pathankot – Jalandhar City DEMU,DEMU,,,ogd2017
74906,Udhampur – Jammu Tawi DEMU,DEMU,,,ogd2017
74907,Jammu Tawi – Udhampur DEMU,DEMU,,,ogd2017
74909,Pathankot – Udhampur DEMU,DEMU,,,ogd2017
74910,Udhampur – Pathankot DEMU,DEMU,,,ogd2017
74911,Hoshiarpur – Jalandhar City DEMU,DEMU,,,ogd2017
74912,Jalandhar City – Hoshiarpur DEMU,DEMU,,,ogd2017
74913,Hoshiarpur – Jalandhar City DEMU,DEMU,,,ogd2017
74914,Jalandhar City – Hoshiarpur DEMU,DEMU,,,ogd2017
74915,Hoshiarpur – Jalandhar City DEMU,DEMU,,,ogd2017
74916,Jalandhar City – Hoshiarpur DEMU,DEMU,,,ogd2017
74917,Hoshiarpur – Jalandhar City DEMU,DEMU,,,ogd2017
74918,Jalandhar City – Hoshiarpur DEMU,DEMU,,,ogd2017
74919,Hoshiarpur – Jalandhar City DEMU,DEMU,,,ogd2017
74920,Jalandhar City – Hoshiarpur DEMU,DEMU,,,ogd2017
74923,Hoshiarpur – Amritsar DEMU,DEMU,,,ogd2017
74924,Manawala – Hoshiarpur DEMU,DEMU,,,ogd2017
74931,Jalandhar City – Firozpur Cant DEMU,DEMU,,,ogd2017
74932,Firozpur Cant – Jalandhar City DEMU,DEMU,,,ogd2017
74933,Jalandhar City – Firozpur Cant DEMU,DEMU,,,ogd2017
74934,Firozpur Cant – Jalandhar City DEMU,DEMU,,,ogd2017
74935,Jalandhar City – Firozpur Cant DEMU,DEMU,,,ogd2017
74936,Firozpur Cant – Jalandhar City DEMU,DEMU,,,ogd2017
74937,Jalandhar City – Firozpur Cant DEMU,DEMU,,,ogd2017
74938,Firozpur Cant – Jalandhar City DEMU,DEMU,,,ogd2017
74939,Jalandhar City – Firozpur Cant DEMU,DEMU,,,ogd2017
74940,Firozpur Cant – Jalandhar City DEMU,DEMU,,,ogd2017
74941,Nakodar – Jalandhar City DEMU,DEMU,,,ogd2017
74942,Jalandhar City – Nakodar DEMU,DEMU,,,ogd2017
74943,Nakodar – Jalandhar City DEMU,DEMU,,,ogd2017
74944,Jalandhar City – Nakodar DEMU,DEMU,,,ogd2017
74945,Nakodar – Jalandhar City DEMU,DEMU,,,ogd2017
74946,Jalandhar City – Nakodar DEMU,DEMU,,,ogd2017
74947,Nakodar – Jalandhar City DEMU,DEMU,,,ogd2017
74948,Jalandhar City – Nakodar DEMU,DEMU,,,ogd2017
74951,Jaijon Doaba – Jalandhar City DEMU,DEMU,,,ogd2017
74952,Jalandhar City – Jaijon Doaba DEMU,DEMU,,,ogd2017
74953,Jaijon Doaba – Jalandhar City DEMU,DEMU,,,ogd2017
74954,Jalandhar City – Jaijon Doaba DEMU,DEMU,,,ogd2017
74961,Ludhiana – Firozpur Cant DEMU,DEMU,,,ogd2017
74962,Firozpur Cant – Ludhiana DEMU,DEMU,,,ogd2017
74963,Ludhiana – Firozpur Cant DEMU,DEMU,,,ogd2017
74964,Firozpur Cant – Ludhiana DEMU,DEMU,,,ogd2017
74965,Ludhiana – Lohian Khas DEMU,DEMU,,,ogd2017
74966,Lohian Khas – Ludhiana DEMU,DEMU,,,ogd2017
74967,Ludhiana – Lohian Khas DEMU,DEMU,,,ogd2017
74968,Lohian Khas – Ludhiana DEMU,DEMU,,,ogd2017
74969,Ludhiana – Lohian Khas DEMU,DEMU,,,ogd2017
74970,Lohian Khas – Ludhiana DEMU,DEMU,,,ogd2017
74971,Firozpur Cant – Fazilka DEMU,DEMU,,,ogd2017
74972,Fazilka – Firozpur Cant DEMU,DEMU,,,ogd2017
74973,Firozpur Cant – Fazilka DEMU,DEMU,,,ogd2017
74974,Fazilka – Firozpur Cant DEMU,DEMU,,,ogd2017
74975,Firozpur Cant – Fazilka DEMU,DEMU,,,ogd2017
74976,Fazilka – Firozpur Cant DEMU,DEMU,,,ogd2017
74977,Firozpur Cant – Fazilka DEMU,DEMU,,,ogd2017
74978,Fazilka – Firozpur Cant DEMU,DEMU,,,ogd2017
74981,Kot Kapura – Fazilka DEMU,DEMU,,,ogd2017
74982,Fazilka – Kot Kapura DEMU,DEMU,,,ogd2017
74983,Kot Kapura – Fazilka DEMU,DEMU,,,ogd2017
74984,Fazilka – Kot Kapura DEMU,DEMU,,,ogd2017
74985,Bathinda – Fazilka DEMU,DEMU,,,ogd2017
74986,Fazilka – Bathinda DEMU,DEMU,,,ogd2017
74987,Bathinda – Fazilka DEMU,DEMU,,,ogd2017
74988,Fazilka – Bathinda DEMU,DEMU,,,ogd2017
74991,Ambala Cantonment – Amb Andaura DEMU,DEMU,,,ogd2017
74992,Amb Andaura – Ambala Cantonment DEMU,DEMU,,,ogd2017
74993,Kurukshetra – Ambala Cantonment DEMU,DEMU,,,ogd2017
74994,Ambala Cantonment – Kurukshetra DEMU,DEMU,,,ogd2017
75002,Gonda – Gorakhpur DEMU,DEMU,,,ogd2017
75003,Gorakhpur – Barhni DEMU,DEMU,,,ogd2017
75004,Barhni – Gorakhpur DEMU,DEMU,,,ogd2017
75005,Gorakhpur – Gonda DEMU,DEMU,,,ogd2017
75007,Gorakhpur – Gonda DEMU,DEMU,,,ogd2017
75008,Gonda – Gorakhpur DEMU,DEMU,,,ogd2017
75009,Siwan – Kaptanganj DEMU,DEMU,,,ogd2017
75010,Kaptanganj – Thawe DEMU,DEMU,,,ogd2017
75011,Thawe – Gorakhpur DEMU,DEMU,,,ogd2017
75012,Gorakhpur – Siwan DEMU,DEMU,,,ogd2017
75013,Gorakhpur – Nautanwa DEMU,DEMU,,,ogd2017
75014,Nautanwa – Gorakhpur DEMU,DEMU,,,ogd2017
75015,Gorakhpur – Nautanwa Passenger,Pass,,,ogd2017
75016,Nautanwa – Gorakhpur Passenger,Pass,,,ogd2017
75101,Ballia – Varanasi City DEMU,DEMU,,,ogd2017
75102,Varanasi City – Ballia DEMU,DEMU,,,ogd2017
75103,Phephna – Varanasi City DEMU,DEMU,,,ogd2017
75104,Varanasi City – Phephna DEMU,DEMU,,,ogd2017
75105,Mau – Allahabad City DEMU,DEMU,,,ogd2017
75106,Allahabad City – Mau DEMU,DEMU,,,ogd2017
75107,Manduadih – Allahabad City DEMU,DEMU,,,ogd2017
75109,Mau – Varanasi City DEMU,DEMU,,,ogd2017
75111,Ghazipur City – Varanasi DEMU,DEMU,,,ogd2017
75112,Varanasi – Ghazipur City DEMU,DEMU,,,ogd2017
75113,Bhatni – Varanasi City DEMU,DEMU,,,ogd2017
75114,Varanasi City – Bhatni DEMU,DEMU,,,ogd2017
75115,Ghazipur City – Prayag DEMU,DEMU,,,ogd2017
75116,Prayag – Ghazipur City DEMU,DEMU,,,ogd2017
75201,Sonpur – Chhapra DEMU,DEMU,,,ogd2017
75202,Chhapra – Sonpur DEMU,DEMU,,,ogd2017
75207,Samastipur – Muzaffarpur DEMU,DEMU,,,ogd2017
75208,Muzaffarpur – Samastipur DEMU,DEMU,,,ogd2017
75209,Samastipur – Jaynagar DEMU,DEMU,,,ogd2017
75210,Jaynagar – Samastipur DEMU,DEMU,,,ogd2017
75211,Samastipur – Sonpur DEMU,DEMU,,,ogd2017
75212,Sonpur – Samastipur DEMU,DEMU,,,ogd2017
75213,Raxaul – Sagauli DEMU,DEMU,,,ogd2017
75214,Sagauli – Raxaul DEMU,DEMU,,,ogd2017
75221,Sonpur – Chhapra DEMU,DEMU,,,ogd2017
75222,Chhapra – Sonpur DEMU,DEMU,,,ogd2017
75225,Samastipur – Raxaul DEMU,DEMU,,,ogd2017
75226,Raxaul – Samastipur DEMU,DEMU,,,ogd2017
75227,Samastipur – Raxaul DEMU,DEMU,,,ogd2017
75228,Raxaul – Darbhanga DEMU,DEMU,,,ogd2017
75229,Darbhanga – Raxaul DEMU,DEMU,,,ogd2017
75230,Raxaul – Samastipur DEMU,DEMU,,,ogd2017
75231,Muzaffarpur – Raxaul DEMU,DEMU,,,ogd2017
75232,Raxaul – Muzaffarpur DEMU,DEMU,,,ogd2017
75233,Raxaul – Sitamarhi DEMU,DEMU,,,ogd2017
75234,Sitamarhi – Raxaul DEMU,DEMU,,,ogd2017
75235,Raxaul – Narkatyaganj DEMU,DEMU,,,ogd2017
75236,Narkatyaganj – Raxaul DEMU,DEMU,,,ogd2017
75237,Muzaffarpur – Narkatyaganj DEMU,DEMU,,,ogd2017
75238,Narkatyaganj – Muzaffarpur DEMU,DEMU,,,ogd2017
75253,Samastipur – Darbhanga DEMU,DEMU,,,ogd2017
75254,Darbhanga – Samastipur DEMU,DEMU,,,ogd2017
75255,Darbhanga – Muzaffarpur DEMU,DEMU,,,ogd2017
75256,Muzaffarpur – Darbhanga DEMU,DEMU,,,ogd2017
75271,Ara – Sasaram DEMU,DEMU,Daily,wikipedia,ogd2017
75272,Sasaram – Ara DEMU,DEMU,Daily,wikipedia,ogd2017
75273,Ara – Sasaram DEMU,DEMU,Daily,wikipedia,ogd2017
75274,Sasaram – Ara DEMU,DEMU,Daily,wikipedia,ogd2017
75279,Darbhanga – Biraul DEMU,DEMU,,,ogd2017
75280,Biraul – Darbhanga DEMU,DEMU,,,ogd2017
75707,Radhikapur – Siliguri DEMU,DEMU,,,ogd2017
75708,Siliguri – Radhikapur DEMU,DEMU,,,ogd2017
75713,Siliguri – New Cooch Behar DEMU,DEMU,,,ogd2017
75714,New Cooch Behar – Siliguri DEMU,DEMU,,,ogd2017
75715,Siliguri – Dinhata DEMU,DEMU,,,ogd2017
75716,Dinhata – Siliguri DEMU,DEMU,,,ogd2017
75717,Siliguri – Bamanhat DEMU,DEMU,,,ogd2017
75718,Bamanhat – Siliguri DEMU,DEMU,,,ogd2017
75719,Malda Court – Siliguri DEMU,DEMU,,,ogd2017
75720,Siliguri – Malda Court DEMU,DEMU,,,ogd2017
75721,Siliguri – Haldibari DEMU,DEMU,,,ogd2017
75722,Haldibari – Siliguri DEMU,DEMU,,,ogd2017
75723,New Bongaigaon – Guwahati DEMU,DEMU,,,ogd2017
75724,Guwahati – New Bongaigaon DEMU,DEMU,,,ogd2017
75727,Guwahati – Haibargaon DEMU,DEMU,,,ogd2017
75728,Haibargaon – Guwahati DEMU,DEMU,,,ogd2017
75729,Guwahati – Silghat Town DEMU,DEMU,,,ogd2017
75730,Silghat Town – Guwahati DEMU,DEMU,,,ogd2017
75733,Tejnarayanpur – Katihar DEMU,DEMU,,,ogd2017
75734,Katihar – Tejnarayanpur DEMU,DEMU,,,ogd2017
75735,Tejnarayanpur – Katihar DEMU,DEMU,,,ogd2017
75736,Katihar – Tejnarayanpur DEMU,DEMU,,,ogd2017
75737,Tejnarayanpur – Katihar DEMU,DEMU,,,ogd2017
75738,Katihar – Tejnarayanpur DEMU,DEMU,,,ogd2017
75739,Tejnarayanpur – Katihar DEMU,DEMU,,,ogd2017
75740,Katihar – Tejnarayanpur DEMU,DEMU,,,ogd2017
75741,Siiguri Dhubri Intercity Express,Exp,Daily,tag2026,tag2026
75743,Katihar – Siliguri DEMU,DEMU,,,ogd2017
75744,Siliguri – Katihar DEMU,DEMU,,,ogd2017
75745,Katihar – Jogbani DEMU,DEMU,,,ogd2017
75746,Jogbani – Katihar DEMU,DEMU,,,ogd2017
75747,Katihar – Barsoi DEMU,DEMU,,,ogd2017
75748,Barsoi – Katihar DEMU,DEMU,,,ogd2017
75749,Katihar – Telta DEMU,DEMU,,,ogd2017
75750,Telta – Katihar DEMU,DEMU,,,ogd2017
75901,Tinsukia – Ledo DEMU,DEMU,,,ogd2017
75902,Ledo – Dibrugarh Town DEMU,DEMU,,,ogd2017
75903,Dibrugarh Town – Ledo DEMU,DEMU,,,ogd2017
75904,Ledo – Tinsukia DEMU,DEMU,,,ogd2017
75905,Tinsukia – Dibrugarh Town DEMU,DEMU,,,ogd2017
75906,Dibrugarh Town – Ledo DEMU,DEMU,,,ogd2017
75907,Ledo – Dibrugarh Town DEMU,DEMU,,,ogd2017
75908,Dibrugarh Town – Tinsukia DEMU,DEMU,,,ogd2017
75911,Tinsukia – Dangari DEMU,DEMU,,,ogd2017
75912,Dangari – Tinsukia DEMU,DEMU,,,ogd2017
76501,Bangarpet – Kolar DEMU,DEMU,,,ogd2017
76502,Kolar – Bangarpet DEMU,DEMU,,,ogd2017
76503,Bangarpet – Kolar DEMU,DEMU,,,ogd2017
76504,Kolar – Bangarpet DEMU,DEMU,,,ogd2017
76505,Bangalore Cantonment – Kolar Passenger,Pass,,,ogd2017
76506,Kolar – Bangalore Cantonment Passenger,Pass,,,ogd2017
76507,Bangalore Cantonment – Bangarpet DEMU,DEMU,,,ogd2017
76508,Bangarpet – Krantivira Sangolli Rayanna DEMU,DEMU,,,ogd2017
76523,Yesvantpur – Hosur DEMU,DEMU,,,ogd2017
76524,Hosur – Yesvantpur DEMU,DEMU,,,ogd2017
76525,Channapatna – Kolar DEMU,DEMU,,,ogd2017
76526,Kolar – Channapatna DEMU,DEMU,,,ogd2017
76551,Krantivira Sangolli Rayanna – Kolar Passenger,Pass,,,ogd2017
76552,Kolar – Krantivira Sangolli Rayanna Passenger,Pass,,,ogd2017
76553,Krantivira Sangolli Rayanna – Dharmapuri Passenger,Pass,,,ogd2017
76554,Dharmapuri – Krantivira Sangolli Rayanna Passenger,Pass,,,ogd2017
76800,Tiruchchirappalli – Lalgudi DEMU,DEMU,,,ogd2017
76803,Lalgudi – Tiruchchirappalli DEMU,DEMU,,,ogd2017
76804,Tiruchchirappalli – Lalgudi DEMU,DEMU,,,ogd2017
76805,Mannargudi – Tiruchchirappalli Passenger,Pass,,,ogd2017
76806,Tiruchchirappalli – Mannargudi Passenger,Pass,,,ogd2017
76807,Tiruchchirappalli – Manamadurai Passenger,Pass,,,ogd2017
76808,Manamadurai – Tiruchchirappalli Passenger,Pass,,,ogd2017
76812,Thanjavur – Karaikal DEMU,DEMU,,,ogd2017
76813,Karaikal – Velankanni DEMU,DEMU,,,ogd2017
76814,Velankanni – Nagappattinam DEMU,DEMU,,,ogd2017
76815,Karaikal – Thanjavur Passenger,Pass,,,ogd2017
76817,Nagappattinam – Velankanni DEMU,DEMU,,,ogd2017
76818,Velankanni – Karaikal DEMU,DEMU,,,ogd2017
76820,Tiruchchirappalli – Thanjavur DEMU,DEMU,,,ogd2017
76821,Thanjavur – Tiruchchirappalli DEMU,DEMU,,,ogd2017
76822,Tiruchchirappalli – Thanjavur DEMU,DEMU,,,ogd2017
76823,Thanjavur – Tiruchchirappalli DEMU,DEMU,,,ogd2017
76824,Tpj Tj Demu,DEMU,,,ogd2017
76825,Mayiladuthurai – Thanjavur DEMU,DEMU,,,ogd2017
76826,Thanjavur – Mayiladuthurai Passenger,Pass,,,ogd2017
76827,Thanjavur – Tiruchchirappalli DEMU,DEMU,,,ogd2017
76828,Tiruchchirappalli – Thanjavur DEMU,DEMU,,,ogd2017
76829,Thanjavur – Tiruchchirappalli DEMU,DEMU,,,ogd2017
76830,Karaikkudi – Tiruchchirappalli DEMU,DEMU,,,ogd2017
76831,Tiruchchirappalli – Karaikkudi DEMU,DEMU,,,ogd2017
76833,Tiruchchirappalli – Karur Passenger,Pass,,,ogd2017
76834,Karur – Tiruchchirappalli Passenger,Pass,,,ogd2017
76835,Tpj Krr Dmu,DEMU,,,ogd2017
76836,Karur – Tiruchchirappalli Passenger,Pass,,,ogd2017
76837,Karaikkudi – Virudhunagar DEMU,DEMU,,,ogd2017
76838,Virudhunagar – Karaikkudi DEMU,DEMU,,,ogd2017
76839,Tiruchchirappalli – Karaikkudi DEMU,DEMU,,,ogd2017
76840,Karaikkudi – Tiruchchirappalli DEMU,DEMU,,,ogd2017
76841,Cuddalore Port – Tiruchchirappalli DEMU,DEMU,,,ogd2017
76842,Tiruchchirappalli – Cuddalore Port DEMU,DEMU,,,ogd2017
76845,Vriddhachalam – Tiruchchirappalli Passenger,Pass,,,ogd2017
76846,Tiruchchirappalli – Vriddhachalam Passenger,Pass,,,ogd2017
76847,Vriddhachalam – Salem Passenger,Pass,,,ogd2017
76848,Salem – Vriddhachalam Passenger,Pass,,,ogd2017
76849,Vriddhachalam – Salem Passenger,Pass,,,ogd2017
76850,Salem – Vriddhachalam Passenger,Pass,,,ogd2017
76851,Karaikal – Tiruchchirappalli DEMU,DEMU,,,ogd2017
76852,Tiruchchirappalli – Karaikal Passenger,Pass,,,ogd2017
76853,Nagore – Tiruchchirappalli Passenger,Pass,,,ogd2017
76854,Tiruchchirappalli – Nagore Passenger,Pass,,,ogd2017
77201,Pass,Pass,,,ogd2017
77202,Pass,Pass,,,ogd2017
77203,Pass,Pass,,,ogd2017
77204,Pass,Pass,,,ogd2017
77205,Pass,Pass,,,ogd2017
77206,Pass,Pass,,,ogd2017
77207,Pass,Pass,,,ogd2017
77208,Pass,Pass,,,ogd2017
77209,Pass,Pass,,,ogd2017
77211,Pass,Pass,,,ogd2017
77212,Pass,Pass,,,ogd2017
77213,Pass,Pass,,,ogd2017
77214,Pass,Pass,,,ogd2017
77215,Pass,Pass,,,ogd2017
77216,Pass,Pass,,,ogd2017
77218,Pass,Pass,,,ogd2017
77219,Pass,Pass,,,ogd2017
77220,Pass,Pass,,,ogd2017
77221,Pass,Pass,,,ogd2017
77222,Pass,Pass,,,ogd2017
77223,Pass,Pass,,,ogd2017
77224,Pass,Pass,,,ogd2017
77225,Pass,Pass,,,ogd2017
77226,Pass,Pass,,,ogd2017
77227,Pass,Pass,,,ogd2017
77228,Pass,Pass,,,ogd2017
77229,Pass,Pass,,,ogd2017
77230,Pass,Pass,,,ogd2017
77231,Pass,Pass,,,ogd2017
77232,Pass,Pass,,,ogd2017
77233,Pass,Pass,,,ogd2017
77234,Pass,Pass,,,ogd2017
77235,Pass,Pass,,,ogd2017
77237,Pass,Pass,,,ogd2017
77238,Pass,Pass,,,ogd2017
77239,Pass,Pass,,,ogd2017
77240,Pass,Pass,,,ogd2017
77241,Pass,Pass,,,ogd2017
77242,Pass,Pass,,,ogd2017
77243,Pass,Pass,,,ogd2017
77244,Pass,Pass,,,ogd2017
77245,Tel Pass,Pass,,,ogd2017
77246,Ral Pass,Pass,,,ogd2017
77247,Pass,Pass,,,ogd2017
77248,Ral Pass,Pass,,,ogd2017
77249,Markapur Road – Guntur Passenger,Pass,,,ogd2017
77250,Pass,Pass,,,ogd2017
77251,Pass,Pass,,,ogd2017
77252,Pass,Pass,,,ogd2017
77253,Pass,Pass,,,ogd2017
77254,Pass,Pass,,,ogd2017
77255,Pass,Pass,,,ogd2017
77256,Pass,Pass,,,ogd2017
77257,Pass,Pass,,,ogd2017
77258,Pass,Pass,,,ogd2017
77259,Nizamabad – Karimnagar DEMU,DEMU,,,ogd2017
77260,Karimnagar – Nizamabad DEMU,DEMU,,,ogd2017
77261,Vijayawada – Machilipatnam Passenger,Pass,,,ogd2017
77262,Pass,Pass,,,ogd2017
77263,Pass Dmu,DEMU,,,ogd2017
77264,Ns Pass,Pass,,,ogd2017
77265,Ndd Pass,Pass,,,ogd2017
77266,Bvrm Pass,Pass,,,ogd2017
77267,Gdv Pass,Pass,,,ogd2017
77268,Pass,Pass,,,ogd2017
77269,Pass,Pass,,,ogd2017
77270,Pass,Pass,,,ogd2017
77271,Rail Car,DEMU,,,ogd2017
77272,Rail Car 2,DEMU,,,ogd2017
77273,Lingampet Jagityal – Karimnagar DEMU,DEMU,,,ogd2017
77274,Karimnagar – Lingampet Jagityal DEMU,DEMU,,,ogd2017
77281,Vijayawada – Tenali DEMU,DEMU,,,ogd2017
77282,Tenali – Guntur DEMU,DEMU,,,ogd2017
77283,Guntur – Vijayawada DEMU,DEMU,,,ogd2017
77284,Vijayawada – Guntur DEMU,DEMU,,,ogd2017
77285,Guntur – Tenali DEMU,DEMU,,,ogd2017
77286,Tenali – Vijayawada DEMU,DEMU,,,ogd2017
77287,Vijayawada – Tenali DEMU,DEMU,,,ogd2017
77288,Tenali – Guntur DEMU,DEMU,,,ogd2017
77289,Guntur – Vijayawada DEMU,DEMU,,,ogd2017
77290,Pass,Pass,,,ogd2017
77291,Bza Pass,Pass,,,ogd2017
77292,Vijayawada – Bhadrachalam Road DEMU,DEMU,,,ogd2017
77293,Rjy Pass,Pass,,,ogd2017
77294,Ns Pass,Pass,,,ogd2017
77295,Gnt Pass,Pass,,,ogd2017
77297,Mcla Pass,Pass,,,ogd2017
77298,Bvrm Pass,Pass,,,ogd2017
77401,Nandyal – Kadapa DEMU,DEMU,,,ogd2017
77402,Kadapa – Nandyal DEMU,DEMU,,,ogd2017
77403,Nandyal – Kadapa DEMU,DEMU,,,ogd2017
77404,Kadapa – Nandyal DEMU,DEMU,,,ogd2017
77405,Kadapa – Pendlimarri DEMU,DEMU,,,ogd2017
77406,Pendlimarri – Kadapa DEMU,DEMU,,,ogd2017
77414,Krnt Pass,Pass,,,ogd2017
77415,Gtl Pass,Pass,,,ogd2017
77416,Bay Pass,Pass,,,ogd2017
77417,Gtl Pass,Pass,,,ogd2017
77418,Hup Pass,Pass,,,ogd2017
77419,Hindupur – Guntakal Passenger,Pass,,,ogd2017
77601,Secunderabad – Medchal DEMU,DEMU,,,ogd2017
77602,Medchal – Falaknuma DEMU,DEMU,,,ogd2017
77603,Secunderabad – Manoharabad DEMU,DEMU,,,ogd2017
77604,Bolarum – Falaknuma DEMU,DEMU,,,ogd2017
77605,Falaknuma – Bolarum DEMU,DEMU,,,ogd2017
77606,Manoharabad – Secunderabad DEMU,DEMU,,,ogd2017
77607,Secunderabad – Medchal DEMU,DEMU,,,ogd2017
77608,Medchal – Secunderabad DEMU,DEMU,,,ogd2017
77609,Falaknuma – Manoharabad DEMU,DEMU,,,ogd2017
77610,Manoharabad – Secunderabad DEMU,DEMU,,,ogd2017
77611,Secunderabad – Bolarum DEMU,DEMU,,,ogd2017
77612,Bolarum – Secunderabad DEMU,DEMU,,,ogd2017
77613,Secunderabad – Manoharabad DEMU,DEMU,,,ogd2017
77614,Manoharabad – Secunderabad DEMU,DEMU,,,ogd2017
77615,Secunderabad – Medchal DEMU,DEMU,,,ogd2017
77616,Medchal – Secunderabad DEMU,DEMU,,,ogd2017
77617,Secunderabad – Manoharabad DEMU,DEMU,,,ogd2017
77618,Manoharabad – Secunderabad DEMU,DEMU,,,ogd2017
77619,Secunderabad – Medchal DEMU,DEMU,,,ogd2017
77622,Mahbubnagar – Jaklair DEMU,DEMU,,,ogd2017
77623,Jaklair – Mahbubnagar DEMU,DEMU,,,ogd2017
77630,Secunderabad – Umdanagar DEMU,DEMU,,,ogd2017
77631,Falaknuma – Umdanagar DEMU,DEMU,,,ogd2017
77632,Falaknuma – Umdanagar DEMU,DEMU,,,ogd2017
77633,Falaknuma – Umdanagar DEMU,DEMU,,,ogd2017
77634,Falaknuma – Umdanagar DEMU,DEMU,,,ogd2017
77635,Falaknuma – Umdanagar DEMU,DEMU,,,ogd2017
77638,Falaknuma – Umdanagar DEMU,DEMU,,,ogd2017
77640,Umdanagar – Falaknuma DEMU,DEMU,,,ogd2017
77641,Umdanagar – Falaknuma DEMU,DEMU,,,ogd2017
77642,Umdanagar – Falaknuma DEMU,DEMU,,,ogd2017
77643,Umdanagar – Falaknuma DEMU,DEMU,,,ogd2017
77645,Umdanagar – Secunderabad DEMU,DEMU,,,ogd2017
77647,Umdanagar – Falaknuma DEMU,DEMU,,,ogd2017
77649,Umdanagar – Secunderabad DEMU,DEMU,,,ogd2017
77651,Bidar – Gulbarga DEMU,DEMU,,,ogd2017
77652,Gulbarga – Bidar DEMU,DEMU,,,ogd2017
77653,Bidar – Humanabad DEMU,DEMU,,,ogd2017
77654,Humanabad – Bidar DEMU,DEMU,,,ogd2017
77655,Bidar – Gulbarga DEMU,DEMU,,,ogd2017
77656,Gulbarga – Bidar DEMU,DEMU,,,ogd2017
77657,Jalna – Sainagar Shirdi DEMU,DEMU,,,ogd2017
77658,Sainagar Shirdi – Jalna DEMU,DEMU,,,ogd2017
77671,Kacheguda – Mahbubnagar DEMU,DEMU,,,ogd2017
77672,Mahbubnagar – Kacheguda DEMU,DEMU,,,ogd2017
77673,Miryalaguda – Kacheguda DEMU,DEMU,,,ogd2017
77674,Kacheguda – Miryalaguda DEMU,DEMU,,,ogd2017
77675,Kacheguda – Miryalaguda DEMU,DEMU,,,ogd2017
77676,Miryalaguda – Piduguralla DEMU,DEMU,,,ogd2017
77677,Piduguralla – Miryalaguda DEMU,DEMU,,,ogd2017
77678,Miryalaguda – Kacheguda DEMU,DEMU,,,ogd2017
77679,Falaknuma – Medchal DEMU,DEMU,,,ogd2017
77680,Medchal – Falaknuma DEMU,DEMU,,,ogd2017
77681,Falaknuma – Medchal DEMU,DEMU,,,ogd2017
77682,Medchal – Falaknuma DEMU,DEMU,,,ogd2017
77683,Jalna – Nagarsol DEMU,DEMU,,,ogd2017
77684,Nagarsol – Jalna DEMU,DEMU,,,ogd2017
77689,Gadwal – Raichur DEMU,DEMU,,,ogd2017
77690,Raichur – Gadwal DEMU,DEMU,,,ogd2017
77691,Jalna – Nagarsol DEMU,DEMU,,,ogd2017
77693,Kacheguda – Raichur Passenger,Pass,,,ogd2017
77694,Raichur – Kacheguda DEMU,DEMU,,,ogd2017
77695,Nandyal – Kurnool City DEMU,DEMU,,,ogd2017
77696,Kurnool City – Nandyal DEMU,DEMU,,,ogd2017
78009,Rupsa – Bhanjpur DEMU,DEMU,,,ogd2017
78010,Bhanjpur – Rupsa DEMU,DEMU,,,ogd2017
78011,Rupsa – Bhanjpur DEMU,DEMU,,,ogd2017
78012,Bhanjpur – Balasore DEMU,DEMU,,,ogd2017
78013,Balasore – Baripada DEMU,DEMU,,,ogd2017
78014,Bangriposi – Baripada DEMU,DEMU,,,ogd2017
78015,Baripada – Bangriposi Passenger,Pass,,,ogd2017
78016,Baripada – Balasore DEMU,DEMU,,,ogd2017
78017,Balasore – Baripada DEMU,DEMU,,,ogd2017
78018,Bangriposi – Baripada DEMU,DEMU,,,ogd2017
78020,Baripada – Rupsa DEMU,DEMU,,,ogd2017
78031,Tatanagar – Badampahar DEMU,DEMU,,,ogd2017
78032,Badampahar – Tatanagar DEMU,DEMU,,,ogd2017
78033,Tatanagar – Gua DEMU,DEMU,,,ogd2017
78034,Gua – Tatanagar DEMU,DEMU,,,ogd2017
78051,Gram Masagra – Bankura DEMU,DEMU,,,ogd2017
78052,Bankura – Gram Masagra DEMU,DEMU,,,ogd2017
78053,Gram Masagra – Bankura DEMU,DEMU,,,ogd2017
78054,Bankura – Gram Masagra DEMU,DEMU,,,ogd2017
78055,Gram Masagra – Bankura DEMU,DEMU,,,ogd2017
78056,Bankura – Gram Masagra DEMU,DEMU,,,ogd2017
78057,Sonamukhi – Bankura DEMU,DEMU,,,ogd2017
78058,Bankura – Sonamukhi DEMU,DEMU,,,ogd2017
78059,Gram Masagra – Bankura DEMU,DEMU,,,ogd2017
78060,Bankura – Gram Masagra DEMU,DEMU,,,ogd2017
78061,Gram Masagra – Bankura DEMU,DEMU,,,ogd2017
78101,Chakradharpur – Rourkela DEMU,DEMU,,,ogd2017
78102,Rourkela – Chakradharpur DEMU,DEMU,,,ogd2017
78103,Rourkela – Sambalpur DEMU,DEMU,,,ogd2017
78104,Sambalpur – Rourkela Passenger,Pass,,,ogd2017
78502,Bhubaneswar – Cuttack DEMU,DEMU,,,ogd2017
78503,Bhubaneswar – Brahmapur Passenger,Pass,,,ogd2017
78504,Brahmapur – Bhubaneswar Passenger,Pass,,,ogd2017
78505,Brahmapur – Palasa Passenger,Pass,,,ogd2017
78511,Bobbili – Salur DEMU,DEMU,,,ogd2017
78512,Salur – Bobbili DEMU,DEMU,,,ogd2017
78513,Bobbili – Salur DEMU,DEMU,,,ogd2017
78514,Salur – Bobbili DEMU,DEMU,,,ogd2017
78515,Bobbili – Salur DEMU,DEMU,,,ogd2017
78516,Salur – Bobbili DEMU,DEMU,,,ogd2017
78517,Bobbili – Salur DEMU,DEMU,,,ogd2017
78518,Salur – Bobbili DEMU,DEMU,,,ogd2017
78519,Bobbili – Salur DEMU,DEMU,,,ogd2017
78520,Salur – Bobbili DEMU,DEMU,,,ogd2017
78531,Vizianagaram – Visakhapatnam DEMU,DEMU,,,ogd2017
78534,Vizianagaram – Palasa Passenger,Pass,,,ogd2017
78801,Gondia – Katangi DEMU,DEMU,,,ogd2017
78802,Katangi – Gondia DEMU,DEMU,,,ogd2017
78803,Gondia – Katangi DEMU,DEMU,,,ogd2017
78804,Katangi – Gondia DEMU,DEMU,,,ogd2017
78805,Gondia – Katangi DEMU,DEMU,,,ogd2017
78806,Katangi – Gondia DEMU,DEMU,,,ogd2017
78807,Gondia – Waraseoni DEMU,DEMU,,,ogd2017
78808,Waraseoni – Gondia DEMU,DEMU,,,ogd2017
78809,Gondia – Katangi DEMU,DEMU,,,ogd2017
78810,Katangi – Gondia DEMU,DEMU,,,ogd2017
78811,Tumsar Road – Tirodi DEMU,DEMU,,,ogd2017
78812,Tirodi – Tumsar Road DEMU,DEMU,,,ogd2017
78813,Tumsar Road – Tirodi DEMU,DEMU,,,ogd2017
78814,Tirodi – Tumsar Road DEMU,DEMU,,,ogd2017
78815,Raipur – Gudum DEMU,DEMU,,,ogd2017
78816,Dalli Rajhara – Raipur DEMU,DEMU,,,ogd2017
78817,Durg – Dalli Rajhara DEMU,DEMU,,,ogd2017
78818,Gudum – Durg DEMU,DEMU,,,ogd2017
78819,Balharshah – Gondia DEMU,DEMU,,,ogd2017
78820,Gondia – Balharshah DEMU,DEMU,,,ogd2017
78821,Gondia – Katangi DEMU,DEMU,,,ogd2017
78822,Katangi – Gondia DEMU,DEMU,,,ogd2017
78824,Durg – Dalli Rajhara DEMU,DEMU,,,ogd2017
78825,Dalli Rajhara – Durg DEMU,DEMU,,,ogd2017
78826,Dalli Rajhara – Durg DEMU,DEMU,,,ogd2017
78827,Durg – Dalli Rajhara DEMU,DEMU,,,ogd2017
79301,Ratlam – Bhilwara DEMU,DEMU,,,ogd2017
79302,Bhilwara – Ratlam DEMU,DEMU,,,ogd2017
79303,Ratlam – Chittaurgarh DEMU,DEMU,,,ogd2017
79304,Chittaurgarh – Ratlam DEMU,DEMU,,,ogd2017
79305,Dr. Ambedkar Nagar – Ratlam DEMU,DEMU,,,ogd2017
79306,Ratlam – Dr. Ambedkar Nagar DEMU,DEMU,,,ogd2017
79307,Dr. Ambedkar Nagar – Indore DEMU,DEMU,,,ogd2017
79308,Indore – Dr. Ambedkar Nagar DEMU,DEMU,,,ogd2017
79309,Dr. Ambedkar Nagar – Ratlam DEMU,DEMU,,,ogd2017
79310,Ratlam – Dr. Ambedkar Nagar DEMU,DEMU,,,ogd2017
79311,Dr. Ambedkar Nagar – Indore DEMU,DEMU,,,ogd2017
79312,Indore – Dr. Ambedkar Nagar DEMU,DEMU,,,ogd2017
79313,Dr. Ambedkar Nagar – Ratlam DEMU,DEMU,,,ogd2017
79314,Ratlam – Dr. Ambedkar Nagar DEMU,DEMU,,,ogd2017
79315,Dr. Ambedkar Nagar – Indore DEMU,DEMU,,,ogd2017
79316,Indore – Dr. Ambedkar Nagar DEMU,DEMU,,,ogd2017
79317,Dr. Ambedkar Nagar – Ratlam DEMU,DEMU,,,ogd2017
79318,Ratlam – Dr. Ambedkar Nagar DEMU,DEMU,,,ogd2017
79319,Indore – Dr. Ambedkar Nagar DEMU,DEMU,,,ogd2017
79320,Dr. Ambedkar Nagar – Indore DEMU,DEMU,,,ogd2017
79321,Indore – Dr. Ambedkar Nagar DEMU,DEMU,,,ogd2017
79322,Dr. Ambedkar Nagar – Indore DEMU,DEMU,,,ogd2017
79323,Indore – Dr. Ambedkar Nagar DEMU,DEMU,,,ogd2017
79324,Dr. Ambedkar Nagar – Indore DEMU,DEMU,,,ogd2017
79325,Indore – Dr. Ambedkar Nagar DEMU,DEMU,,,ogd2017
79326,Dr. Ambedkar Nagar – Indore DEMU,DEMU,,,ogd2017
79413,Anand – Khambhat DEMU,DEMU,,,ogd2017
79414,Khambhat – Anand DEMU,DEMU,,,ogd2017
79415,Anand – Khambhat DEMU,DEMU,,,ogd2017
79416,Khambhat – Anand DEMU,DEMU,,,ogd2017
79417,Anand – Khambhat DEMU,DEMU,,,ogd2017
79418,Khambhat – Anand DEMU,DEMU,,,ogd2017
79419,Anand – Khambhat DEMU,DEMU,,,ogd2017
79420,Khambhat – Anand DEMU,DEMU,,,ogd2017
79421,Anand – Khambhat DEMU,DEMU,,,ogd2017
79422,Khambhat – Anand DEMU,DEMU,,,ogd2017
79423,Anand – Khambhat DEMU,DEMU,,,ogd2017
79424,Khambhat – Anand DEMU,DEMU,,,ogd2017
79425,Anand – Khambhat DEMU,DEMU,,,ogd2017
79426,Khambhat – Anand DEMU,DEMU,,,ogd2017
79427,Anand – Khambhat DEMU,DEMU,,,ogd2017
79428,Khambhat – Anand DEMU,DEMU,,,ogd2017
79429,Anand – Ahmedabad DEMU,DEMU,,,ogd2017
79430,Ahmedabad – Anand DEMU,DEMU,,,ogd2017
79431,Ahmedabad – Mahesana DEMU,DEMU,Daily,wikipedia,ogd2017
79432,Mahesana – Ahmedabad DEMU,DEMU,Daily,wikipedia,ogd2017
79433,Ahmedabad – Patan DEMU,DEMU,Daily,wikipedia,ogd2017
79434,Patan – Ahmedabad DEMU,DEMU,Daily,wikipedia,ogd2017
79435,Ahmedabad – Patan DEMU,DEMU,Daily,wikipedia,ogd2017
79436,Patan – Ahmedabad DEMU,DEMU,Daily,wikipedia,ogd2017
79437,Mahesana – Abu Road DEMU,DEMU,Daily,wikipedia,ogd2017
79438,Abu Road – Mahesana DEMU,DEMU,,,ogd2017
79441,Wankaner – Morbi DEMU,DEMU,,,ogd2017
79442,Morbi – Wankaner DEMU,DEMU,,,ogd2017
79443,Wankaner – Morbi DEMU,DEMU,,,ogd2017
79444,Morbi – Wankaner DEMU,DEMU,,,ogd2017
79445,Wankaner – Rajkot DEMU,DEMU,,,ogd2017
79446,Morbi – Wankaner DEMU,DEMU,,,ogd2017
79447,Wankaner – Morbi DEMU,DEMU,,,ogd2017
79448,Morbi – Wankaner DEMU,DEMU,,,ogd2017
79449,Morbi – Maliya Miyana DEMU,DEMU,,,ogd2017
79450,Maliya Miyana – Morbi DEMU,DEMU,,,ogd2017
79451,Wankaner – Morbi DEMU,DEMU,,,ogd2017
79452,Morbi – Wankaner DEMU,DEMU,,,ogd2017
79453,Wankaner – Morbi DEMU,DEMU,,,ogd2017
79454,Rajkot – Wankaner DEMU,DEMU,,,ogd2017
79455,Vadodara – Chhota Udaipur DEMU,DEMU,,,ogd2017
79456,Chhota Udaipur – Vadodara DEMU,DEMU,,,ogd2017
79457,Surendranagar – Dhrangadhra DEMU,DEMU,,,ogd2017
79458,Dhrangadhra – Surendranagar DEMU,DEMU,,,ogd2017
79459,Surendranagar – Dhrangadhra DEMU,DEMU,,,ogd2017
79460,Dhrangadhra – Surendranagar DEMU,DEMU,,,ogd2017
79481,Rb 79481,DEMU,,,ogd2017
79482,Rb 79482,DEMU,,,ogd2017
79483,Rb 79483,DEMU,,,ogd2017
79484,Rb 79484,DEMU,,,ogd2017
79485,Rb 79485,DEMU,,,ogd2017
79486,Rb 79486,DEMU,,,ogd2017
79487,Rb 79487,DEMU,,,ogd2017
79488,Rb 79488,DEMU,,,ogd2017
79489,Rb 79489,DEMU,,,ogd2017
79490,Rb 79490,DEMU,,,ogd2017
82355,Patna – Mumbai CSMT Express,Exp,,,ogd2017
82601,Chennai Egmore – Tirunelveli Express,Exp,,,ogd2017
82606,Tirunelveli – Chennai Egmore Express,Exp,,,ogd2017
82631,Chennai – Ernakulam Express,Exp,,,ogd2017
82635,Chennai – Kollam Express,Exp,,,ogd2017
82651,Yesvantpur – Shri Mata Vaishno Devi Katra Express,Exp,,,ogd2017
82652,Shri Mata Vaishno Devi Katra – Yesvantpur Express,Exp,,,ogd2017
82653,Yesvantpur – Jaipur Express,Exp,,,ogd2017
82654,Jaipur – Yesvantpur Express,Exp,,,ogd2017
82665,Yesvantpur – Vasco Da Gama Express,Exp,,,ogd2017
82666,Vasco Da Gama – Yesvantpur Express,Exp,,,ogd2017
82901,Mumbai Central Ahmedabad Tejas Express,Exp,"Mon,Tue,Wed,Fri,Sat,Sun",tag2026,tag2026
82902,Ahmedabad Mumbai Central Tejas Express,Exp,"Mon,Tue,Wed,Fri,Sat,Sun",tag2026,tag2026
94801,Ahmed abad-Bhuj Namo Bharat,Exp,"Mon,Tue,Wed,Thu,Fri,Sun",tag2026,tag2026
94802,Namo Bharat Rapid Rail,Exp,"Mon,Tue,Wed,Thu,Fri,Sat",tag2026,tag2026
94803,Patna Bharat Rapid Rail,Exp,,,tag2026
94804,Patna nagar Bharat Rapid,Exp,,,tag2026
